id,bank_reference,utr,amount_paise,transaction_date,narration,matched_settlement_id
30000000-0000-4000-8000-000000000000,BANKREF-Z7BH25LLO3,406280627444,681679,2026-08-01,NEFT CR-ORD-2026-000000,20000000-0000-4000-8000-000000000000
30000000-0000-4000-8000-000000000001,BANKREF-FV2BC2NNUV,693755362174,318209,2026-07-13,NEFT CR-ORD-2026-000001,20000000-0000-4000-8000-000000000001
30000000-0000-4000-8000-000000000002,BANKREF-MUQ9E5COZR,445130451855,207778,2026-07-13,NEFT CR-ORD-2026-000002,20000000-0000-4000-8000-000000000002
30000000-0000-4000-8000-000000000002D,BANKREF-P6BEFFLZM7D,882651355191,207778,2026-07-14,NEFT CR-ORD-2026-000002,20000000-0000-4000-8000-000000000002
30000000-0000-4000-8000-000000000003,BANKREF-1SDIEQFB85,499897119484,1172168,2026-06-08,NEFT CR-ORD-2026-000003,20000000-0000-4000-8000-000000000003
30000000-0000-4000-8000-000000000004,BANKREF-UNFVOBBZ2S,181933685554,827987,2026-08-21,NEFT CR-ORD-2026-000004,20000000-0000-4000-8000-000000000004
30000000-0000-4000-8000-000000000005,BANKREF-50CEHLXSLG,933776661252,779070,2026-06-21,NEFT CR-ORD-2026-000005,20000000-0000-4000-8000-000000000005
30000000-0000-4000-8000-000000000006,BANKREF-WBOZD1AT7O,984193690557,1147075,2026-07-24,NEFT CR-ORD-2026-000006,20000000-0000-4000-8000-000000000006
30000000-0000-4000-8000-000000000007,BANKREF-3SDYGFLIJI,793706601345,683718,2026-08-28,NEFT CR-ORD-2026-000007,20000000-0000-4000-8000-000000000007
30000000-0000-4000-8000-000000000008,BANKREF-YZR6QCEOUU,630202047508,1123641,2026-06-02,NEFT CR-ORD-2026-000008,20000000-0000-4000-8000-000000000008
30000000-0000-4000-8000-000000000009,BANKREF-G51BXW76IC,546820457719,478631,2026-07-03,NEFT CR-ORD-2026-000009,20000000-0000-4000-8000-000000000009
30000000-0000-4000-8000-000000000010,BANKREF-U8UEIHX74D,712668177548,529502,2026-08-02,NEFT CR-ORD-2026-000010,20000000-0000-4000-8000-000000000010
30000000-0000-4000-8000-000000000012,BANKREF-G698S4C3BA,160124069960,764912,2026-06-28,NEFT CR-ORD-2026-000012,20000000-0000-4000-8000-000000000012
30000000-0000-4000-8000-000000000013,BANKREF-CAGRP2U4DT,028840098509,677426,2026-06-25,NEFT CR-ORD-2026-000013,20000000-0000-4000-8000-000000000013
30000000-0000-4000-8000-000000000014,BANKREF-PYXDW2ZCFZ,673103321145,350821,2026-07-23,NEFT CR-ORD-2026-000014,20000000-0000-4000-8000-000000000014
30000000-0000-4000-8000-000000000015,BANKREF-LW2LM349EL,923992645238,61416,2026-07-11,NEFT CR-ORD-2026-000015,20000000-0000-4000-8000-000000000015
30000000-0000-4000-8000-000000000016,BANKREF-DIXFWUXX8L,710275623466,199093,2026-07-12,NEFT CR-ORD-2026-000016,20000000-0000-4000-8000-000000000016
30000000-0000-4000-8000-000000000017,BANKREF-GXO05QPAHK,775753116493,58682,2026-08-12,NEFT CR-ORD-2026-000017,20000000-0000-4000-8000-000000000017
30000000-0000-4000-8000-000000000018,BANKREF-RHNUXORZPG,572022757455,647353,2026-07-13,NEFT CR-ORD-2026-000018,20000000-0000-4000-8000-000000000018
30000000-0000-4000-8000-000000000019,BANKREF-LZKJ49YD82,998182787645,1336399,2026-07-28,NEFT CR-ORD-2026-000019,20000000-0000-4000-8000-000000000019
30000000-0000-4000-8000-000000000020,BANKREF-BW4A7FQ9P9,983880306606,682015,2026-07-28,NEFT CR-ORD-2026-000020,20000000-0000-4000-8000-000000000020
30000000-0000-4000-8000-000000000021,BANKREF-7WPH6FE0MP,726267290882,701768,2026-06-03,NEFT CR-ORD-2026-000021,20000000-0000-4000-8000-000000000021
30000000-0000-4000-8000-000000000022,BANKREF-ZCTWJLSH3T,368606780044,321138,2026-06-16,NEFT CR-ORD-2026-000022,20000000-0000-4000-8000-000000000022
30000000-0000-4000-8000-000000000023,BANKREF-ISB5IQNF74,597434720359,514172,2026-06-15,NEFT CR-ORD-2026-000023,20000000-0000-4000-8000-000000000023
30000000-0000-4000-8000-000000000024,BANKREF-DTIRC9ZD76,573900180549,1306130,2026-08-10,NEFT CR-ORD-2026-000024,20000000-0000-4000-8000-000000000024
30000000-0000-4000-8000-000000000025,BANKREF-YJ9BOQ0IQ2,108918366528,436939,2026-08-01,NEFT CR-ORD-2026-000025,20000000-0000-4000-8000-000000000025
30000000-0000-4000-8000-000000000026,BANKREF-W2292MTR6S,313287095799,335686,2026-08-29,NEFT CR-ORD-2026-000026,20000000-0000-4000-8000-000000000026
30000000-0000-4000-8000-000000000027,BANKREF-SA7HEZ74LA,597889393131,1070232,2026-08-19,NEFT CR-ORD-2026-000027,20000000-0000-4000-8000-000000000027
30000000-0000-4000-8000-000000000028,BANKREF-3Y0MAHYM2Z,044148338757,1286114,2026-08-11,NEFT CR-ORD-2026-000028,20000000-0000-4000-8000-000000000028
30000000-0000-4000-8000-000000000029,BANKREF-FMPKXVHAGK,083346051834,727845,2026-08-04,NEFT CR-ORD-2026-000029,20000000-0000-4000-8000-000000000029
30000000-0000-4000-8000-000000000030,BANKREF-3EP9P9W4J6,903332487654,763350,2026-07-29,NEFT CR-ORD-2026-000030,20000000-0000-4000-8000-000000000030
30000000-0000-4000-8000-000000000031,BANKREF-9IK01L0VDP,944530707475,256500,2026-07-09,NEFT CR-ORD-2026-000031,20000000-0000-4000-8000-000000000031
30000000-0000-4000-8000-000000000033,BANKREF-QHKSWVA984,552643232696,901412,2026-07-03,NEFT CR-ORD-2026-000033,20000000-0000-4000-8000-000000000033
30000000-0000-4000-8000-000000000034,BANKREF-86XII5P5NV,410656411654,846929,2026-08-07,NEFT CR-ORD-2026-000034,20000000-0000-4000-8000-000000000034
30000000-0000-4000-8000-000000000035,BANKREF-AA0I5LDSLC,094554619471,339787,2026-08-12,NEFT CR-ORD-2026-000035,20000000-0000-4000-8000-000000000035
30000000-0000-4000-8000-000000000036,BANKREF-SWK2RV239M,415964200154,384799,2026-07-11,NEFT CR-ORD-2026-000036,20000000-0000-4000-8000-000000000036
30000000-0000-4000-8000-000000000037,BANKREF-2X2EZC7FOV,861330689191,139430,2026-08-21,NEFT CR-ORD-2026-000037,20000000-0000-4000-8000-000000000037
30000000-0000-4000-8000-000000000038,BANKREF-LKSTN3CPUD,439704058796,92953,2026-07-10,NEFT CR-ORD-2026-000038,20000000-0000-4000-8000-000000000038
30000000-0000-4000-8000-000000000039,BANKREF-H3GM1BWYE6,455907545979,350332,2026-06-28,NEFT CR-ORD-2026-000039,20000000-0000-4000-8000-000000000039
30000000-0000-4000-8000-000000000040,BANKREF-SYLEMRUYP0,828850161712,297216,2026-06-04,NEFT CR-ORD-2026-000040,20000000-0000-4000-8000-000000000040
30000000-0000-4000-8000-000000000041,BANKREF-1TV18KGYGG,534515237113,1362176,2026-07-31,NEFT CR-ORD-2026-000041,20000000-0000-4000-8000-000000000041
30000000-0000-4000-8000-000000000042,BANKREF-N2EJ0AS1SS,426300975626,992091,2026-08-26,NEFT CR-ORD-2026-000042,20000000-0000-4000-8000-000000000042
30000000-0000-4000-8000-000000000043,BANKREF-7D2KD1POXR,513759169773,1356220,2026-08-05,NEFT CR-ORD-2026-000043,20000000-0000-4000-8000-000000000043
30000000-0000-4000-8000-000000000044,BANKREF-EXDW6LQWLV,533402274817,1418807,2026-08-31,NEFT CR-ORD-2026-000044,20000000-0000-4000-8000-000000000044
30000000-0000-4000-8000-000000000045,BANKREF-OSX43WFSQG,969743240302,718545,2026-07-01,NEFT CR-ORD-2026-000045,20000000-0000-4000-8000-000000000045
30000000-0000-4000-8000-000000000046,BANKREF-GNZEI3ZRRH,180051605021,770770,2026-07-16,NEFT CR-ORD-2026-000046,20000000-0000-4000-8000-000000000046
30000000-0000-4000-8000-000000000047,BANKREF-5T1DX6TA7Y,448649473898,921038,2026-07-11,NEFT CR-ORD-2026-000047,20000000-0000-4000-8000-000000000047
30000000-0000-4000-8000-000000000048,BANKREF-JLMZ04X0QZ,124356719001,700079,2026-06-20,NEFT CR-ORD-2026-000048,20000000-0000-4000-8000-000000000048
30000000-0000-4000-8000-000000000049,BANKREF-0CDK36M8JV,195241029898,160423,2026-06-16,NEFT CR-ORD-2026-000049,20000000-0000-4000-8000-000000000049
30000000-0000-4000-8000-000000000050,BANKREF-G07G0IIJI4,837109408983,1129890,2026-06-20,NEFT CR-ORD-2026-000050,20000000-0000-4000-8000-000000000050
30000000-0000-4000-8000-000000000051,BANKREF-RHZN4KGEUI,022431918149,1456105,2026-08-06,NEFT CR-ORD-2026-000051,20000000-0000-4000-8000-000000000051
30000000-0000-4000-8000-000000000052,BANKREF-WQ85X7PWO6,033676387975,873585,2026-06-13,NEFT CR-ORD-2026-000052,20000000-0000-4000-8000-000000000052
30000000-0000-4000-8000-000000000053,BANKREF-Q57TE8TVQ0,846594203410,287062,2026-07-06,NEFT CR-ORD-2026-000053,20000000-0000-4000-8000-000000000053
30000000-0000-4000-8000-000000000054,BANKREF-GKWWJWGABT,112772143379,569534,2026-06-26,NEFT CR-ORD-2026-000054,20000000-0000-4000-8000-000000000054
30000000-0000-4000-8000-000000000055,BANKREF-RKMBY9IPA2,532956617246,547663,2026-07-04,NEFT CR-ORD-2026-000055,20000000-0000-4000-8000-000000000055
30000000-0000-4000-8000-000000000056,BANKREF-KJNAWNGA41,276535456361,115410,2026-07-20,NEFT CR-ORD-2026-000056,20000000-0000-4000-8000-000000000056
30000000-0000-4000-8000-000000000057,BANKREF-CHSDINGXU8,557756741755,125291,2026-06-27,NEFT CR-ORD-2026-000057,20000000-0000-4000-8000-000000000057
30000000-0000-4000-8000-000000000058,BANKREF-7SUUDQFJ6I,235520344878,873487,2026-06-09,NEFT CR-ORD-2026-000058,20000000-0000-4000-8000-000000000058
30000000-0000-4000-8000-000000000059,BANKREF-FMR0TJOPZ1,413559522465,1046798,2026-08-20,NEFT CR-ORD-2026-000059,20000000-0000-4000-8000-000000000059
30000000-0000-4000-8000-000000000060,BANKREF-TW9ZYN6SJC,262490669312,696954,2026-08-18,NEFT CR-ORD-2026-000060,20000000-0000-4000-8000-000000000060
30000000-0000-4000-8000-000000000061,BANKREF-MOE0SY5YPU,436416562168,389193,2026-06-09,NEFT CR-ORD-2026-000061,20000000-0000-4000-8000-000000000061
30000000-0000-4000-8000-000000000062,BANKREF-ZN4REGB1AJ,479709984342,1251257,2026-08-15,NEFT CR-ORD-2026-000062,20000000-0000-4000-8000-000000000062
30000000-0000-4000-8000-000000000063,BANKREF-3Q0E27ZEOQ,157242697711,991925,2026-07-12,NEFT CR-ORD-2026-000063,20000000-0000-4000-8000-000000000063
30000000-0000-4000-8000-000000000064,BANKREF-IVROCVITWU,801608682904,599998,2026-07-06,NEFT CR-ORD-2026-000064,20000000-0000-4000-8000-000000000064
30000000-0000-4000-8000-000000000065,BANKREF-P4JUW7WR0R,882211477264,1094544,2026-08-10,NEFT CR-ORD-2026-000065,20000000-0000-4000-8000-000000000065
30000000-0000-4000-8000-000000000065D,BANKREF-MUWAHK2LSLD,063760133697,1094544,2026-08-10,NEFT CR-ORD-2026-000065,20000000-0000-4000-8000-000000000065
30000000-0000-4000-8000-000000000066,BANKREF-D5N3KSGNBH,057913483370,789615,2026-06-11,NEFT CR-ORD-2026-000066,20000000-0000-4000-8000-000000000066
30000000-0000-4000-8000-000000000067,BANKREF-J72UGL6TBB,903037866433,347598,2026-06-27,NEFT CR-ORD-2026-000067,20000000-0000-4000-8000-000000000067
30000000-0000-4000-8000-000000000068,BANKREF-32LX2TOOWT,933857475260,144995,2026-08-07,NEFT CR-ORD-2026-000068,20000000-0000-4000-8000-000000000068
30000000-0000-4000-8000-000000000069,BANKREF-Z69UWS44C6,905912045674,202310,2026-06-20,NEFT CR-ORD-2026-000069,20000000-0000-4000-8000-000000000069
30000000-0000-4000-8000-000000000070,BANKREF-4ISOTN9UZE,461799740804,357265,2026-07-08,NEFT CR-ORD-2026-000070,20000000-0000-4000-8000-000000000070
30000000-0000-4000-8000-000000000071,BANKREF-JJ0V60XNG2,215099588743,1113682,2026-06-09,NEFT CR-ORD-2026-000071,20000000-0000-4000-8000-000000000071
30000000-0000-4000-8000-000000000072,BANKREF-MJDXO100VH,361568001422,1180761,2026-06-09,NEFT CR-ORD-2026-000072,20000000-0000-4000-8000-000000000072
30000000-0000-4000-8000-000000000073,BANKREF-LC8JPR7VGR,172697105248,57315,2026-08-08,NEFT CR-ORD-2026-000073,20000000-0000-4000-8000-000000000073
30000000-0000-4000-8000-000000000074,BANKREF-1KHT8XKODY,484100923764,1043772,2026-08-13,NEFT CR-ORD-2026-000074,20000000-0000-4000-8000-000000000074
30000000-0000-4000-8000-000000000075,BANKREF-CHM40OEYTL,920102713125,78600,2026-07-05,NEFT CR-ORD-2026-000075,20000000-0000-4000-8000-000000000075
30000000-0000-4000-8000-000000000075D,BANKREF-D4W1ARAGDXD,848762654960,78600,2026-07-06,NEFT CR-ORD-2026-000075,20000000-0000-4000-8000-000000000075
30000000-0000-4000-8000-000000000076,BANKREF-DBTFBSCIQU,478212241805,998467,2026-08-08,NEFT CR-ORD-2026-000076,20000000-0000-4000-8000-000000000076
30000000-0000-4000-8000-000000000077,BANKREF-K00ILU6VFU,090470547842,251228,2026-08-26,NEFT CR-ORD-2026-000077,20000000-0000-4000-8000-000000000077
30000000-0000-4000-8000-000000000077D,BANKREF-YOHMI9AYFQD,559417186706,251228,2026-08-26,NEFT CR-ORD-2026-000077,20000000-0000-4000-8000-000000000077
30000000-0000-4000-8000-000000000078,BANKREF-11L6SPBNQS,845884366981,868703,2026-07-13,NEFT CR-ORD-2026-000078,20000000-0000-4000-8000-000000000078
30000000-0000-4000-8000-000000000079,BANKREF-QU6L2INK4F,296151179711,147632,2026-07-05,NEFT CR-ORD-2026-000079,20000000-0000-4000-8000-000000000079
30000000-0000-4000-8000-000000000079D,BANKREF-UPNHZX9FQ9D,510979919556,147632,2026-07-06,NEFT CR-ORD-2026-000079,20000000-0000-4000-8000-000000000079
30000000-0000-4000-8000-000000000081,BANKREF-K38P6FVDHR,890970494577,541511,2026-07-18,NEFT CR-ORD-2026-000081,20000000-0000-4000-8000-000000000081
30000000-0000-4000-8000-000000000082,BANKREF-N0AJUFQYMB,369026016751,316939,2026-08-14,NEFT CR-ORD-2026-000082,20000000-0000-4000-8000-000000000082
30000000-0000-4000-8000-000000000083,BANKREF-36V1MZB3I4,121106707701,1362981,2026-07-21,NEFT CR-ORD-2026-000083,20000000-0000-4000-8000-000000000083
30000000-0000-4000-8000-000000000084,BANKREF-774RZGYD49,454734543270,968296,2026-06-08,NEFT CR-ORD-2026-000084,20000000-0000-4000-8000-000000000084
30000000-0000-4000-8000-000000000085,BANKREF-E40KZUJ2XO,464427124610,631116,2026-06-30,NEFT CR-ORD-2026-000085,20000000-0000-4000-8000-000000000085
30000000-0000-4000-8000-000000000086,BANKREF-REZRDYXYUR,853496393008,816270,2026-08-25,NEFT CR-ORD-2026-000086,20000000-0000-4000-8000-000000000086
30000000-0000-4000-8000-000000000086D,BANKREF-3V1WNP9OCID,230681150645,816270,2026-08-27,NEFT CR-ORD-2026-000086,20000000-0000-4000-8000-000000000086
30000000-0000-4000-8000-000000000087,BANKREF-JUTPMC3SKX,342565865146,52042,2026-07-10,NEFT CR-ORD-2026-000087,20000000-0000-4000-8000-000000000087
30000000-0000-4000-8000-000000000088,BANKREF-HJB2JTXB02,083209868388,1039866,2026-07-03,NEFT CR-ORD-2026-000088,20000000-0000-4000-8000-000000000088
30000000-0000-4000-8000-000000000089,BANKREF-NZ3A8V4X7Y,725393818839,932755,2026-08-01,NEFT CR-ORD-2026-000089,20000000-0000-4000-8000-000000000089
30000000-0000-4000-8000-000000000090,BANKREF-W2EOWLCFS8,878673472687,500698,2026-07-12,NEFT CR-ORD-2026-000090,20000000-0000-4000-8000-000000000090
30000000-0000-4000-8000-000000000091,BANKREF-KRE4V9KYPO,122693640136,682504,2026-08-07,NEFT CR-ORD-2026-000091,20000000-0000-4000-8000-000000000091
30000000-0000-4000-8000-000000000092,BANKREF-JL9R9KMP6J,895417495964,1160549,2026-06-05,NEFT CR-ORD-2026-000092,20000000-0000-4000-8000-000000000092
30000000-0000-4000-8000-000000000093,BANKREF-Y5AYYOV84F,086495096937,106721,2026-08-08,NEFT CR-ORD-2026-000093,20000000-0000-4000-8000-000000000093
30000000-0000-4000-8000-000000000094,BANKREF-RUP13WPPBM,426146524941,357558,2026-06-21,NEFT CR-ORD-2026-000094,20000000-0000-4000-8000-000000000094
30000000-0000-4000-8000-000000000095,BANKREF-C9JYPAOAXQ,467738669680,1365593,2026-08-15,NEFT CR-ORD-2026-000095,20000000-0000-4000-8000-000000000095
30000000-0000-4000-8000-000000000096,BANKREF-40VTKRRVWY,847543084449,324653,2026-08-15,NEFT CR-ORD-2026-000096,20000000-0000-4000-8000-000000000096
30000000-0000-4000-8000-000000000097,BANKREF-KHBA5MF36B,046122330821,1135260,2026-07-19,NEFT CR-ORD-2026-000097,20000000-0000-4000-8000-000000000097
30000000-0000-4000-8000-000000000098,BANKREF-I3MSDN1MXF,742844487301,986066,2026-06-04,NEFT CR-ORD-2026-000098,20000000-0000-4000-8000-000000000098
30000000-0000-4000-8000-000000000099,BANKREF-52OHKBM00E,920557107527,171753,2026-08-31,NEFT CR-ORD-2026-000099,20000000-0000-4000-8000-000000000099
30000000-0000-4000-8000-000000000100,BANKREF-CC5RQNSVSO,244494981171,196061,2026-07-09,NEFT CR-ORD-2026-000100,20000000-0000-4000-8000-000000000100
30000000-0000-4000-8000-000000000101,BANKREF-UU62RZV1SQ,448376423598,1400353,2026-06-03,NEFT CR-ORD-2026-000101,20000000-0000-4000-8000-000000000101
30000000-0000-4000-8000-000000000102,BANKREF-4LJEDGFJDL,416300334338,161008,2026-07-27,NEFT CR-ORD-2026-000102,20000000-0000-4000-8000-000000000102
30000000-0000-4000-8000-000000000103,BANKREF-8WXGC7JJY9,828215006879,343400,2026-08-17,NEFT CR-ORD-2026-000103,20000000-0000-4000-8000-000000000103
30000000-0000-4000-8000-000000000104,BANKREF-M33MG1ZAQ7,420293063724,995928,2026-07-07,NEFT CR-ORD-2026-000104,20000000-0000-4000-8000-000000000104
30000000-0000-4000-8000-000000000105,BANKREF-7X7B7P9JYQ,378224401050,468477,2026-08-02,NEFT CR-ORD-2026-000105,20000000-0000-4000-8000-000000000105
30000000-0000-4000-8000-000000000106,BANKREF-BVPDCB4OWO,876444616605,138454,2026-08-04,NEFT CR-ORD-2026-000106,20000000-0000-4000-8000-000000000106
30000000-0000-4000-8000-000000000107,BANKREF-PHH62MYZ9V,359641470202,192156,2026-06-17,NEFT CR-ORD-2026-000107,20000000-0000-4000-8000-000000000107
30000000-0000-4000-8000-000000000108,BANKREF-MHQNNGS2WP,718115634697,1017506,2026-08-02,NEFT CR-ORD-2026-000108,20000000-0000-4000-8000-000000000108
30000000-0000-4000-8000-000000000109,BANKREF-HH5OL5U7NT,104354644483,1386293,2026-06-17,NEFT CR-ORD-2026-000109,20000000-0000-4000-8000-000000000109
30000000-0000-4000-8000-000000000111,BANKREF-P4BF5L0RXM,247762550199,324360,2026-07-24,NEFT CR-ORD-2026-000111,20000000-0000-4000-8000-000000000111
30000000-0000-4000-8000-000000000112,BANKREF-FDTRC85EHP,746955620103,1297831,2026-06-21,NEFT CR-ORD-2026-000112,20000000-0000-4000-8000-000000000112
30000000-0000-4000-8000-000000000113,BANKREF-O1EN1S2OFH,006643310271,545515,2026-08-01,NEFT CR-ORD-2026-000113,20000000-0000-4000-8000-000000000113
30000000-0000-4000-8000-000000000114,BANKREF-BA117NIDP9,316287811413,794887,2026-06-08,NEFT CR-ORD-2026-000114,20000000-0000-4000-8000-000000000114
30000000-0000-4000-8000-000000000116,BANKREF-W6L01WCNKF,209597326759,677036,2026-08-23,NEFT CR-ORD-2026-000116,20000000-0000-4000-8000-000000000116
30000000-0000-4000-8000-000000000117,BANKREF-IGIKQWJ2C9,314577870387,1220109,2026-06-10,NEFT CR-ORD-2026-000117,20000000-0000-4000-8000-000000000117
30000000-0000-4000-8000-000000000118,BANKREF-11MZWNCNPI,493706169125,878760,2026-07-25,NEFT CR-ORD-2026-000118,20000000-0000-4000-8000-000000000118
30000000-0000-4000-8000-000000000119,BANKREF-ACZSX0GNZH,194810172946,39154,2026-06-09,NEFT CR-ORD-2026-000119,20000000-0000-4000-8000-000000000119
30000000-0000-4000-8000-000000000120,BANKREF-NCMLDQZ05E,682683664419,1408555,2026-06-14,NEFT CR-ORD-2026-000120,20000000-0000-4000-8000-000000000120
30000000-0000-4000-8000-000000000121,BANKREF-8RTIG7ZD9B,933276966964,1033226,2026-07-22,NEFT CR-ORD-2026-000121,20000000-0000-4000-8000-000000000121
30000000-0000-4000-8000-000000000122,BANKREF-127EXVDA4L,822612788035,1414218,2026-06-05,NEFT CR-ORD-2026-000122,20000000-0000-4000-8000-000000000122
30000000-0000-4000-8000-000000000123,BANKREF-ZTDL25B7KX,544828163817,456858,2026-06-04,NEFT CR-ORD-2026-000123,20000000-0000-4000-8000-000000000123
30000000-0000-4000-8000-000000000124,BANKREF-EX6IV9RYDV,397213785473,702617,2026-08-13,NEFT CR-ORD-2026-000124,20000000-0000-4000-8000-000000000124
30000000-0000-4000-8000-000000000125,BANKREF-XQUZS9MTHD,821289623160,800941,2026-06-25,NEFT CR-ORD-2026-000125,20000000-0000-4000-8000-000000000125
30000000-0000-4000-8000-000000000127,BANKREF-6G8OM08TV4,410511370797,1279670,2026-08-12,NEFT CR-ORD-2026-000127,20000000-0000-4000-8000-000000000127
30000000-0000-4000-8000-000000000128,BANKREF-OW60ZZ0I08,885669685208,688460,2026-07-31,NEFT CR-ORD-2026-000128,20000000-0000-4000-8000-000000000128
30000000-0000-4000-8000-000000000129,BANKREF-APHT6O6A1J,433852964170,100862,2026-06-28,NEFT CR-ORD-2026-000129,20000000-0000-4000-8000-000000000129
30000000-0000-4000-8000-000000000130,BANKREF-KR1IFSI159,281787519562,197478,2026-06-03,NEFT CR-ORD-2026-000130,20000000-0000-4000-8000-000000000130
30000000-0000-4000-8000-000000000131,BANKREF-KDAT5L0N2T,362381715961,113444,2026-08-16,NEFT CR-ORD-2026-000131,20000000-0000-4000-8000-000000000131
30000000-0000-4000-8000-000000000132,BANKREF-0OY58F1N2O,211268747532,177217,2026-06-02,NEFT CR-ORD-2026-000132,20000000-0000-4000-8000-000000000132
30000000-0000-4000-8000-000000000132D,BANKREF-TGBIBF57J2D,628503630757,177217,2026-06-04,NEFT CR-ORD-2026-000132,20000000-0000-4000-8000-000000000132
30000000-0000-4000-8000-000000000133,BANKREF-GG5GR0XAFG,360029915786,491129,2026-07-11,NEFT CR-ORD-2026-000133,20000000-0000-4000-8000-000000000133
30000000-0000-4000-8000-000000000134,BANKREF-F6APFXI5N5,811119361998,52530,2026-07-15,NEFT CR-ORD-2026-000134,20000000-0000-4000-8000-000000000134
30000000-0000-4000-8000-000000000135,BANKREF-GNLPYO2M2X,244558354567,302408,2026-06-15,NEFT CR-ORD-2026-000135,20000000-0000-4000-8000-000000000135
30000000-0000-4000-8000-000000000136,BANKREF-BNCCU3FG00,624376218075,395637,2026-06-03,NEFT CR-ORD-2026-000136,20000000-0000-4000-8000-000000000136
30000000-0000-4000-8000-000000000137,BANKREF-CV4BKTCV1L,560295570390,1351435,2026-08-30,NEFT CR-ORD-2026-000137,20000000-0000-4000-8000-000000000137
30000000-0000-4000-8000-000000000138,BANKREF-QEKW7BZYI9,695900738784,656336,2026-07-18,NEFT CR-ORD-2026-000138,20000000-0000-4000-8000-000000000138
30000000-0000-4000-8000-000000000140,BANKREF-GD8OPOCMVH,714591259708,673716,2026-07-26,NEFT CR-ORD-2026-000140,20000000-0000-4000-8000-000000000140
30000000-0000-4000-8000-000000000140D,BANKREF-9HHA1PJGFJD,084428108492,673716,2026-07-28,NEFT CR-ORD-2026-000140,20000000-0000-4000-8000-000000000140
30000000-0000-4000-8000-000000000141,BANKREF-H9PTFNM88U,080858664435,689827,2026-08-06,NEFT CR-ORD-2026-000141,20000000-0000-4000-8000-000000000141
30000000-0000-4000-8000-000000000142,BANKREF-48M2Q6X2O7,752639960900,200748,2026-06-26,NEFT CR-ORD-2026-000142,20000000-0000-4000-8000-000000000142
30000000-0000-4000-8000-000000000143,BANKREF-AA1FWT9UA0,967162187832,1331224,2026-07-15,NEFT CR-ORD-2026-000143,20000000-0000-4000-8000-000000000143
30000000-0000-4000-8000-000000000144,BANKREF-EMM9VASJEV,557238010612,152123,2026-08-25,NEFT CR-ORD-2026-000144,20000000-0000-4000-8000-000000000144
30000000-0000-4000-8000-000000000145,BANKREF-68JOV58TOE,841223130672,576955,2026-08-06,NEFT CR-ORD-2026-000145,20000000-0000-4000-8000-000000000145
30000000-0000-4000-8000-000000000146,BANKREF-K4O67BXCD2,727453636489,1457179,2026-06-21,NEFT CR-ORD-2026-000146,20000000-0000-4000-8000-000000000146
30000000-0000-4000-8000-000000000147,BANKREF-WYSIRRK1RD,773826860426,1007938,2026-08-17,NEFT CR-ORD-2026-000147,20000000-0000-4000-8000-000000000147
30000000-0000-4000-8000-000000000148,BANKREF-METMHOPMPN,039111265102,319966,2026-07-04,NEFT CR-ORD-2026-000148,20000000-0000-4000-8000-000000000148
30000000-0000-4000-8000-000000000149,BANKREF-FARMGJCY4V,954218598511,203677,2026-08-18,NEFT CR-ORD-2026-000149,20000000-0000-4000-8000-000000000149
30000000-0000-4000-8000-000000000150,BANKREF-W85Y6Q8SJY,834930536449,506654,2026-08-20,NEFT CR-ORD-2026-000150,20000000-0000-4000-8000-000000000150
30000000-0000-4000-8000-000000000151,BANKREF-VCHRM3WP8D,233563561153,195671,2026-07-19,NEFT CR-ORD-2026-000151,20000000-0000-4000-8000-000000000151
30000000-0000-4000-8000-000000000152,BANKREF-4DJ9DV3UY5,155775591861,925920,2026-08-22,NEFT CR-ORD-2026-000152,20000000-0000-4000-8000-000000000152
30000000-0000-4000-8000-000000000153,BANKREF-RKY8RYOZDP,404503686099,1169825,2026-06-12,NEFT CR-ORD-2026-000153,20000000-0000-4000-8000-000000000153
30000000-0000-4000-8000-000000000154,BANKREF-V3CB0IXRYL,279718739902,462325,2026-07-04,NEFT CR-ORD-2026-000154,20000000-0000-4000-8000-000000000154
30000000-0000-4000-8000-000000000155,BANKREF-GH3SM642PW,851514050828,725758,2026-08-28,NEFT CR-ORD-2026-000155,20000000-0000-4000-8000-000000000155
30000000-0000-4000-8000-000000000156,BANKREF-MCO075RE0D,423478290716,128104,2026-07-13,NEFT CR-ORD-2026-000156,20000000-0000-4000-8000-000000000156
30000000-0000-4000-8000-000000000157,BANKREF-9EOXXC7HZ3,884335828351,903268,2026-07-14,NEFT CR-ORD-2026-000157,20000000-0000-4000-8000-000000000157
30000000-0000-4000-8000-000000000158,BANKREF-TXB1761M3J,720768797859,1147953,2026-07-19,NEFT CR-ORD-2026-000158,20000000-0000-4000-8000-000000000158
30000000-0000-4000-8000-000000000159,BANKREF-Q8R4HC7JVL,017281616010,1392737,2026-06-06,NEFT CR-ORD-2026-000159,20000000-0000-4000-8000-000000000159
30000000-0000-4000-8000-000000000160,BANKREF-7KBNKFVDHL,777793561769,1396057,2026-06-06,NEFT CR-ORD-2026-000160,20000000-0000-4000-8000-000000000160
30000000-0000-4000-8000-000000000161,BANKREF-7I6YXV2MEO,514811414774,824863,2026-08-03,NEFT CR-ORD-2026-000161,20000000-0000-4000-8000-000000000161
30000000-0000-4000-8000-000000000162,BANKREF-FAVYQLG0K1,240555923790,1410312,2026-08-19,NEFT CR-ORD-2026-000162,20000000-0000-4000-8000-000000000162
30000000-0000-4000-8000-000000000163,BANKREF-S3KDZ4PPJ5,971307735265,849859,2026-08-06,NEFT CR-ORD-2026-000163,20000000-0000-4000-8000-000000000163
30000000-0000-4000-8000-000000000164,BANKREF-WWIMT8545Y,465522987442,1446732,2026-09-08,NEFT CR-ORD-2026-000164,20000000-0000-4000-8000-000000000164
30000000-0000-4000-8000-000000000165,BANKREF-T2D8VET8AN,733700259837,301219,2026-07-08,NEFT CR-ORD-2026-000165,20000000-0000-4000-8000-000000000165
30000000-0000-4000-8000-000000000166,BANKREF-DVO342P0KQ,095342422753,617475,2026-07-25,NEFT CR-ORD-2026-000166,20000000-0000-4000-8000-000000000166
30000000-0000-4000-8000-000000000168,BANKREF-F0FP8BPG2R,753242965636,245467,2026-07-31,NEFT CR-ORD-2026-000168,20000000-0000-4000-8000-000000000168
30000000-0000-4000-8000-000000000169,BANKREF-7J35VLWOJT,601722175737,856400,2026-08-13,NEFT CR-ORD-2026-000169,20000000-0000-4000-8000-000000000169
30000000-0000-4000-8000-000000000170,BANKREF-Z4UR2YUPMA,346725993170,462911,2026-06-18,NEFT CR-ORD-2026-000170,20000000-0000-4000-8000-000000000170
30000000-0000-4000-8000-000000000170D,BANKREF-MHVL66SAJXD,639720507464,462911,2026-06-19,NEFT CR-ORD-2026-000170,20000000-0000-4000-8000-000000000170
30000000-0000-4000-8000-000000000171,BANKREF-OYCG1FJGBV,646893514809,1219035,2026-08-10,NEFT CR-ORD-2026-000171,20000000-0000-4000-8000-000000000171
30000000-0000-4000-8000-000000000172,BANKREF-MN1S3YG8VF,594662395725,164230,2026-08-21,NEFT CR-ORD-2026-000172,20000000-0000-4000-8000-000000000172
30000000-0000-4000-8000-000000000173,BANKREF-JNMYK8516S,479405989919,368493,2026-08-05,NEFT CR-ORD-2026-000173,20000000-0000-4000-8000-000000000173
30000000-0000-4000-8000-000000000174,BANKREF-NL7OLKY5VT,369081235053,1080680,2026-08-14,NEFT CR-ORD-2026-000174,20000000-0000-4000-8000-000000000174
30000000-0000-4000-8000-000000000175,BANKREF-JWV2QNRMTN,795361395187,385094,2026-08-23,NEFT CR-ORD-2026-000175,20000000-0000-4000-8000-000000000175
30000000-0000-4000-8000-000000000176,BANKREF-7673UBLBV0,815736341777,97054,2026-07-04,NEFT CR-ORD-2026-000176,20000000-0000-4000-8000-000000000176
30000000-0000-4000-8000-000000000177,BANKREF-CKZ3VWLO7A,334472662089,205630,2026-08-21,NEFT CR-ORD-2026-000177,20000000-0000-4000-8000-000000000177
30000000-0000-4000-8000-000000000178,BANKREF-TMH6K1WXYW,655247291840,917328,2026-06-13,NEFT CR-ORD-2026-000178,20000000-0000-4000-8000-000000000178
30000000-0000-4000-8000-000000000179,BANKREF-ECBUQYPIGQ,688892707645,1069158,2026-08-03,NEFT CR-ORD-2026-000179,20000000-0000-4000-8000-000000000179
30000000-0000-4000-8000-000000000180,BANKREF-HDXC6RIJKQ,765571223329,131912,2026-07-03,NEFT CR-ORD-2026-000180,20000000-0000-4000-8000-000000000180
30000000-0000-4000-8000-000000000181,BANKREF-MLIK22XMQ6,988752263030,1033422,2026-08-11,NEFT CR-ORD-2026-000181,20000000-0000-4000-8000-000000000181
30000000-0000-4000-8000-000000000182,BANKREF-HEDHTHRUU5,187186407641,1373697,2026-06-22,NEFT CR-ORD-2026-000182,20000000-0000-4000-8000-000000000182
30000000-0000-4000-8000-000000000183,BANKREF-Y7HYLGOGFX,354547229833,841950,2026-06-28,NEFT CR-ORD-2026-000183,20000000-0000-4000-8000-000000000183
30000000-0000-4000-8000-000000000184,BANKREF-882O8ZI9VC,035424809788,738842,2026-07-18,NEFT CR-ORD-2026-000184,20000000-0000-4000-8000-000000000184
30000000-0000-4000-8000-000000000185,BANKREF-23C9NU985L,523000511585,937735,2026-06-18,NEFT CR-ORD-2026-000185,20000000-0000-4000-8000-000000000185
30000000-0000-4000-8000-000000000186,BANKREF-6ZUGFLDT8B,130896219297,1059492,2026-07-23,NEFT CR-ORD-2026-000186,20000000-0000-4000-8000-000000000186
30000000-0000-4000-8000-000000000187,BANKREF-M84P4K9DXO,492631251167,1451422,2026-08-28,NEFT CR-ORD-2026-000187,20000000-0000-4000-8000-000000000187
30000000-0000-4000-8000-000000000188,BANKREF-FA6D9ER94T,166349163674,1303006,2026-08-24,NEFT CR-ORD-2026-000188,20000000-0000-4000-8000-000000000188
30000000-0000-4000-8000-000000000188D,BANKREF-ES2FX0ZKWID,273745592833,1303006,2026-08-25,NEFT CR-ORD-2026-000188,20000000-0000-4000-8000-000000000188
30000000-0000-4000-8000-000000000189,BANKREF-YMSCNX8EIQ,152834908539,1197457,2026-08-13,NEFT CR-ORD-2026-000189,20000000-0000-4000-8000-000000000189
30000000-0000-4000-8000-000000000190,BANKREF-6QE7AJUL7W,904187892763,246053,2026-06-28,NEFT CR-ORD-2026-000190,20000000-0000-4000-8000-000000000190
30000000-0000-4000-8000-000000000191,BANKREF-EQV5Y21ID9,653868946827,1354072,2026-08-08,NEFT CR-ORD-2026-000191,20000000-0000-4000-8000-000000000191
30000000-0000-4000-8000-000000000192,BANKREF-ZBXPQ5BO20,492163240483,1043674,2026-07-28,NEFT CR-ORD-2026-000192,20000000-0000-4000-8000-000000000192
30000000-0000-4000-8000-000000000193,BANKREF-M3618LEU6Z,575361058427,583106,2026-06-06,NEFT CR-ORD-2026-000193,20000000-0000-4000-8000-000000000193
30000000-0000-4000-8000-000000000194,BANKREF-GSOU6NJ2N2,439250638775,654090,2026-06-25,NEFT CR-ORD-2026-000194,20000000-0000-4000-8000-000000000194
30000000-0000-4000-8000-000000000195,BANKREF-Z79HQTYLU5,915630673196,1152543,2026-08-20,NEFT CR-ORD-2026-000195,20000000-0000-4000-8000-000000000195
30000000-0000-4000-8000-000000000196,BANKREF-SAV9CNG8TA,309589161238,1187791,2026-06-25,NEFT CR-ORD-2026-000196,20000000-0000-4000-8000-000000000196
30000000-0000-4000-8000-000000000197,BANKREF-MNI3GOM673,978056355535,617964,2026-08-12,NEFT CR-ORD-2026-000197,20000000-0000-4000-8000-000000000197
30000000-0000-4000-8000-000000000198,BANKREF-0SGNZ6D86Z,022609269028,531845,2026-08-07,NEFT CR-ORD-2026-000198,20000000-0000-4000-8000-000000000198
30000000-0000-4000-8000-000000000199,BANKREF-E6RGL7JY7O,525118895419,643155,2026-07-20,NEFT CR-ORD-2026-000199,20000000-0000-4000-8000-000000000199
30000000-0000-4000-8000-000000000200,BANKREF-MZAP4VKFTL,105077309600,194304,2026-07-02,NEFT CR-ORD-2026-000200,20000000-0000-4000-8000-000000000200
30000000-0000-4000-8000-000000000200D,BANKREF-31EIWUCX67D,626476639491,194304,2026-07-03,NEFT CR-ORD-2026-000200,20000000-0000-4000-8000-000000000200
30000000-0000-4000-8000-000000000201,BANKREF-802NQ52NLO,454998413869,377476,2026-06-24,NEFT CR-ORD-2026-000201,20000000-0000-4000-8000-000000000201
30000000-0000-4000-8000-000000000202,BANKREF-8LCWL6QMGK,818119456628,728004,2026-07-07,NEFT CR-ORD-2026-000202,20000000-0000-4000-8000-000000000202
30000000-0000-4000-8000-000000000203,BANKREF-M9RWV9NJS9,903167293296,1081363,2026-07-31,NEFT CR-ORD-2026-000203,20000000-0000-4000-8000-000000000203
30000000-0000-4000-8000-000000000204,BANKREF-IGCUIDC00M,905996366019,551959,2026-06-20,NEFT CR-ORD-2026-000204,20000000-0000-4000-8000-000000000204
30000000-0000-4000-8000-000000000205,BANKREF-VSKP30TX8J,700376807707,166086,2026-08-22,NEFT CR-ORD-2026-000205,20000000-0000-4000-8000-000000000205
30000000-0000-4000-8000-000000000206,BANKREF-2N5FNP36F8,204214188216,960289,2026-08-30,NEFT CR-ORD-2026-000206,20000000-0000-4000-8000-000000000206
30000000-0000-4000-8000-000000000207,BANKREF-Y66W6RKM2Z,997597682583,715408,2026-06-30,NEFT CR-ORD-2026-000207,20000000-0000-4000-8000-000000000207
30000000-0000-4000-8000-000000000208,BANKREF-00H2K2P3AJ,106704916557,1197416,2026-08-20,NEFT CR-ORD-2026-000208,20000000-0000-4000-8000-000000000208
30000000-0000-4000-8000-000000000209,BANKREF-7I19MO1RTS,631884192265,748801,2026-08-18,NEFT CR-ORD-2026-000209,20000000-0000-4000-8000-000000000209
30000000-0000-4000-8000-000000000210,BANKREF-JNN41JH6OX,449672131927,1367741,2026-09-14,NEFT CR-ORD-2026-000210,20000000-0000-4000-8000-000000000210
30000000-0000-4000-8000-000000000211,BANKREF-7KNUFBHGP5,040783298829,1437749,2026-07-25,NEFT CR-ORD-2026-000211,20000000-0000-4000-8000-000000000211
30000000-0000-4000-8000-000000000212,BANKREF-Y39BU4UZ2Z,720385397536,1410342,2026-06-05,NEFT CR-ORD-2026-000212,20000000-0000-4000-8000-000000000212
30000000-0000-4000-8000-000000000213,BANKREF-CPESBDA7XF,273177536357,947596,2026-07-11,NEFT CR-ORD-2026-000213,20000000-0000-4000-8000-000000000213
30000000-0000-4000-8000-000000000214,BANKREF-MNKW7WVY9R,324777458969,380601,2026-06-05,NEFT CR-ORD-2026-000214,20000000-0000-4000-8000-000000000214
30000000-0000-4000-8000-000000000216,BANKREF-BGMY4IQZ6D,179543605661,171261,2026-06-15,NEFT CR-ORD-2026-000216,20000000-0000-4000-8000-000000000216
30000000-0000-4000-8000-000000000217,BANKREF-EXVA5E742G,440365811580,465548,2026-07-02,NEFT CR-ORD-2026-000217,20000000-0000-4000-8000-000000000217
30000000-0000-4000-8000-000000000218,BANKREF-NOQ37KTLL8,538669665404,878373,2026-06-27,NEFT CR-ORD-2026-000218,20000000-0000-4000-8000-000000000218
30000000-0000-4000-8000-000000000219,BANKREF-E0KIVWM53N,379432013530,846441,2026-07-19,NEFT CR-ORD-2026-000219,20000000-0000-4000-8000-000000000219
30000000-0000-4000-8000-000000000220,BANKREF-IHV17MIAV1,193501569812,746848,2026-07-31,NEFT CR-ORD-2026-000220,20000000-0000-4000-8000-000000000220
30000000-0000-4000-8000-000000000221,BANKREF-NZVZN2HLOI,226409264833,406573,2026-07-10,NEFT CR-ORD-2026-000221,20000000-0000-4000-8000-000000000221
30000000-0000-4000-8000-000000000222,BANKREF-LSIDBX287G,598281701811,804749,2026-07-15,NEFT CR-ORD-2026-000222,20000000-0000-4000-8000-000000000222
30000000-0000-4000-8000-000000000223,BANKREF-YOTOS87MVZ,775454825326,1236513,2026-07-04,NEFT CR-ORD-2026-000223,20000000-0000-4000-8000-000000000223
30000000-0000-4000-8000-000000000224,BANKREF-55CK3TB94C,335017505634,620795,2026-07-11,NEFT CR-ORD-2026-000224,20000000-0000-4000-8000-000000000224
30000000-0000-4000-8000-000000000224D,BANKREF-2QWKBSEPR1D,077509936472,620795,2026-07-12,NEFT CR-ORD-2026-000224,20000000-0000-4000-8000-000000000224
30000000-0000-4000-8000-000000000225,BANKREF-UT60WLFYZS,258204354749,168429,2026-08-14,NEFT CR-ORD-2026-000225,20000000-0000-4000-8000-000000000225
30000000-0000-4000-8000-000000000226,BANKREF-VO4KVFFLNC,070540986901,189715,2026-07-25,NEFT CR-ORD-2026-000226,20000000-0000-4000-8000-000000000226
30000000-0000-4000-8000-000000000227,BANKREF-B4XZ3MSKZO,829332110511,1368913,2026-08-15,NEFT CR-ORD-2026-000227,20000000-0000-4000-8000-000000000227
30000000-0000-4000-8000-000000000228,BANKREF-815G5FJD5M,015422100336,305117,2026-07-06,NEFT CR-ORD-2026-000228,20000000-0000-4000-8000-000000000228
30000000-0000-4000-8000-000000000229,BANKREF-74IJ643YUO,022820008589,186688,2026-07-19,NEFT CR-ORD-2026-000229,20000000-0000-4000-8000-000000000229
30000000-0000-4000-8000-000000000230,BANKREF-1K9YXCFE78,077217358554,1408848,2026-08-29,NEFT CR-ORD-2026-000230,20000000-0000-4000-8000-000000000230
30000000-0000-4000-8000-000000000231,BANKREF-UQLN6BGUAX,337034105754,1275960,2026-06-15,NEFT CR-ORD-2026-000231,20000000-0000-4000-8000-000000000231
30000000-0000-4000-8000-000000000232,BANKREF-NDJM5GH2IJ,855885562528,1180663,2026-06-22,NEFT CR-ORD-2026-000232,20000000-0000-4000-8000-000000000232
30000000-0000-4000-8000-000000000233,BANKREF-U04RIPWN3K,194526872601,1423884,2026-08-27,NEFT CR-ORD-2026-000233,20000000-0000-4000-8000-000000000233
30000000-0000-4000-8000-000000000234,BANKREF-PHWHM54XR8,424178752122,1214056,2026-06-18,NEFT CR-ORD-2026-000234,20000000-0000-4000-8000-000000000234
30000000-0000-4000-8000-000000000235,BANKREF-IK31YUW2TG,451077434177,1249694,2026-08-09,NEFT CR-ORD-2026-000235,20000000-0000-4000-8000-000000000235
30000000-0000-4000-8000-000000000236,BANKREF-0HDJ7O9X66,096025792421,1119129,2026-07-08,NEFT CR-ORD-2026-000236,20000000-0000-4000-8000-000000000236
30000000-0000-4000-8000-000000000237,BANKREF-N114PY4FNG,018401044617,1366472,2026-06-03,NEFT CR-ORD-2026-000237,20000000-0000-4000-8000-000000000237
30000000-0000-4000-8000-000000000238,BANKREF-UOXZ3BG52I,085050502580,1460597,2026-06-21,NEFT CR-ORD-2026-000238,20000000-0000-4000-8000-000000000238
30000000-0000-4000-8000-000000000239,BANKREF-CW8AFMNE6X,720865449017,242928,2026-07-01,NEFT CR-ORD-2026-000239,20000000-0000-4000-8000-000000000239
30000000-0000-4000-8000-000000000240,BANKREF-HO4UW2AWW7,910201381550,1280451,2026-06-29,NEFT CR-ORD-2026-000240,20000000-0000-4000-8000-000000000240
30000000-0000-4000-8000-000000000241,BANKREF-C53K9OM115,042636299003,1390296,2026-06-13,NEFT CR-ORD-2026-000241,20000000-0000-4000-8000-000000000241
30000000-0000-4000-8000-000000000241D,BANKREF-25S8T6AIDID,658271666326,1390296,2026-06-14,NEFT CR-ORD-2026-000241,20000000-0000-4000-8000-000000000241
30000000-0000-4000-8000-000000000242,BANKREF-1LOQSOT56A,189017115923,346720,2026-07-26,NEFT CR-ORD-2026-000242,20000000-0000-4000-8000-000000000242
30000000-0000-4000-8000-000000000243,BANKREF-VSCQMPD7Z4,254786734347,1143755,2026-07-02,NEFT CR-ORD-2026-000243,20000000-0000-4000-8000-000000000243
30000000-0000-4000-8000-000000000244,BANKREF-1XFHSJ0BI6,054124658102,1129109,2026-08-27,NEFT CR-ORD-2026-000244,20000000-0000-4000-8000-000000000244
30000000-0000-4000-8000-000000000245,BANKREF-DSF2UWUFUK,785789818827,1177343,2026-07-16,NEFT CR-ORD-2026-000245,20000000-0000-4000-8000-000000000245
30000000-0000-4000-8000-000000000246,BANKREF-5EFZVMT4FV,364273340804,921526,2026-07-08,NEFT CR-ORD-2026-000246,20000000-0000-4000-8000-000000000246
30000000-0000-4000-8000-000000000247,BANKREF-SCY3M84BCT,622683478589,1094447,2026-07-09,NEFT CR-ORD-2026-000247,20000000-0000-4000-8000-000000000247
30000000-0000-4000-8000-000000000248,BANKREF-7YJ8HQDE7M,929449429960,1022388,2026-06-11,NEFT CR-ORD-2026-000248,20000000-0000-4000-8000-000000000248
30000000-0000-4000-8000-000000000249,BANKREF-T760RS6C4X,885811591574,627044,2026-08-12,NEFT CR-ORD-2026-000249,20000000-0000-4000-8000-000000000249
30000000-0000-4000-8000-000000000250,BANKREF-NATD4GWLF9,660399641069,719997,2026-06-05,NEFT CR-ORD-2026-000250,20000000-0000-4000-8000-000000000250
30000000-0000-4000-8000-000000000251,BANKREF-XKQTQ36ZPM,184317606279,241366,2026-08-22,NEFT CR-ORD-2026-000251,20000000-0000-4000-8000-000000000251
30000000-0000-4000-8000-000000000252,BANKREF-BEKT2MNJ7O,513826615523,1081070,2026-08-23,NEFT CR-ORD-2026-000252,20000000-0000-4000-8000-000000000252
30000000-0000-4000-8000-000000000253,BANKREF-8UALRY3IGW,165591440575,893113,2026-08-04,NEFT CR-ORD-2026-000253,20000000-0000-4000-8000-000000000253
30000000-0000-4000-8000-000000000254,BANKREF-ZSUV41AMIS,574895974985,157005,2026-07-28,NEFT CR-ORD-2026-000254,20000000-0000-4000-8000-000000000254
30000000-0000-4000-8000-000000000255,BANKREF-CIX39ELLHL,456476225636,881494,2026-07-09,NEFT CR-ORD-2026-000255,20000000-0000-4000-8000-000000000255
30000000-0000-4000-8000-000000000256,BANKREF-05SORHTMT1,476113429521,818614,2026-07-01,NEFT CR-ORD-2026-000256,20000000-0000-4000-8000-000000000256
30000000-0000-4000-8000-000000000257,BANKREF-05802XVXIT,216725825344,71668,2026-08-12,NEFT CR-ORD-2026-000257,20000000-0000-4000-8000-000000000257
30000000-0000-4000-8000-000000000259,BANKREF-SSUMH0ZNSG,630879722396,298290,2026-08-09,NEFT CR-ORD-2026-000259,20000000-0000-4000-8000-000000000259
30000000-0000-4000-8000-000000000261,BANKREF-6BWBEM0TPI,972213201663,784049,2026-07-24,NEFT CR-ORD-2026-000261,20000000-0000-4000-8000-000000000261
30000000-0000-4000-8000-000000000263,BANKREF-FRBEWRUKFW,470454185913,1140240,2026-06-17,NEFT CR-ORD-2026-000263,20000000-0000-4000-8000-000000000263
30000000-0000-4000-8000-000000000264,BANKREF-2SBA62TDO1,015558641079,1046506,2026-08-11,NEFT CR-ORD-2026-000264,20000000-0000-4000-8000-000000000264
30000000-0000-4000-8000-000000000265,BANKREF-F37746PFMC,218002419600,716334,2026-06-03,NEFT CR-ORD-2026-000265,20000000-0000-4000-8000-000000000265
30000000-0000-4000-8000-000000000266,BANKREF-WXHVY3NUKO,302204221317,734350,2026-08-18,NEFT CR-ORD-2026-000266,20000000-0000-4000-8000-000000000266
30000000-0000-4000-8000-000000000267,BANKREF-66DQA4SVKX,080532511985,971420,2026-06-28,NEFT CR-ORD-2026-000267,20000000-0000-4000-8000-000000000267
30000000-0000-4000-8000-000000000268,BANKREF-XBBMZJ22PM,086128653319,723805,2026-08-03,NEFT CR-ORD-2026-000268,20000000-0000-4000-8000-000000000268
30000000-0000-4000-8000-000000000269,BANKREF-JOZIBP9OF9,560080091892,1091225,2026-06-18,NEFT CR-ORD-2026-000269,20000000-0000-4000-8000-000000000269
30000000-0000-4000-8000-000000000270,BANKREF-Q067CSZVUT,059048124481,1043381,2026-06-08,NEFT CR-ORD-2026-000270,20000000-0000-4000-8000-000000000270
30000000-0000-4000-8000-000000000271,BANKREF-6BERP0IV1T,342961535300,1015261,2026-08-04,NEFT CR-ORD-2026-000271,20000000-0000-4000-8000-000000000271
30000000-0000-4000-8000-000000000272,BANKREF-22BE4N2524,147033620661,935098,2026-06-09,NEFT CR-ORD-2026-000272,20000000-0000-4000-8000-000000000272
30000000-0000-4000-8000-000000000273,BANKREF-9E5GV7P2A2,494218079052,299169,2026-08-09,NEFT CR-ORD-2026-000273,20000000-0000-4000-8000-000000000273
30000000-0000-4000-8000-000000000274,BANKREF-E8FZQ1W09Y,680477226740,384116,2026-07-01,NEFT CR-ORD-2026-000274,20000000-0000-4000-8000-000000000274
30000000-0000-4000-8000-000000000275,BANKREF-PSSCP9KJYM,205886464716,626458,2026-06-22,NEFT CR-ORD-2026-000275,20000000-0000-4000-8000-000000000275
30000000-0000-4000-8000-000000000276,BANKREF-ZGEHUIQSI2,116509182189,404815,2026-06-10,NEFT CR-ORD-2026-000276,20000000-0000-4000-8000-000000000276
30000000-0000-4000-8000-000000000277,BANKREF-2J21TELO9L,600794790823,358632,2026-06-19,NEFT CR-ORD-2026-000277,20000000-0000-4000-8000-000000000277
30000000-0000-4000-8000-000000000278,BANKREF-KFTUWFV2TT,556156670084,719314,2026-06-17,NEFT CR-ORD-2026-000278,20000000-0000-4000-8000-000000000278
30000000-0000-4000-8000-000000000279,BANKREF-KD0RNGCT2X,107412164500,1369401,2026-07-17,NEFT CR-ORD-2026-000279,20000000-0000-4000-8000-000000000279
30000000-0000-4000-8000-000000000280,BANKREF-S7V55KCRX6,512409095970,1172754,2026-06-02,NEFT CR-ORD-2026-000280,20000000-0000-4000-8000-000000000280
30000000-0000-4000-8000-000000000281,BANKREF-5ULZZIX2SO,528352418067,1277229,2026-08-23,NEFT CR-ORD-2026-000281,20000000-0000-4000-8000-000000000281
30000000-0000-4000-8000-000000000282,BANKREF-67ST8LI72W,841034420363,342814,2026-08-14,NEFT CR-ORD-2026-000282,20000000-0000-4000-8000-000000000282
30000000-0000-4000-8000-000000000283,BANKREF-7L7J7Y96YG,979390876033,274466,2026-07-17,NEFT CR-ORD-2026-000283,20000000-0000-4000-8000-000000000283
30000000-0000-4000-8000-000000000284,BANKREF-AM75PSZ1CT,699936893723,1295878,2026-08-08,NEFT CR-ORD-2026-000284,20000000-0000-4000-8000-000000000284
30000000-0000-4000-8000-000000000285,BANKREF-OQ14MAFMAR,931324256657,238519,2026-06-20,NEFT CR-ORD-2026-000285,20000000-0000-4000-8000-000000000285
30000000-0000-4000-8000-000000000286,BANKREF-LUGG01LOI4,481064312986,511634,2026-08-04,NEFT CR-ORD-2026-000286,20000000-0000-4000-8000-000000000286
30000000-0000-4000-8000-000000000287,BANKREF-YQZDUBB9MI,586253955882,731128,2026-08-16,NEFT CR-ORD-2026-000287,20000000-0000-4000-8000-000000000287
30000000-0000-4000-8000-000000000288,BANKREF-EW9JZF4EPM,961318754843,1071013,2026-07-23,NEFT CR-ORD-2026-000288,20000000-0000-4000-8000-000000000288
30000000-0000-4000-8000-000000000288D,BANKREF-Y3M2I3QM6DD,510015486743,1071013,2026-07-24,NEFT CR-ORD-2026-000288,20000000-0000-4000-8000-000000000288
30000000-0000-4000-8000-000000000289,BANKREF-NCU22KB8OH,377533611834,1379282,2026-06-16,NEFT CR-ORD-2026-000289,20000000-0000-4000-8000-000000000289
30000000-0000-4000-8000-000000000290,BANKREF-5Z8KQ86YNI,299060736409,492106,2026-08-16,NEFT CR-ORD-2026-000290,20000000-0000-4000-8000-000000000290
30000000-0000-4000-8000-000000000291,BANKREF-NT6U777LDM,753953818249,1400841,2026-07-29,NEFT CR-ORD-2026-000291,20000000-0000-4000-8000-000000000291
30000000-0000-4000-8000-000000000292,BANKREF-7FENTD7KFN,928497286604,608004,2026-08-15,NEFT CR-ORD-2026-000292,20000000-0000-4000-8000-000000000292
30000000-0000-4000-8000-000000000293,BANKREF-AF4GELLX8E,039619756099,1410703,2026-06-10,NEFT CR-ORD-2026-000293,20000000-0000-4000-8000-000000000293
30000000-0000-4000-8000-000000000294,BANKREF-Y32HMEPDMB,395453497881,336272,2026-08-07,NEFT CR-ORD-2026-000294,20000000-0000-4000-8000-000000000294
30000000-0000-4000-8000-000000000295,BANKREF-1K9M94UZXY,819438692692,1,2026-08-27,NEFT CR-ORD-2026-000295,20000000-0000-4000-8000-000000000295
30000000-0000-4000-8000-000000000296,BANKREF-BLU27XNPZC,593409075235,1402306,2026-06-12,NEFT CR-ORD-2026-000296,20000000-0000-4000-8000-000000000296
30000000-0000-4000-8000-000000000297,BANKREF-EXYB8Z8TRT,389969631073,115703,2026-07-17,NEFT CR-ORD-2026-000297,20000000-0000-4000-8000-000000000297
30000000-0000-4000-8000-000000000298,BANKREF-3NMYB4BOMZ,407956941661,839216,2026-08-08,NEFT CR-ORD-2026-000298,20000000-0000-4000-8000-000000000298
30000000-0000-4000-8000-000000000299,BANKREF-O7V1IZ4JQI,882566510346,375719,2026-06-03,NEFT CR-ORD-2026-000299,20000000-0000-4000-8000-000000000299
30000000-0000-4000-8000-000000000300,BANKREF-4NC0IBA65D,728333733364,940176,2026-07-02,NEFT CR-ORD-2026-000300,20000000-0000-4000-8000-000000000300
30000000-0000-4000-8000-000000000301,BANKREF-SY2O33B29X,785279180648,707695,2026-09-01,NEFT CR-ORD-2026-000301,20000000-0000-4000-8000-000000000301
30000000-0000-4000-8000-000000000302,BANKREF-HJQCYYPQ7A,814673802309,440942,2026-08-23,NEFT CR-ORD-2026-000302,20000000-0000-4000-8000-000000000302
30000000-0000-4000-8000-000000000303,BANKREF-3RWR3OW37G,236284741591,1194723,2026-08-09,NEFT CR-ORD-2026-000303,20000000-0000-4000-8000-000000000303
30000000-0000-4000-8000-000000000304,BANKREF-45RY27VMVW,235781119972,83580,2026-07-23,NEFT CR-ORD-2026-000304,20000000-0000-4000-8000-000000000304
30000000-0000-4000-8000-000000000305,BANKREF-1YC1L2QJZG,461874244319,306453,2026-06-22,NEFT CR-ORD-2026-000305,20000000-0000-4000-8000-000000000305
30000000-0000-4000-8000-000000000306,BANKREF-BNMJSXTDHD,670258718080,47453,2026-06-20,NEFT CR-ORD-2026-000306,20000000-0000-4000-8000-000000000306
30000000-0000-4000-8000-000000000307,BANKREF-WK501EPEKG,674101302657,614644,2026-08-10,NEFT CR-ORD-2026-000307,20000000-0000-4000-8000-000000000307
30000000-0000-4000-8000-000000000308,BANKREF-GO5AWLGITI,795148177045,1191599,2026-08-18,NEFT CR-ORD-2026-000308,20000000-0000-4000-8000-000000000308
30000000-0000-4000-8000-000000000309,BANKREF-X2HIVDTS8M,177047790943,1335422,2026-07-07,NEFT CR-ORD-2026-000309,20000000-0000-4000-8000-000000000309
30000000-0000-4000-8000-000000000310,BANKREF-NZ3T1WM3EQ,355932246778,695294,2026-06-10,NEFT CR-ORD-2026-000310,20000000-0000-4000-8000-000000000310
30000000-0000-4000-8000-000000000311,BANKREF-H0TT9KVBKA,665309180390,55362,2026-06-19,NEFT CR-ORD-2026-000311,20000000-0000-4000-8000-000000000311
30000000-0000-4000-8000-000000000312,BANKREF-BHYZ1OV5VX,093257145894,903853,2026-07-11,NEFT CR-ORD-2026-000312,20000000-0000-4000-8000-000000000312
30000000-0000-4000-8000-000000000313,BANKREF-E6WPRLPG7G,632664044356,823496,2026-06-20,NEFT CR-ORD-2026-000313,20000000-0000-4000-8000-000000000313
30000000-0000-4000-8000-000000000314,BANKREF-WUZLLGYG4F,811546409563,974838,2026-07-21,NEFT CR-ORD-2026-000314,20000000-0000-4000-8000-000000000314
30000000-0000-4000-8000-000000000315,BANKREF-IX79PBRTG6,074408430143,432643,2026-06-16,NEFT CR-ORD-2026-000315,20000000-0000-4000-8000-000000000315
30000000-0000-4000-8000-000000000315D,BANKREF-3HLI32BS5MD,612304795399,432643,2026-06-18,NEFT CR-ORD-2026-000315,20000000-0000-4000-8000-000000000315
30000000-0000-4000-8000-000000000316,BANKREF-W74WQNG6N1,465715151074,1320972,2026-08-04,NEFT CR-ORD-2026-000316,20000000-0000-4000-8000-000000000316
30000000-0000-4000-8000-000000000317,BANKREF-UV94C8MA30,699761140354,1046731,2026-06-24,NEFT CR-ORD-2026-000317,20000000-0000-4000-8000-000000000317
30000000-0000-4000-8000-000000000318,BANKREF-324ZBL5KZH,036743490655,351699,2026-07-09,NEFT CR-ORD-2026-000318,20000000-0000-4000-8000-000000000318
30000000-0000-4000-8000-000000000319,BANKREF-Q4TP1NA6KS,320740194962,353750,2026-06-20,NEFT CR-ORD-2026-000319,20000000-0000-4000-8000-000000000319
30000000-0000-4000-8000-000000000320,BANKREF-UGT47S151M,828374812164,498647,2026-06-24,NEFT CR-ORD-2026-000320,20000000-0000-4000-8000-000000000320
30000000-0000-4000-8000-000000000321,BANKREF-8GEEJGBJXG,886734070066,211098,2026-06-23,NEFT CR-ORD-2026-000321,20000000-0000-4000-8000-000000000321
30000000-0000-4000-8000-000000000323,BANKREF-2BM2O2ZCMO,503430419507,260992,2026-06-21,NEFT CR-ORD-2026-000323,20000000-0000-4000-8000-000000000323
30000000-0000-4000-8000-000000000324,BANKREF-31K26GFXAM,257179753874,757589,2026-08-04,NEFT CR-ORD-2026-000324,20000000-0000-4000-8000-000000000324
30000000-0000-4000-8000-000000000325,BANKREF-025JU26SPH,300532528505,1006473,2026-08-09,NEFT CR-ORD-2026-000325,20000000-0000-4000-8000-000000000325
30000000-0000-4000-8000-000000000326,BANKREF-G9H0Y05ML5,700537794560,804358,2026-06-19,NEFT CR-ORD-2026-000326,20000000-0000-4000-8000-000000000326
30000000-0000-4000-8000-000000000327,BANKREF-RJIB739SYI,108900836532,1248132,2026-06-27,NEFT CR-ORD-2026-000327,20000000-0000-4000-8000-000000000327
30000000-0000-4000-8000-000000000328,BANKREF-XSV18F6FTS,023129613929,1200248,2026-06-28,NEFT CR-ORD-2026-000328,20000000-0000-4000-8000-000000000328
30000000-0000-4000-8000-000000000329,BANKREF-9E07PMEXJT,344728897379,490739,2026-08-29,NEFT CR-ORD-2026-000329,20000000-0000-4000-8000-000000000329
30000000-0000-4000-8000-000000000330,BANKREF-9S4ZNMZOFE,996498482648,303660,2026-07-24,NEFT CR-ORD-2026-000330,20000000-0000-4000-8000-000000000330
30000000-0000-4000-8000-000000000331,BANKREF-XJK31DZRHT,540622675887,944276,2026-06-09,NEFT CR-ORD-2026-000331,20000000-0000-4000-8000-000000000331
30000000-0000-4000-8000-000000000333,BANKREF-0VQXO2DWN7,796670506868,1400255,2026-08-09,NEFT CR-ORD-2026-000333,20000000-0000-4000-8000-000000000333
30000000-0000-4000-8000-000000000334,BANKREF-JREHMIQP56,075673385066,34467,2026-07-21,NEFT CR-ORD-2026-000334,20000000-0000-4000-8000-000000000334
30000000-0000-4000-8000-000000000334D,BANKREF-G1HOG8EV2ND,633434346061,34467,2026-07-22,NEFT CR-ORD-2026-000334,20000000-0000-4000-8000-000000000334
30000000-0000-4000-8000-000000000335,BANKREF-3LIFNCRN3T,327269825038,1134382,2026-07-05,NEFT CR-ORD-2026-000335,20000000-0000-4000-8000-000000000335
30000000-0000-4000-8000-000000000336,BANKREF-0AKK14NK1Q,001405132656,692268,2026-07-27,NEFT CR-ORD-2026-000336,20000000-0000-4000-8000-000000000336
30000000-0000-4000-8000-000000000337,BANKREF-YF84Z7HT7R,631845408675,1082535,2026-08-03,NEFT CR-ORD-2026-000337,20000000-0000-4000-8000-000000000337
30000000-0000-4000-8000-000000000338,BANKREF-4V5I2J4R40,171716410438,965367,2026-06-27,NEFT CR-ORD-2026-000338,20000000-0000-4000-8000-000000000338
30000000-0000-4000-8000-000000000339,BANKREF-CT5Q5173C7,478692118193,212465,2026-07-08,NEFT CR-ORD-2026-000339,20000000-0000-4000-8000-000000000339
30000000-0000-4000-8000-000000000340,BANKREF-C3ZQX3QFXM,246634084844,1399962,2026-08-04,NEFT CR-ORD-2026-000340,20000000-0000-4000-8000-000000000340
30000000-0000-4000-8000-000000000341,BANKREF-M9E5IMLZ6I,455562171183,1373502,2026-07-17,NEFT CR-ORD-2026-000341,20000000-0000-4000-8000-000000000341
30000000-0000-4000-8000-000000000342,BANKREF-XU6M9DEOCI,424982365921,702032,2026-08-12,NEFT CR-ORD-2026-000342,20000000-0000-4000-8000-000000000342
30000000-0000-4000-8000-000000000343,BANKREF-Q9N04FDTZJ,739757935446,1443705,2026-08-14,NEFT CR-ORD-2026-000343,20000000-0000-4000-8000-000000000343
30000000-0000-4000-8000-000000000344,BANKREF-N75WLN2OTG,801176618214,353652,2026-06-19,NEFT CR-ORD-2026-000344,20000000-0000-4000-8000-000000000344
30000000-0000-4000-8000-000000000345,BANKREF-B1UI1TGF4D,928640546321,1428473,2026-06-17,NEFT CR-ORD-2026-000345,20000000-0000-4000-8000-000000000345
30000000-0000-4000-8000-000000000346,BANKREF-M6K6HGQ6SR,490822260240,1348701,2026-06-06,NEFT CR-ORD-2026-000346,20000000-0000-4000-8000-000000000346
30000000-0000-4000-8000-000000000347,BANKREF-PUKQHPZCA8,528637207276,179462,2026-07-21,NEFT CR-ORD-2026-000347,20000000-0000-4000-8000-000000000347
30000000-0000-4000-8000-000000000348,BANKREF-NKYS30U7FR,651730485093,1268832,2026-08-27,NEFT CR-ORD-2026-000348,20000000-0000-4000-8000-000000000348
30000000-0000-4000-8000-000000000350,BANKREF-UFEQJ4PZC5,644287419684,675766,2026-08-09,NEFT CR-ORD-2026-000350,20000000-0000-4000-8000-000000000350
30000000-0000-4000-8000-000000000351,BANKREF-8K9VAK1VPA,316840261929,303075,2026-06-18,NEFT CR-ORD-2026-000351,20000000-0000-4000-8000-000000000351
30000000-0000-4000-8000-000000000352,BANKREF-LHQBR79OKQ,006068844564,1277326,2026-07-27,NEFT CR-ORD-2026-000352,20000000-0000-4000-8000-000000000352
30000000-0000-4000-8000-000000000353,BANKREF-WQW29PY5KH,836635840172,1411386,2026-08-09,NEFT CR-ORD-2026-000353,20000000-0000-4000-8000-000000000353
30000000-0000-4000-8000-000000000354,BANKREF-Z322KAIOZ4,851859239411,247517,2026-06-08,NEFT CR-ORD-2026-000354,20000000-0000-4000-8000-000000000354
30000000-0000-4000-8000-000000000355,BANKREF-V020ILTR9U,446370121582,703887,2026-08-15,NEFT CR-ORD-2026-000355,20000000-0000-4000-8000-000000000355
30000000-0000-4000-8000-000000000356,BANKREF-64QBWPLYK0,662067152809,205418,2026-06-15,NEFT CR-ORD-2026-000356,20000000-0000-4000-8000-000000000356
30000000-0000-4000-8000-000000000357,BANKREF-I7REFICGXL,404460932056,973469,2026-07-09,NEFT CR-ORD-2026-000357,20000000-0000-4000-8000-000000000357
30000000-0000-4000-8000-000000000358,BANKREF-1V2W9Y49DZ,915323908530,1131257,2026-08-26,NEFT CR-ORD-2026-000358,20000000-0000-4000-8000-000000000358
30000000-0000-4000-8000-000000000359,BANKREF-YVOF70IN3T,629765031609,1206342,2026-07-18,NEFT CR-ORD-2026-000359,20000000-0000-4000-8000-000000000359
30000000-0000-4000-8000-000000000360,BANKREF-5CH4FODMJM,013115424691,1154105,2026-07-27,NEFT CR-ORD-2026-000360,20000000-0000-4000-8000-000000000360
30000000-0000-4000-8000-000000000361,BANKREF-7N9EN0KERT,423438303400,980208,2026-07-23,NEFT CR-ORD-2026-000361,20000000-0000-4000-8000-000000000361
30000000-0000-4000-8000-000000000362,BANKREF-E8M3RKL39V,137922351057,159739,2026-06-25,NEFT CR-ORD-2026-000362,20000000-0000-4000-8000-000000000362
30000000-0000-4000-8000-000000000363,BANKREF-M9NNC8YCI0,948305531325,575881,2026-06-16,NEFT CR-ORD-2026-000363,20000000-0000-4000-8000-000000000363
30000000-0000-4000-8000-000000000364,BANKREF-NQ189Y42DJ,881103428176,926701,2026-07-23,NEFT CR-ORD-2026-000364,20000000-0000-4000-8000-000000000364
30000000-0000-4000-8000-000000000366,BANKREF-EO6PPYWH8E,087921746794,398176,2026-07-07,NEFT CR-ORD-2026-000366,20000000-0000-4000-8000-000000000366
30000000-0000-4000-8000-000000000366D,BANKREF-QHC5S88OKRD,942327336712,398176,2026-07-08,NEFT CR-ORD-2026-000366,20000000-0000-4000-8000-000000000366
30000000-0000-4000-8000-000000000367,BANKREF-JVXHSHV1Y0,878505745633,775945,2026-08-28,NEFT CR-ORD-2026-000367,20000000-0000-4000-8000-000000000367
30000000-0000-4000-8000-000000000368,BANKREF-7K37FOQSR4,759146606923,1142681,2026-07-27,NEFT CR-ORD-2026-000368,20000000-0000-4000-8000-000000000368
30000000-0000-4000-8000-000000000369,BANKREF-PNEDL60YOK,499373409240,1135260,2026-08-25,NEFT CR-ORD-2026-000369,20000000-0000-4000-8000-000000000369
30000000-0000-4000-8000-000000000370,BANKREF-OBW3J6SOG2,306506872607,857279,2026-08-25,NEFT CR-ORD-2026-000370,20000000-0000-4000-8000-000000000370
30000000-0000-4000-8000-000000000371,BANKREF-VWTF9AZJF5,889359156848,1337082,2026-06-12,NEFT CR-ORD-2026-000371,20000000-0000-4000-8000-000000000371
30000000-0000-4000-8000-000000000371D,BANKREF-BD0XQTQV8ED,354295105783,1337082,2026-06-12,NEFT CR-ORD-2026-000371,20000000-0000-4000-8000-000000000371
30000000-0000-4000-8000-000000000372,BANKREF-QSKFNNMLWV,041172445598,1417245,2026-06-10,NEFT CR-ORD-2026-000372,20000000-0000-4000-8000-000000000372
30000000-0000-4000-8000-000000000373,BANKREF-ULVUKSVZOO,555420104023,1106066,2026-08-03,NEFT CR-ORD-2026-000373,20000000-0000-4000-8000-000000000373
30000000-0000-4000-8000-000000000374,BANKREF-T6I6S7PK67,234354572936,202603,2026-08-19,NEFT CR-ORD-2026-000374,20000000-0000-4000-8000-000000000374
30000000-0000-4000-8000-000000000375,BANKREF-7924HTPL13,767548658163,683642,2026-08-30,NEFT CR-ORD-2026-000375,20000000-0000-4000-8000-000000000375
30000000-0000-4000-8000-000000000376,BANKREF-81HBUDU7XX,921087037557,590722,2026-06-13,NEFT CR-ORD-2026-000376,20000000-0000-4000-8000-000000000376
30000000-0000-4000-8000-000000000376D,BANKREF-86K24ZN0MWD,320629910001,590722,2026-06-13,NEFT CR-ORD-2026-000376,20000000-0000-4000-8000-000000000376
30000000-0000-4000-8000-000000000377,BANKREF-80UXN3E6OQ,179490979289,841071,2026-08-11,NEFT CR-ORD-2026-000377,20000000-0000-4000-8000-000000000377
30000000-0000-4000-8000-000000000378,BANKREF-F33DNREHU2,393635116388,233164,2026-08-15,NEFT CR-ORD-2026-000378,20000000-0000-4000-8000-000000000378
30000000-0000-4000-8000-000000000379,BANKREF-UHMEZVSQ3H,162524645053,136792,2026-07-25,NEFT CR-ORD-2026-000379,20000000-0000-4000-8000-000000000379
30000000-0000-4000-8000-000000000380,BANKREF-I3C7G0ABGB,943699038170,179169,2026-09-14,NEFT CR-ORD-2026-000380,20000000-0000-4000-8000-000000000380
30000000-0000-4000-8000-000000000381,BANKREF-JLIDIGGN92,172842135286,665221,2026-08-12,NEFT CR-ORD-2026-000381,20000000-0000-4000-8000-000000000381
30000000-0000-4000-8000-000000000382,BANKREF-NIXC6ODR9H,453249274322,296533,2026-07-08,NEFT CR-ORD-2026-000382,20000000-0000-4000-8000-000000000382
30000000-0000-4000-8000-000000000383,BANKREF-OTKQXW112C,086518514008,223010,2026-06-18,NEFT CR-ORD-2026-000383,20000000-0000-4000-8000-000000000383
30000000-0000-4000-8000-000000000384,BANKREF-1H3VQ0V3WK,282806149750,626556,2026-07-03,NEFT CR-ORD-2026-000384,20000000-0000-4000-8000-000000000384
30000000-0000-4000-8000-000000000385,BANKREF-3TYDCCPVB9,904957600869,1094740,2026-07-10,NEFT CR-ORD-2026-000385,20000000-0000-4000-8000-000000000385
30000000-0000-4000-8000-000000000386,BANKREF-C2DZDRHEZU,380196095800,866653,2026-08-27,NEFT CR-ORD-2026-000386,20000000-0000-4000-8000-000000000386
30000000-0000-4000-8000-000000000387,BANKREF-HBVPXNOJMG,374301348945,754269,2026-08-16,NEFT CR-ORD-2026-000387,20000000-0000-4000-8000-000000000387
30000000-0000-4000-8000-000000000388,BANKREF-RXC4XJ4A3S,941074880684,460763,2026-06-02,NEFT CR-ORD-2026-000388,20000000-0000-4000-8000-000000000388
30000000-0000-4000-8000-000000000389,BANKREF-I6DEIY38LL,741751874176,1094935,2026-06-16,NEFT CR-ORD-2026-000389,20000000-0000-4000-8000-000000000389
30000000-0000-4000-8000-000000000390,BANKREF-AHM9UZA9QV,112677292750,84849,2026-06-30,NEFT CR-ORD-2026-000390,20000000-0000-4000-8000-000000000390
30000000-0000-4000-8000-000000000391,BANKREF-O7PUK6CMWS,176163248818,536337,2026-07-21,NEFT CR-ORD-2026-000391,20000000-0000-4000-8000-000000000391
30000000-0000-4000-8000-000000000391D,BANKREF-TYIFJHS1JQD,113286334850,536337,2026-07-21,NEFT CR-ORD-2026-000391,20000000-0000-4000-8000-000000000391
30000000-0000-4000-8000-000000000392,BANKREF-ADQ7GEYV6N,288398791210,920159,2026-08-09,NEFT CR-ORD-2026-000392,20000000-0000-4000-8000-000000000392
30000000-0000-4000-8000-000000000393,BANKREF-IK209EI8XQ,950327847127,31538,2026-06-24,NEFT CR-ORD-2026-000393,20000000-0000-4000-8000-000000000393
30000000-0000-4000-8000-000000000394,BANKREF-WHIFYEMF5N,676324086109,1138092,2026-08-07,NEFT CR-ORD-2026-000394,20000000-0000-4000-8000-000000000394
30000000-0000-4000-8000-000000000395,BANKREF-DJ532FPKP5,883849339948,1347432,2026-07-31,NEFT CR-ORD-2026-000395,20000000-0000-4000-8000-000000000395
30000000-0000-4000-8000-000000000396,BANKREF-VILAP1J55C,538691724589,521691,2026-06-06,NEFT CR-ORD-2026-000396,20000000-0000-4000-8000-000000000396
30000000-0000-4000-8000-000000000397,BANKREF-Y423PACE2F,888755232952,478338,2026-06-03,NEFT CR-ORD-2026-000397,20000000-0000-4000-8000-000000000397
30000000-0000-4000-8000-000000000398,BANKREF-N385C6KDM6,786509757726,1377700,2026-08-04,NEFT CR-ORD-2026-000398,20000000-0000-4000-8000-000000000398
30000000-0000-4000-8000-000000000399,BANKREF-OVYXHZPDSO,954058337561,117656,2026-09-10,NEFT CR-ORD-2026-000399,20000000-0000-4000-8000-000000000399
30000000-0000-4000-8000-000000000400,BANKREF-VH31A2MF3G,745620370383,1439173,2026-08-24,NEFT CR-ORD-2026-000400,20000000-0000-4000-8000-000000000400
30000000-0000-4000-8000-000000000401,BANKREF-A6FBF4FKKH,607486906974,189715,2026-07-24,NEFT CR-ORD-2026-000401,20000000-0000-4000-8000-000000000401
30000000-0000-4000-8000-000000000402,BANKREF-1IWAAYRIBE,461937007940,951307,2026-08-16,NEFT CR-ORD-2026-000402,20000000-0000-4000-8000-000000000402
30000000-0000-4000-8000-000000000403,BANKREF-D9REXPFSLT,289941086760,661413,2026-08-27,NEFT CR-ORD-2026-000403,20000000-0000-4000-8000-000000000403
30000000-0000-4000-8000-000000000404,BANKREF-TS03L38GX8,390597607022,157493,2026-07-25,NEFT CR-ORD-2026-000404,20000000-0000-4000-8000-000000000404
30000000-0000-4000-8000-000000000405,BANKREF-AWRHQS9DVE,366448671846,698809,2026-07-06,NEFT CR-ORD-2026-000405,20000000-0000-4000-8000-000000000405
30000000-0000-4000-8000-000000000406,BANKREF-G7V6TVQUIL,513444983089,811681,2026-08-19,NEFT CR-ORD-2026-000406,20000000-0000-4000-8000-000000000406
30000000-0000-4000-8000-000000000407,BANKREF-SQ4RX9WX1V,018306364170,58779,2026-07-15,NEFT CR-ORD-2026-000407,20000000-0000-4000-8000-000000000407
30000000-0000-4000-8000-000000000408,BANKREF-31K88NO1RB,397339230345,980403,2026-06-08,NEFT CR-ORD-2026-000408,20000000-0000-4000-8000-000000000408
30000000-0000-4000-8000-000000000408D,BANKREF-M5H0JHK0I7D,354144432318,980403,2026-06-10,NEFT CR-ORD-2026-000408,20000000-0000-4000-8000-000000000408
30000000-0000-4000-8000-000000000409,BANKREF-G9VHBQI064,527366290153,603122,2026-07-05,NEFT CR-ORD-2026-000409,20000000-0000-4000-8000-000000000409
30000000-0000-4000-8000-000000000410,BANKREF-53FPY63MYS,455633064069,1101770,2026-07-17,NEFT CR-ORD-2026-000410,20000000-0000-4000-8000-000000000410
30000000-0000-4000-8000-000000000411,BANKREF-1BJE9XOAWC,508272630793,390755,2026-08-21,NEFT CR-ORD-2026-000411,20000000-0000-4000-8000-000000000411
30000000-0000-4000-8000-000000000412,BANKREF-Q1PQVCZKAK,285762839006,1189591,2026-08-27,NEFT CR-ORD-2026-000412,20000000-0000-4000-8000-000000000412
30000000-0000-4000-8000-000000000413,BANKREF-YPR1MUYRPK,878080208116,793325,2026-08-11,NEFT CR-ORD-2026-000413,20000000-0000-4000-8000-000000000413
30000000-0000-4000-8000-000000000414,BANKREF-C5LIKCTFAI,617177607317,915961,2026-06-26,NEFT CR-ORD-2026-000414,20000000-0000-4000-8000-000000000414
30000000-0000-4000-8000-000000000415,BANKREF-DHAN15VCJX,394463311404,683773,2026-07-11,NEFT CR-ORD-2026-000415,20000000-0000-4000-8000-000000000415
30000000-0000-4000-8000-000000000416,BANKREF-KONRHHKYCQ,761632269729,1120126,2026-06-06,NEFT CR-ORD-2026-000416,20000000-0000-4000-8000-000000000416
30000000-0000-4000-8000-000000000417,BANKREF-KBJN7FDTGS,211016796846,62880,2026-07-29,NEFT CR-ORD-2026-000417,20000000-0000-4000-8000-000000000417
30000000-0000-4000-8000-000000000418,BANKREF-DO3GQ83QG5,443445058565,1185740,2026-06-25,NEFT CR-ORD-2026-000418,20000000-0000-4000-8000-000000000418
30000000-0000-4000-8000-000000000419,BANKREF-SLIZ63IVV1,142761978180,104426,2026-06-19,NEFT CR-ORD-2026-000419,20000000-0000-4000-8000-000000000419
30000000-0000-4000-8000-000000000420,BANKREF-S01WXPXN2T,127576114716,535555,2026-07-04,NEFT CR-ORD-2026-000420,20000000-0000-4000-8000-000000000420
30000000-0000-4000-8000-000000000421,BANKREF-6DTXLJK85J,661287064380,660046,2026-08-21,NEFT CR-ORD-2026-000421,20000000-0000-4000-8000-000000000421
30000000-0000-4000-8000-000000000423,BANKREF-WT1VAWI2EX,823651422569,1114170,2026-07-21,NEFT CR-ORD-2026-000423,20000000-0000-4000-8000-000000000423
30000000-0000-4000-8000-000000000425,BANKREF-12MESQ790V,439456207486,52726,2026-07-20,NEFT CR-ORD-2026-000425,20000000-0000-4000-8000-000000000425
30000000-0000-4000-8000-000000000426,BANKREF-VXPSA97L6X,747723087215,101741,2026-07-08,NEFT CR-ORD-2026-000426,20000000-0000-4000-8000-000000000426
30000000-0000-4000-8000-000000000427,BANKREF-SHZD14FTNM,962765399433,1349482,2026-08-23,NEFT CR-ORD-2026-000427,20000000-0000-4000-8000-000000000427
30000000-0000-4000-8000-000000000428,BANKREF-QPY6N7QLBW,996824732222,1445560,2026-07-03,NEFT CR-ORD-2026-000428,20000000-0000-4000-8000-000000000428
30000000-0000-4000-8000-000000000429,BANKREF-02NMSIKJI9,864299814969,240683,2026-06-29,NEFT CR-ORD-2026-000429,20000000-0000-4000-8000-000000000429
30000000-0000-4000-8000-000000000430,BANKREF-SYKQVOX2N5,703149506077,1397912,2026-06-08,NEFT CR-ORD-2026-000430,20000000-0000-4000-8000-000000000430
30000000-0000-4000-8000-000000000431,BANKREF-GVKA65FZ2R,230967438432,25191,2026-06-04,NEFT CR-ORD-2026-000431,20000000-0000-4000-8000-000000000431
30000000-0000-4000-8000-000000000432,BANKREF-MS55NMWHH4,537557001588,141480,2026-08-06,NEFT CR-ORD-2026-000432,20000000-0000-4000-8000-000000000432
30000000-0000-4000-8000-000000000432D,BANKREF-JZ9G6DVNQ4D,988710341007,141480,2026-08-06,NEFT CR-ORD-2026-000432,20000000-0000-4000-8000-000000000432
30000000-0000-4000-8000-000000000433,BANKREF-F74VMBLCW0,141636600787,418485,2026-08-20,NEFT CR-ORD-2026-000433,20000000-0000-4000-8000-000000000433
30000000-0000-4000-8000-000000000434,BANKREF-1TQZFB8X6J,341859132170,231212,2026-06-25,NEFT CR-ORD-2026-000434,20000000-0000-4000-8000-000000000434
30000000-0000-4000-8000-000000000435,BANKREF-B6L4PESRSS,734996226068,1434527,2026-06-06,NEFT CR-ORD-2026-000435,20000000-0000-4000-8000-000000000435
30000000-0000-4000-8000-000000000436,BANKREF-308IPUV58O,205717482558,56241,2026-08-15,NEFT CR-ORD-2026-000436,20000000-0000-4000-8000-000000000436
30000000-0000-4000-8000-000000000437,BANKREF-2H90U3RFIW,048675156279,1354657,2026-06-26,NEFT CR-ORD-2026-000437,20000000-0000-4000-8000-000000000437
30000000-0000-4000-8000-000000000438,BANKREF-4OGB1LRXGK,125736135552,1099682,2026-08-20,NEFT CR-ORD-2026-000438,20000000-0000-4000-8000-000000000438
30000000-0000-4000-8000-000000000439,BANKREF-RBLH74KUDY,783466830989,151830,2026-06-09,NEFT CR-ORD-2026-000439,20000000-0000-4000-8000-000000000439
30000000-0000-4000-8000-000000000440,BANKREF-CUYK2VFHD7,617756644433,1360613,2026-07-22,NEFT CR-ORD-2026-000440,20000000-0000-4000-8000-000000000440
30000000-0000-4000-8000-000000000441,BANKREF-D8XQ41WJX3,664194541367,49406,2026-08-27,NEFT CR-ORD-2026-000441,20000000-0000-4000-8000-000000000441
30000000-0000-4000-8000-000000000442,BANKREF-H02WPKQJ39,472964882257,171749,2026-06-30,NEFT CR-ORD-2026-000442,20000000-0000-4000-8000-000000000442
30000000-0000-4000-8000-000000000443,BANKREF-U2X17POI92,428775001527,86118,2026-06-20,NEFT CR-ORD-2026-000443,20000000-0000-4000-8000-000000000443
30000000-0000-4000-8000-000000000444,BANKREF-21PN3OAG4G,948452708854,1300565,2026-08-04,NEFT CR-ORD-2026-000444,20000000-0000-4000-8000-000000000444
30000000-0000-4000-8000-000000000445,BANKREF-DD1T46MH7G,961286154943,160911,2026-06-18,NEFT CR-ORD-2026-000445,20000000-0000-4000-8000-000000000445
30000000-0000-4000-8000-000000000446,BANKREF-N0NRXYCO8R,058302582281,1264926,2026-08-20,NEFT CR-ORD-2026-000446,20000000-0000-4000-8000-000000000446
30000000-0000-4000-8000-000000000446D,BANKREF-X2JPKVCBZYD,263975977621,1264926,2026-08-21,NEFT CR-ORD-2026-000446,20000000-0000-4000-8000-000000000446
30000000-0000-4000-8000-000000000447,BANKREF-SF4VH9T13G,860328843257,1147465,2026-06-09,NEFT CR-ORD-2026-000447,20000000-0000-4000-8000-000000000447
30000000-0000-4000-8000-000000000448,BANKREF-ADOTIWTLIN,274848403239,214710,2026-06-03,NEFT CR-ORD-2026-000448,20000000-0000-4000-8000-000000000448
30000000-0000-4000-8000-000000000449,BANKREF-4FBV46MU62,411494342744,1101282,2026-06-18,NEFT CR-ORD-2026-000449,20000000-0000-4000-8000-000000000449
30000000-0000-4000-8000-000000000450,BANKREF-56PNBXU6ON,458890704231,1283575,2026-06-28,NEFT CR-ORD-2026-000450,20000000-0000-4000-8000-000000000450
30000000-0000-4000-8000-000000000451,BANKREF-TO2VDSIZB2,825835731967,295166,2026-06-17,NEFT CR-ORD-2026-000451,20000000-0000-4000-8000-000000000451
30000000-0000-4000-8000-000000000452,BANKREF-U8781XTQSR,952708857184,428835,2026-06-27,NEFT CR-ORD-2026-000452,20000000-0000-4000-8000-000000000452
30000000-0000-4000-8000-000000000452D,BANKREF-LEAHGUAALZD,143091177083,428835,2026-06-28,NEFT CR-ORD-2026-000452,20000000-0000-4000-8000-000000000452
30000000-0000-4000-8000-000000000453,BANKREF-FITOZABDJQ,524075506037,126249,2026-07-17,NEFT CR-ORD-2026-000453,20000000-0000-4000-8000-000000000453
30000000-0000-4000-8000-000000000454,BANKREF-42XCV96Q3Q,617315424330,813439,2026-06-21,NEFT CR-ORD-2026-000454,20000000-0000-4000-8000-000000000454
30000000-0000-4000-8000-000000000455,BANKREF-4WU1I7XXEQ,896750064418,1128133,2026-06-23,NEFT CR-ORD-2026-000455,20000000-0000-4000-8000-000000000455
30000000-0000-4000-8000-000000000456,BANKREF-WSEVI9V9J2,156896344677,1130476,2026-07-11,NEFT CR-ORD-2026-000456,20000000-0000-4000-8000-000000000456
30000000-0000-4000-8000-000000000457,BANKREF-EWV000PN58,219640327519,417997,2026-08-21,NEFT CR-ORD-2026-000457,20000000-0000-4000-8000-000000000457
30000000-0000-4000-8000-000000000458,BANKREF-BIEDBZNMTR,892901886930,830521,2026-07-19,NEFT CR-ORD-2026-000458,20000000-0000-4000-8000-000000000458
30000000-0000-4000-8000-000000000459,BANKREF-2GSX9OA2EO,806539430749,269389,2026-06-18,NEFT CR-ORD-2026-000459,20000000-0000-4000-8000-000000000459
30000000-0000-4000-8000-000000000460,BANKREF-B26XNISOSZ,708345966397,481951,2026-07-22,NEFT CR-ORD-2026-000460,20000000-0000-4000-8000-000000000460
30000000-0000-4000-8000-000000000461,BANKREF-XMKTO6JRU7,354383414306,627630,2026-06-24,NEFT CR-ORD-2026-000461,20000000-0000-4000-8000-000000000461
30000000-0000-4000-8000-000000000462,BANKREF-4FXEN3MACM,509765528445,350918,2026-07-16,NEFT CR-ORD-2026-000462,20000000-0000-4000-8000-000000000462
30000000-0000-4000-8000-000000000463,BANKREF-FMQLOAEBI8,034891365781,515051,2026-07-02,NEFT CR-ORD-2026-000463,20000000-0000-4000-8000-000000000463
30000000-0000-4000-8000-000000000464,BANKREF-JTO0IQQKB7,889016689762,284914,2026-06-26,NEFT CR-ORD-2026-000464,20000000-0000-4000-8000-000000000464
30000000-0000-4000-8000-000000000465,BANKREF-L8MDZFWQVA,303077894284,29585,2026-06-19,NEFT CR-ORD-2026-000465,20000000-0000-4000-8000-000000000465
30000000-0000-4000-8000-000000000466,BANKREF-D3OKANIP3M,975393080966,54190,2026-08-05,NEFT CR-ORD-2026-000466,20000000-0000-4000-8000-000000000466
30000000-0000-4000-8000-000000000467,BANKREF-XL6V337PD7,017400610209,1278108,2026-07-25,NEFT CR-ORD-2026-000467,20000000-0000-4000-8000-000000000467
30000000-0000-4000-8000-000000000468,BANKREF-XQDQ851ZFS,719788833681,1377896,2026-07-18,NEFT CR-ORD-2026-000468,20000000-0000-4000-8000-000000000468
30000000-0000-4000-8000-000000000469,BANKREF-OO3TVA7XWL,482721697937,1318433,2026-07-02,NEFT CR-ORD-2026-000469,20000000-0000-4000-8000-000000000469
30000000-0000-4000-8000-000000000470,BANKREF-XG4XNUBY86,884190221694,534774,2026-08-30,NEFT CR-ORD-2026-000470,20000000-0000-4000-8000-000000000470
30000000-0000-4000-8000-000000000471,BANKREF-OQJ4F2XZ0X,918188891825,1024244,2026-06-12,NEFT CR-ORD-2026-000471,20000000-0000-4000-8000-000000000471
30000000-0000-4000-8000-000000000472,BANKREF-VXY16ZGRRV,130172321489,927482,2026-06-16,NEFT CR-ORD-2026-000472,20000000-0000-4000-8000-000000000472
30000000-0000-4000-8000-000000000473,BANKREF-ZP8OX5DF8K,820003275196,365467,2026-07-12,NEFT CR-ORD-2026-000473,20000000-0000-4000-8000-000000000473
30000000-0000-4000-8000-000000000474,BANKREF-1HOCW0MDZA,305667718202,242245,2026-06-12,NEFT CR-ORD-2026-000474,20000000-0000-4000-8000-000000000474
30000000-0000-4000-8000-000000000475,BANKREF-I4JKJ7OPJQ,052750704198,234727,2026-08-30,NEFT CR-ORD-2026-000475,20000000-0000-4000-8000-000000000475
30000000-0000-4000-8000-000000000478,BANKREF-C543EV6NZ8,763807343468,559687,2026-07-12,NEFT CR-ORD-2026-000478,20000000-0000-4000-8000-000000000478
30000000-0000-4000-8000-000000000479,BANKREF-JP0ESUSWIY,929777574881,1252446,2026-08-18,NEFT CR-ORD-2026-000479,20000000-0000-4000-8000-000000000479
30000000-0000-4000-8000-000000000480,BANKREF-2LYXJ2J4BO,914373624356,544636,2026-08-19,NEFT CR-ORD-2026-000480,20000000-0000-4000-8000-000000000480
30000000-0000-4000-8000-000000000481,BANKREF-CPY34QN5Y4,306453117522,418485,2026-08-28,NEFT CR-ORD-2026-000481,20000000-0000-4000-8000-000000000481
30000000-0000-4000-8000-000000000482,BANKREF-NZ9B9BOQCP,397577115260,949842,2026-08-08,NEFT CR-ORD-2026-000482,20000000-0000-4000-8000-000000000482
30000000-0000-4000-8000-000000000483,BANKREF-1VY7HXR4G0,064017257989,783463,2026-06-12,NEFT CR-ORD-2026-000483,20000000-0000-4000-8000-000000000483
30000000-0000-4000-8000-000000000484,BANKREF-13VW40F72V,182419005856,47160,2026-07-08,NEFT CR-ORD-2026-000484,20000000-0000-4000-8000-000000000484
30000000-0000-4000-8000-000000000485,BANKREF-X58PZJ3MNH,564550066444,310300,2026-07-06,NEFT CR-ORD-2026-000485,20000000-0000-4000-8000-000000000485
30000000-0000-4000-8000-000000000486,BANKREF-N98UNCQS65,791623603050,157591,2026-08-26,NEFT CR-ORD-2026-000486,20000000-0000-4000-8000-000000000486
30000000-0000-4000-8000-000000000487,BANKREF-7UAYBDTN0A,032469261091,1108702,2026-06-25,NEFT CR-ORD-2026-000487,20000000-0000-4000-8000-000000000487
30000000-0000-4000-8000-000000000488,BANKREF-I791522OU2,631639834073,993679,2026-07-02,NEFT CR-ORD-2026-000488,20000000-0000-4000-8000-000000000488
30000000-0000-4000-8000-000000000489,BANKREF-258JY6VY0V,803516067129,1299100,2026-06-09,NEFT CR-ORD-2026-000489,20000000-0000-4000-8000-000000000489
30000000-0000-4000-8000-000000000490,BANKREF-78RTJR2GJC,130286848865,1423298,2026-06-24,NEFT CR-ORD-2026-000490,20000000-0000-4000-8000-000000000490
30000000-0000-4000-8000-000000000491,BANKREF-44T2RIZYO7,035477289804,747239,2026-06-09,NEFT CR-ORD-2026-000491,20000000-0000-4000-8000-000000000491
30000000-0000-4000-8000-000000000492,BANKREF-UR1BOCZKWS,533380918611,848785,2026-06-14,NEFT CR-ORD-2026-000492,20000000-0000-4000-8000-000000000492
30000000-0000-4000-8000-000000000493,BANKREF-HPNPK270TE,977114302094,1146977,2026-08-10,NEFT CR-ORD-2026-000493,20000000-0000-4000-8000-000000000493
30000000-0000-4000-8000-000000000494,BANKREF-1HW3GM7Q6L,127933957725,1348994,2026-06-21,NEFT CR-ORD-2026-000494,20000000-0000-4000-8000-000000000494
30000000-0000-4000-8000-000000000495,BANKREF-MQYBXPFYJL,862124053017,1058027,2026-07-06,NEFT CR-ORD-2026-000495,20000000-0000-4000-8000-000000000495
30000000-0000-4000-8000-000000000496,BANKREF-7NPWQ6YK8M,359038261701,940664,2026-08-04,NEFT CR-ORD-2026-000496,20000000-0000-4000-8000-000000000496
30000000-0000-4000-8000-000000000497,BANKREF-RNWJHS1F8G,762701982712,1419686,2026-06-27,NEFT CR-ORD-2026-000497,20000000-0000-4000-8000-000000000497
30000000-0000-4000-8000-000000000498,BANKREF-00I2ZRHVYP,145042171768,482635,2026-07-08,NEFT CR-ORD-2026-000498,20000000-0000-4000-8000-000000000498
30000000-0000-4000-8000-000000000499,BANKREF-15WR99ZZCR,066901572381,823203,2026-06-02,NEFT CR-ORD-2026-000499,20000000-0000-4000-8000-000000000499
30000000-0000-4000-8000-000000000500,BANKREF-L519881UN1,034052989368,56045,2026-08-05,NEFT CR-ORD-2026-000500,20000000-0000-4000-8000-000000000500
30000000-0000-4000-8000-000000000501,BANKREF-GS664FN80M,916154023872,368396,2026-08-15,NEFT CR-ORD-2026-000501,20000000-0000-4000-8000-000000000501
30000000-0000-4000-8000-000000000502,BANKREF-MKSD1JCPTZ,778051398805,916547,2026-06-30,NEFT CR-ORD-2026-000502,20000000-0000-4000-8000-000000000502
30000000-0000-4000-8000-000000000503,BANKREF-4D8XERFHS2,421089482723,1216790,2026-08-10,NEFT CR-ORD-2026-000503,20000000-0000-4000-8000-000000000503
30000000-0000-4000-8000-000000000504,BANKREF-ZU5E3VMK0P,310768634410,539070,2026-08-25,NEFT CR-ORD-2026-000504,20000000-0000-4000-8000-000000000504
30000000-0000-4000-8000-000000000505,BANKREF-YWWMOC0BJ9,955092688833,683089,2026-08-30,NEFT CR-ORD-2026-000505,20000000-0000-4000-8000-000000000505
30000000-0000-4000-8000-000000000506,BANKREF-RUEOC7JNX8,982748178498,342521,2026-08-12,NEFT CR-ORD-2026-000506,20000000-0000-4000-8000-000000000506
30000000-0000-4000-8000-000000000507,BANKREF-OATMZH93XM,037611781948,893797,2026-06-08,NEFT CR-ORD-2026-000507,20000000-0000-4000-8000-000000000507
30000000-0000-4000-8000-000000000508,BANKREF-2YJMLEQMJ1,554545090377,734448,2026-06-18,NEFT CR-ORD-2026-000508,20000000-0000-4000-8000-000000000508
30000000-0000-4000-8000-000000000509,BANKREF-RWVAZM4H01,621422196195,719216,2026-08-24,NEFT CR-ORD-2026-000509,20000000-0000-4000-8000-000000000509
30000000-0000-4000-8000-000000000511,BANKREF-6XNNZL0YDR,674640218199,1208100,2026-08-27,NEFT CR-ORD-2026-000511,20000000-0000-4000-8000-000000000511
30000000-0000-4000-8000-000000000512,BANKREF-P6XOYBXIKP,025641570723,866164,2026-07-09,NEFT CR-ORD-2026-000512,20000000-0000-4000-8000-000000000512
30000000-0000-4000-8000-000000000513,BANKREF-087NNY9MO2,271929455060,1389612,2026-07-23,NEFT CR-ORD-2026-000513,20000000-0000-4000-8000-000000000513
30000000-0000-4000-8000-000000000514,BANKREF-WUAMRIJPUK,976957877935,217542,2026-08-20,NEFT CR-ORD-2026-000514,20000000-0000-4000-8000-000000000514
30000000-0000-4000-8000-000000000515,BANKREF-JI1IJOL9GD,302405284249,1073942,2026-06-19,NEFT CR-ORD-2026-000515,20000000-0000-4000-8000-000000000515
30000000-0000-4000-8000-000000000516,BANKREF-ETZXA3SLA5,138151801234,358436,2026-06-18,NEFT CR-ORD-2026-000516,20000000-0000-4000-8000-000000000516
30000000-0000-4000-8000-000000000517,BANKREF-A7ZVD8H3CH,511597269846,618940,2026-06-24,NEFT CR-ORD-2026-000517,20000000-0000-4000-8000-000000000517
30000000-0000-4000-8000-000000000518,BANKREF-5Z25WVHCLV,775907278346,600388,2026-07-02,NEFT CR-ORD-2026-000518,20000000-0000-4000-8000-000000000518
30000000-0000-4000-8000-000000000519,BANKREF-J2TIPLK5BO,587890864345,1373209,2026-06-28,NEFT CR-ORD-2026-000519,20000000-0000-4000-8000-000000000519
30000000-0000-4000-8000-000000000522,BANKREF-BCN78HZFFG,218305756684,1443412,2026-06-27,NEFT CR-ORD-2026-000522,20000000-0000-4000-8000-000000000522
30000000-0000-4000-8000-000000000523,BANKREF-KB67RIZ2H4,485563701910,1377896,2026-08-18,NEFT CR-ORD-2026-000523,20000000-0000-4000-8000-000000000523
30000000-0000-4000-8000-000000000524,BANKREF-3FL0ELLCQS,510023271919,924553,2026-07-01,NEFT CR-ORD-2026-000524,20000000-0000-4000-8000-000000000524
30000000-0000-4000-8000-000000000525,BANKREF-HWE2C7MV5N,373925648632,775750,2026-07-07,NEFT CR-ORD-2026-000525,20000000-0000-4000-8000-000000000525
30000000-0000-4000-8000-000000000526,BANKREF-HP7SRK58HE,126208046978,1275960,2026-08-18,NEFT CR-ORD-2026-000526,20000000-0000-4000-8000-000000000526
30000000-0000-4000-8000-000000000527,BANKREF-1EJ2VHAK2X,941794902321,1295292,2026-06-26,NEFT CR-ORD-2026-000527,20000000-0000-4000-8000-000000000527
30000000-0000-4000-8000-000000000528,BANKREF-7033ZUJCIU,117493513444,442700,2026-07-31,NEFT CR-ORD-2026-000528,20000000-0000-4000-8000-000000000528
30000000-0000-4000-8000-000000000529,BANKREF-GH8RFC9VD5,538388870896,596678,2026-06-21,NEFT CR-ORD-2026-000529,20000000-0000-4000-8000-000000000529
30000000-0000-4000-8000-000000000529D,BANKREF-M6IXAQ7NXND,106187442137,596678,2026-06-21,NEFT CR-ORD-2026-000529,20000000-0000-4000-8000-000000000529
30000000-0000-4000-8000-000000000530,BANKREF-B1MVHMN853,822618280313,763862,2026-06-20,NEFT CR-ORD-2026-000530,20000000-0000-4000-8000-000000000530
30000000-0000-4000-8000-000000000531,BANKREF-LIWLAP3K5B,953515951626,698126,2026-06-30,NEFT CR-ORD-2026-000531,20000000-0000-4000-8000-000000000531
30000000-0000-4000-8000-000000000532,BANKREF-50I486H2WJ,310958080644,87974,2026-07-25,NEFT CR-ORD-2026-000532,20000000-0000-4000-8000-000000000532
30000000-0000-4000-8000-000000000533,BANKREF-04QPQRW6T7,952798514255,1110460,2026-06-24,NEFT CR-ORD-2026-000533,20000000-0000-4000-8000-000000000533
30000000-0000-4000-8000-000000000534,BANKREF-QP5XYAKJEG,001485778270,1138971,2026-07-25,NEFT CR-ORD-2026-000534,20000000-0000-4000-8000-000000000534
30000000-0000-4000-8000-000000000535,BANKREF-H83FI4OJAI,461388862118,540242,2026-06-29,NEFT CR-ORD-2026-000535,20000000-0000-4000-8000-000000000535
30000000-0000-4000-8000-000000000536,BANKREF-VS0JZWLSD4,548151985803,590917,2026-06-12,NEFT CR-ORD-2026-000536,20000000-0000-4000-8000-000000000536
30000000-0000-4000-8000-000000000537,BANKREF-KZB7A7O7MM,672850071143,1053633,2026-07-17,NEFT CR-ORD-2026-000537,20000000-0000-4000-8000-000000000537
30000000-0000-4000-8000-000000000538,BANKREF-HU2XRFNH67,742703799463,1023365,2026-07-05,NEFT CR-ORD-2026-000538,20000000-0000-4000-8000-000000000538
30000000-0000-4000-8000-000000000539,BANKREF-1K2UBPZKCD,965707423309,472187,2026-08-07,NEFT CR-ORD-2026-000539,20000000-0000-4000-8000-000000000539
30000000-0000-4000-8000-000000000539D,BANKREF-5YPS859TXAD,037550320406,472187,2026-08-07,NEFT CR-ORD-2026-000539,20000000-0000-4000-8000-000000000539
30000000-0000-4000-8000-000000000540,BANKREF-GG1PRF3L4J,616148447306,1151371,2026-08-07,NEFT CR-ORD-2026-000540,20000000-0000-4000-8000-000000000540
30000000-0000-4000-8000-000000000541,BANKREF-OY3C6XT4U2,276813410427,1338840,2026-07-03,NEFT CR-ORD-2026-000541,20000000-0000-4000-8000-000000000541
30000000-0000-4000-8000-000000000542,BANKREF-WRPX7J86FB,424122020642,638175,2026-07-29,NEFT CR-ORD-2026-000542,20000000-0000-4000-8000-000000000542
30000000-0000-4000-8000-000000000543,BANKREF-EHDO70S80R,016539682846,239023,2026-08-20,NEFT CR-ORD-2026-000543,20000000-0000-4000-8000-000000000543
30000000-0000-4000-8000-000000000544,BANKREF-8FKCEK2GPM,812043541431,1374771,2026-08-29,NEFT CR-ORD-2026-000544,20000000-0000-4000-8000-000000000544
30000000-0000-4000-8000-000000000545,BANKREF-UIZIWNT0Z8,844042115023,1449954,2026-07-04,NEFT CR-ORD-2026-000545,20000000-0000-4000-8000-000000000545
30000000-0000-4000-8000-000000000546,BANKREF-UTKO9I7BXD,487411781882,1218938,2026-07-29,NEFT CR-ORD-2026-000546,20000000-0000-4000-8000-000000000546
30000000-0000-4000-8000-000000000547,BANKREF-KRSZJKNZ2K,931759304933,1330736,2026-08-05,NEFT CR-ORD-2026-000547,20000000-0000-4000-8000-000000000547
30000000-0000-4000-8000-000000000548,BANKREF-3CQBHEYYSM,866488706465,646377,2026-06-19,NEFT CR-ORD-2026-000548,20000000-0000-4000-8000-000000000548
30000000-0000-4000-8000-000000000549,BANKREF-BRDQJ3SXGT,574459242866,920257,2026-09-01,NEFT CR-ORD-2026-000549,20000000-0000-4000-8000-000000000549
30000000-0000-4000-8000-000000000550,BANKREF-TS02NI4GYB,525441115617,1066619,2026-06-07,NEFT CR-ORD-2026-000550,20000000-0000-4000-8000-000000000550
30000000-0000-4000-8000-000000000551,BANKREF-CLM4F8FWS0,158434821158,388510,2026-08-16,NEFT CR-ORD-2026-000551,20000000-0000-4000-8000-000000000551
30000000-0000-4000-8000-000000000552,BANKREF-815VN8LT25,007014368829,1309743,2026-07-04,NEFT CR-ORD-2026-000552,20000000-0000-4000-8000-000000000552
30000000-0000-4000-8000-000000000553,BANKREF-P2IU4CP9MO,306770121305,626604,2026-06-05,NEFT CR-ORD-2026-000553,20000000-0000-4000-8000-000000000553
30000000-0000-4000-8000-000000000554,BANKREF-DVEYXFUVSK,272537955213,717068,2026-06-15,NEFT CR-ORD-2026-000554,20000000-0000-4000-8000-000000000554
30000000-0000-4000-8000-000000000555,BANKREF-98GFEX6DCL,114878212701,1345284,2026-08-31,NEFT CR-ORD-2026-000555,20000000-0000-4000-8000-000000000555
30000000-0000-4000-8000-000000000556,BANKREF-8Z6R5CQM24,022078068589,297997,2026-07-30,NEFT CR-ORD-2026-000556,20000000-0000-4000-8000-000000000556
30000000-0000-4000-8000-000000000558,BANKREF-YXLLQCAQ4X,437572256913,1138092,2026-06-22,NEFT CR-ORD-2026-000558,20000000-0000-4000-8000-000000000558
30000000-0000-4000-8000-000000000559,BANKREF-AOLDI47I10,087244912184,685140,2026-07-14,NEFT CR-ORD-2026-000559,20000000-0000-4000-8000-000000000559
30000000-0000-4000-8000-000000000560,BANKREF-CL4H9DATO9,047752808550,1408555,2026-06-28,NEFT CR-ORD-2026-000560,20000000-0000-4000-8000-000000000560
30000000-0000-4000-8000-000000000561,BANKREF-0LEBN52KOC,611337517796,495816,2026-06-02,NEFT CR-ORD-2026-000561,20000000-0000-4000-8000-000000000561
30000000-0000-4000-8000-000000000562,BANKREF-BSIJEJMS73,074725809543,974057,2026-08-15,NEFT CR-ORD-2026-000562,20000000-0000-4000-8000-000000000562
30000000-0000-4000-8000-000000000564,BANKREF-QZSS8V5X6E,919741690737,321308,2026-07-24,NEFT CR-ORD-2026-000564,20000000-0000-4000-8000-000000000564
30000000-0000-4000-8000-000000000565,BANKREF-IFQBKK2BIL,345986286760,1270882,2026-09-09,NEFT CR-ORD-2026-000565,20000000-0000-4000-8000-000000000565
30000000-0000-4000-8000-000000000566,BANKREF-AJ6QH4MNYK,977333862031,181122,2026-08-02,NEFT CR-ORD-2026-000566,20000000-0000-4000-8000-000000000566
30000000-0000-4000-8000-000000000567,BANKREF-JF2DJ3LP15,515760185830,966245,2026-08-24,NEFT CR-ORD-2026-000567,20000000-0000-4000-8000-000000000567
30000000-0000-4000-8000-000000000568,BANKREF-RJ2JO2ILKB,435512496332,331097,2026-08-08,NEFT CR-ORD-2026-000568,20000000-0000-4000-8000-000000000568
30000000-0000-4000-8000-000000000569,BANKREF-ZKEOCEC309,726592215362,383920,2026-07-03,NEFT CR-ORD-2026-000569,20000000-0000-4000-8000-000000000569
30000000-0000-4000-8000-000000000570,BANKREF-RDO3Z1JB0O,601359939785,965660,2026-08-20,NEFT CR-ORD-2026-000570,20000000-0000-4000-8000-000000000570
30000000-0000-4000-8000-000000000571,BANKREF-EANR1CGWJ9,595799380941,79967,2026-06-16,NEFT CR-ORD-2026-000571,20000000-0000-4000-8000-000000000571
30000000-0000-4000-8000-000000000572,BANKREF-SOZACFAXR5,915721563402,309714,2026-08-28,NEFT CR-ORD-2026-000572,20000000-0000-4000-8000-000000000572
30000000-0000-4000-8000-000000000574,BANKREF-D6KYB27XJX,966914369625,126639,2026-06-16,NEFT CR-ORD-2026-000574,20000000-0000-4000-8000-000000000574
30000000-0000-4000-8000-000000000575,BANKREF-HRCFU5D0MY,518994042453,700469,2026-07-27,NEFT CR-ORD-2026-000575,20000000-0000-4000-8000-000000000575
30000000-0000-4000-8000-000000000576,BANKREF-FKMNAU245M,454662290926,1359930,2026-08-23,NEFT CR-ORD-2026-000576,20000000-0000-4000-8000-000000000576
30000000-0000-4000-8000-000000000577,BANKREF-NPXW4NSZP5,987787235452,321821,2026-07-19,NEFT CR-ORD-2026-000577,20000000-0000-4000-8000-000000000577
30000000-0000-4000-8000-000000000578,BANKREF-KJS7MQ2C3Y,196303585848,511438,2026-06-23,NEFT CR-ORD-2026-000578,20000000-0000-4000-8000-000000000578
30000000-0000-4000-8000-000000000579,BANKREF-9QKJFPYTYO,655725720814,723512,2026-07-24,NEFT CR-ORD-2026-000579,20000000-0000-4000-8000-000000000579
30000000-0000-4000-8000-000000000580,BANKREF-Q8HCQUTXQ7,639994862875,953845,2026-07-22,NEFT CR-ORD-2026-000580,20000000-0000-4000-8000-000000000580
30000000-0000-4000-8000-000000000581,BANKREF-PU45B3AX74,860768788194,719021,2026-06-02,NEFT CR-ORD-2026-000581,20000000-0000-4000-8000-000000000581
30000000-0000-4000-8000-000000000583,BANKREF-S4X5VQFJK2,090461672974,1030688,2026-07-10,NEFT CR-ORD-2026-000583,20000000-0000-4000-8000-000000000583
30000000-0000-4000-8000-000000000584,BANKREF-3IIBFW09XL,124178018829,372301,2026-06-13,NEFT CR-ORD-2026-000584,20000000-0000-4000-8000-000000000584
30000000-0000-4000-8000-000000000585,BANKREF-VJF17ACWF6,472158584561,194792,2026-06-05,NEFT CR-ORD-2026-000585,20000000-0000-4000-8000-000000000585
30000000-0000-4000-8000-000000000586,BANKREF-4T71M00LQR,390937845375,320747,2026-06-16,NEFT CR-ORD-2026-000586,20000000-0000-4000-8000-000000000586
30000000-0000-4000-8000-000000000587,BANKREF-7LCWQTHRGU,162618661607,542781,2026-06-18,NEFT CR-ORD-2026-000587,20000000-0000-4000-8000-000000000587
30000000-0000-4000-8000-000000000588,BANKREF-HOFYM0TMG2,457358291484,927678,2026-06-07,NEFT CR-ORD-2026-000588,20000000-0000-4000-8000-000000000588
30000000-0000-4000-8000-000000000589,BANKREF-7WG8V961Y2,693547406289,1167774,2026-06-13,NEFT CR-ORD-2026-000589,20000000-0000-4000-8000-000000000589
30000000-0000-4000-8000-000000000589D,BANKREF-ZIDIAO0JPCD,189449295078,1167774,2026-06-13,NEFT CR-ORD-2026-000589,20000000-0000-4000-8000-000000000589
30000000-0000-4000-8000-000000000590,BANKREF-D1RL6ZAZYX,670488881232,142164,2026-08-11,NEFT CR-ORD-2026-000590,20000000-0000-4000-8000-000000000590
30000000-0000-4000-8000-000000000591,BANKREF-EXANVZGZTE,737336012043,1264145,2026-08-04,NEFT CR-ORD-2026-000591,20000000-0000-4000-8000-000000000591
30000000-0000-4000-8000-000000000592,BANKREF-XA8A2CS2CM,470235440754,865872,2026-07-25,NEFT CR-ORD-2026-000592,20000000-0000-4000-8000-000000000592
30000000-0000-4000-8000-000000000593,BANKREF-JPHNB5VNGB,304729874623,98616,2026-06-14,NEFT CR-ORD-2026-000593,20000000-0000-4000-8000-000000000593
30000000-0000-4000-8000-000000000594,BANKREF-0DBFDPL7R8,708652993514,716287,2026-07-07,NEFT CR-ORD-2026-000594,20000000-0000-4000-8000-000000000594
30000000-0000-4000-8000-000000000595,BANKREF-1KKEQVI0OY,120744194392,1398400,2026-08-15,NEFT CR-ORD-2026-000595,20000000-0000-4000-8000-000000000595
30000000-0000-4000-8000-000000000596,BANKREF-H57DDM6J9L,618652873580,1451028,2026-08-02,NEFT CR-ORD-2026-000596,20000000-0000-4000-8000-000000000596
30000000-0000-4000-8000-000000000597,BANKREF-76B83UJ09A,514297569937,216175,2026-06-13,NEFT CR-ORD-2026-000597,20000000-0000-4000-8000-000000000597
30000000-0000-4000-8000-000000000598,BANKREF-CB61G9F7WO,989611582751,449144,2026-06-11,NEFT CR-ORD-2026-000598,20000000-0000-4000-8000-000000000598
30000000-0000-4000-8000-000000000599,BANKREF-XZH1R1SVBL,448682403605,1008816,2026-08-28,NEFT CR-ORD-2026-000599,20000000-0000-4000-8000-000000000599
30000000-0000-4000-8000-000000000600,BANKREF-LX6S5EJUCM,763338644750,1175488,2026-06-16,NEFT CR-ORD-2026-000600,20000000-0000-4000-8000-000000000600
30000000-0000-4000-8000-000000000601,BANKREF-LF2OJ58UBC,252402050115,1110069,2026-07-06,NEFT CR-ORD-2026-000601,20000000-0000-4000-8000-000000000601
30000000-0000-4000-8000-000000000602,BANKREF-96GHSKZWR2,802976082062,1441459,2026-07-23,NEFT CR-ORD-2026-000602,20000000-0000-4000-8000-000000000602
30000000-0000-4000-8000-000000000603,BANKREF-H1ZDBNHLH3,571619037095,106135,2026-06-10,NEFT CR-ORD-2026-000603,20000000-0000-4000-8000-000000000603
30000000-0000-4000-8000-000000000604,BANKREF-37MYF01NWQ,715557606859,762471,2026-07-20,NEFT CR-ORD-2026-000604,20000000-0000-4000-8000-000000000604
30000000-0000-4000-8000-000000000605,BANKREF-VMB6KQB7YI,479979606649,151440,2026-06-16,NEFT CR-ORD-2026-000605,20000000-0000-4000-8000-000000000605
30000000-0000-4000-8000-000000000606,BANKREF-P5SSM0DL4Y,045530292263,811681,2026-08-27,NEFT CR-ORD-2026-000606,20000000-0000-4000-8000-000000000606
30000000-0000-4000-8000-000000000607,BANKREF-U7CFWJHU3G,787410144971,183153,2026-07-15,NEFT CR-ORD-2026-000607,20000000-0000-4000-8000-000000000607
30000000-0000-4000-8000-000000000608,BANKREF-H0QA1LSZKZ,373623415702,192058,2026-07-13,NEFT CR-ORD-2026-000608,20000000-0000-4000-8000-000000000608
30000000-0000-4000-8000-000000000608D,BANKREF-YP3ZUS98XUD,166016174709,192058,2026-07-14,NEFT CR-ORD-2026-000608,20000000-0000-4000-8000-000000000608
30000000-0000-4000-8000-000000000609,BANKREF-EY8LQDWB32,235540773282,697540,2026-06-12,NEFT CR-ORD-2026-000609,20000000-0000-4000-8000-000000000609
30000000-0000-4000-8000-000000000610,BANKREF-68UUJ2G430,348437258337,134938,2026-06-23,NEFT CR-ORD-2026-000610,20000000-0000-4000-8000-000000000610
30000000-0000-4000-8000-000000000611,BANKREF-YB4IWH7DCA,963494914222,1380434,2026-08-27,NEFT CR-ORD-2026-000611,20000000-0000-4000-8000-000000000611
30000000-0000-4000-8000-000000000612,BANKREF-SSTCFHD82P,812450030002,692072,2026-07-15,NEFT CR-ORD-2026-000612,20000000-0000-4000-8000-000000000612
30000000-0000-4000-8000-000000000613,BANKREF-HAK7TJ2GWD,950768026283,977754,2026-08-16,NEFT CR-ORD-2026-000613,20000000-0000-4000-8000-000000000613
30000000-0000-4000-8000-000000000614,BANKREF-SOF1XW53ZG,721019551280,1018971,2026-07-05,NEFT CR-ORD-2026-000614,20000000-0000-4000-8000-000000000614
30000000-0000-4000-8000-000000000615,BANKREF-XGL1QGOUO8,607347379288,683187,2026-07-03,NEFT CR-ORD-2026-000615,20000000-0000-4000-8000-000000000615
30000000-0000-4000-8000-000000000616,BANKREF-4IPZGRSPIW,783687526817,1340147,2026-06-24,NEFT CR-ORD-2026-000616,20000000-0000-4000-8000-000000000616
30000000-0000-4000-8000-000000000617,BANKREF-AYM9Q11ZOD,911615277192,561723,2026-07-19,NEFT CR-ORD-2026-000617,20000000-0000-4000-8000-000000000617
30000000-0000-4000-8000-000000000618,BANKREF-MD3SZXDF0N,515932623658,1406407,2026-06-28,NEFT CR-ORD-2026-000618,20000000-0000-4000-8000-000000000618
30000000-0000-4000-8000-000000000619,BANKREF-KCD3I4Z4YI,076323171283,356777,2026-06-25,NEFT CR-ORD-2026-000619,20000000-0000-4000-8000-000000000619
30000000-0000-4000-8000-000000000620,BANKREF-6ELCANRTLQ,981038928753,872706,2026-07-26,NEFT CR-ORD-2026-000620,20000000-0000-4000-8000-000000000620
30000000-0000-4000-8000-000000000621,BANKREF-K1GA2SYTMX,059314309161,756710,2026-07-30,NEFT CR-ORD-2026-000621,20000000-0000-4000-8000-000000000621
30000000-0000-4000-8000-000000000622,BANKREF-4UMSG9SX3K,421658308954,1248268,2026-08-26,NEFT CR-ORD-2026-000622,20000000-0000-4000-8000-000000000622
30000000-0000-4000-8000-000000000623,BANKREF-VO8PHNCK5Q,101045518159,954529,2026-08-19,NEFT CR-ORD-2026-000623,20000000-0000-4000-8000-000000000623
30000000-0000-4000-8000-000000000624,BANKREF-1HHW9IN05O,553188828028,26949,2026-06-12,NEFT CR-ORD-2026-000624,20000000-0000-4000-8000-000000000624
30000000-0000-4000-8000-000000000625,BANKREF-7S0KDY8LWK,247116656864,747727,2026-06-30,NEFT CR-ORD-2026-000625,20000000-0000-4000-8000-000000000625
30000000-0000-4000-8000-000000000626,BANKREF-J8UWOWKZM9,781707282534,180732,2026-06-19,NEFT CR-ORD-2026-000626,20000000-0000-4000-8000-000000000626
30000000-0000-4000-8000-000000000627,BANKREF-70JVR3V6N2,656848327394,808166,2026-06-30,NEFT CR-ORD-2026-000627,20000000-0000-4000-8000-000000000627
30000000-0000-4000-8000-000000000628,BANKREF-QF1ADFQ90Q,429087161796,1086147,2026-06-22,NEFT CR-ORD-2026-000628,20000000-0000-4000-8000-000000000628
30000000-0000-4000-8000-000000000629,BANKREF-L2MXG6IBW9,281708444363,879415,2026-08-05,NEFT CR-ORD-2026-000629,20000000-0000-4000-8000-000000000629
30000000-0000-4000-8000-000000000630,BANKREF-OLBA0X9A8F,903472119589,463692,2026-06-11,NEFT CR-ORD-2026-000630,20000000-0000-4000-8000-000000000630
30000000-0000-4000-8000-000000000631,BANKREF-YWRYE7PDJN,398431187970,713651,2026-06-23,NEFT CR-ORD-2026-000631,20000000-0000-4000-8000-000000000631
30000000-0000-4000-8000-000000000632,BANKREF-LX9BEAHZA9,576839736768,170968,2026-06-06,NEFT CR-ORD-2026-000632,20000000-0000-4000-8000-000000000632
30000000-0000-4000-8000-000000000633,BANKREF-VYLCGAUAI0,244649143896,80260,2026-06-18,NEFT CR-ORD-2026-000633,20000000-0000-4000-8000-000000000633
30000000-0000-4000-8000-000000000633D,BANKREF-A9W4K7U1KDD,203875371124,80260,2026-06-18,NEFT CR-ORD-2026-000633,20000000-0000-4000-8000-000000000633
30000000-0000-4000-8000-000000000635,BANKREF-IJTWV1MM94,870978880846,1370793,2026-08-31,NEFT CR-ORD-2026-000635,20000000-0000-4000-8000-000000000635
30000000-0000-4000-8000-000000000636,BANKREF-QXEB7C5KTS,245376477761,227306,2026-08-29,NEFT CR-ORD-2026-000636,20000000-0000-4000-8000-000000000636
30000000-0000-4000-8000-000000000637,BANKREF-3A0YQ6W51I,673703772552,232578,2026-07-26,NEFT CR-ORD-2026-000637,20000000-0000-4000-8000-000000000637
30000000-0000-4000-8000-000000000638,BANKREF-8LWDKHRPOH,958375644046,77502,2026-06-10,NEFT CR-ORD-2026-000638,20000000-0000-4000-8000-000000000638
30000000-0000-4000-8000-000000000639,BANKREF-6JXRYX5ZVO,366810911470,51944,2026-08-13,NEFT CR-ORD-2026-000639,20000000-0000-4000-8000-000000000639
30000000-0000-4000-8000-000000000640,BANKREF-DXUB49OZO1,821890192235,1402599,2026-06-10,NEFT CR-ORD-2026-000640,20000000-0000-4000-8000-000000000640
30000000-0000-4000-8000-000000000641,BANKREF-XYI1O46MZJ,575063849033,368200,2026-07-31,NEFT CR-ORD-2026-000641,20000000-0000-4000-8000-000000000641
30000000-0000-4000-8000-000000000642,BANKREF-QZMKVZBDGV,666025990652,593163,2026-08-17,NEFT CR-ORD-2026-000642,20000000-0000-4000-8000-000000000642
30000000-0000-4000-8000-000000000643,BANKREF-5YLRA9PAY1,581973185438,358729,2026-06-04,NEFT CR-ORD-2026-000643,20000000-0000-4000-8000-000000000643
30000000-0000-4000-8000-000000000644,BANKREF-TDUX63RR8J,454879387272,1057441,2026-07-19,NEFT CR-ORD-2026-000644,20000000-0000-4000-8000-000000000644
30000000-0000-4000-8000-000000000645,BANKREF-W5XPVJ8RI8,357956074733,549572,2026-08-03,NEFT CR-ORD-2026-000645,20000000-0000-4000-8000-000000000645
30000000-0000-4000-8000-000000000646,BANKREF-27CTUSLR5T,911560053312,1052071,2026-06-14,NEFT CR-ORD-2026-000646,20000000-0000-4000-8000-000000000646
30000000-0000-4000-8000-000000000647,BANKREF-S0EOARRWWS,817418409458,602244,2026-07-21,NEFT CR-ORD-2026-000647,20000000-0000-4000-8000-000000000647
30000000-0000-4000-8000-000000000648,BANKREF-MNAWY0PEQL,589942657585,1372037,2026-07-31,NEFT CR-ORD-2026-000648,20000000-0000-4000-8000-000000000648
30000000-0000-4000-8000-000000000649,BANKREF-3G5SMQ5UFK,953212841093,828866,2026-06-07,NEFT CR-ORD-2026-000649,20000000-0000-4000-8000-000000000649
30000000-0000-4000-8000-000000000650,BANKREF-MABL30X0TA,533424234151,672056,2026-08-04,NEFT CR-ORD-2026-000650,20000000-0000-4000-8000-000000000650
30000000-0000-4000-8000-000000000651,BANKREF-A5UY7NVLIP,368899262221,1287969,2026-08-18,NEFT CR-ORD-2026-000651,20000000-0000-4000-8000-000000000651
30000000-0000-4000-8000-000000000652,BANKREF-RFLKYN0BU8,240598999182,599803,2026-08-11,NEFT CR-ORD-2026-000652,20000000-0000-4000-8000-000000000652
30000000-0000-4000-8000-000000000652D,BANKREF-NDGDBNL7NFD,418214541879,599803,2026-08-12,NEFT CR-ORD-2026-000652,20000000-0000-4000-8000-000000000652
30000000-0000-4000-8000-000000000653,BANKREF-J8YSWV20K9,268712740544,816368,2026-06-19,NEFT CR-ORD-2026-000653,20000000-0000-4000-8000-000000000653
30000000-0000-4000-8000-000000000654,BANKREF-5MCAYJE8NF,404565289644,322310,2026-08-29,NEFT CR-ORD-2026-000654,20000000-0000-4000-8000-000000000654
30000000-0000-4000-8000-000000000655,BANKREF-JV2HRWR931,457689344457,320357,2026-09-01,NEFT CR-ORD-2026-000655,20000000-0000-4000-8000-000000000655
30000000-0000-4000-8000-000000000656,BANKREF-8CM1YIR6MI,885067041732,140406,2026-08-28,NEFT CR-ORD-2026-000656,20000000-0000-4000-8000-000000000656
30000000-0000-4000-8000-000000000657,BANKREF-B9RM5PO7BT,403961242906,675864,2026-08-27,NEFT CR-ORD-2026-000657,20000000-0000-4000-8000-000000000657
30000000-0000-4000-8000-000000000658,BANKREF-GUYG1JEV4I,682732057325,468184,2026-07-04,NEFT CR-ORD-2026-000658,20000000-0000-4000-8000-000000000658
30000000-0000-4000-8000-000000000658D,BANKREF-RW3G91HOVSD,439662955307,468184,2026-07-05,NEFT CR-ORD-2026-000658,20000000-0000-4000-8000-000000000658
30000000-0000-4000-8000-000000000659,BANKREF-BUCNJ1O7IN,299104617247,1006571,2026-07-04,NEFT CR-ORD-2026-000659,20000000-0000-4000-8000-000000000659
30000000-0000-4000-8000-000000000660,BANKREF-BO0AKGG5PK,653031786686,1239052,2026-08-26,NEFT CR-ORD-2026-000660,20000000-0000-4000-8000-000000000660
30000000-0000-4000-8000-000000000661,BANKREF-65JU7YOL6L,037028679494,250944,2026-06-07,NEFT CR-ORD-2026-000661,20000000-0000-4000-8000-000000000661
30000000-0000-4000-8000-000000000662,BANKREF-4CPKJYKX9C,184869195190,349356,2026-07-13,NEFT CR-ORD-2026-000662,20000000-0000-4000-8000-000000000662
30000000-0000-4000-8000-000000000663,BANKREF-DYH97DIYX0,767045665563,221448,2026-07-09,NEFT CR-ORD-2026-000663,20000000-0000-4000-8000-000000000663
30000000-0000-4000-8000-000000000664,BANKREF-2HA6ELOUQX,735379039102,197721,2026-07-14,NEFT CR-ORD-2026-000664,20000000-0000-4000-8000-000000000664
30000000-0000-4000-8000-000000000665,BANKREF-V5F3FICLRE,068537446692,644533,2026-08-13,NEFT CR-ORD-2026-000665,20000000-0000-4000-8000-000000000665
30000000-0000-4000-8000-000000000666,BANKREF-I5X65UM4YR,696361254270,1285040,2026-08-08,NEFT CR-ORD-2026-000666,20000000-0000-4000-8000-000000000666
30000000-0000-4000-8000-000000000667,BANKREF-C11UH3DR99,545412949516,223596,2026-06-06,NEFT CR-ORD-2026-000667,20000000-0000-4000-8000-000000000667
30000000-0000-4000-8000-000000000668,BANKREF-LIMXSEHJ0Y,705162909754,1006864,2026-07-06,NEFT CR-ORD-2026-000668,20000000-0000-4000-8000-000000000668
30000000-0000-4000-8000-000000000669,BANKREF-MHVR04JCRW,909462485882,1241200,2026-06-18,NEFT CR-ORD-2026-000669,20000000-0000-4000-8000-000000000669
30000000-0000-4000-8000-000000000670,BANKREF-WR38AIZZA9,068948972494,226720,2026-07-15,NEFT CR-ORD-2026-000670,20000000-0000-4000-8000-000000000670
30000000-0000-4000-8000-000000000671,BANKREF-MWBWACJ28M,500020723637,1266879,2026-06-03,NEFT CR-ORD-2026-000671,20000000-0000-4000-8000-000000000671
30000000-0000-4000-8000-000000000672,BANKREF-MA57CRCPJ8,477317866871,1314723,2026-07-25,NEFT CR-ORD-2026-000672,20000000-0000-4000-8000-000000000672
30000000-0000-4000-8000-000000000673,BANKREF-2QZ9D46KT7,900638824871,953552,2026-08-17,NEFT CR-ORD-2026-000673,20000000-0000-4000-8000-000000000673
30000000-0000-4000-8000-000000000674,BANKREF-VV6F4EUXHQ,849074831684,1205463,2026-07-25,NEFT CR-ORD-2026-000674,20000000-0000-4000-8000-000000000674
30000000-0000-4000-8000-000000000675,BANKREF-N9HJ67TM0Z,638742321790,1062616,2026-08-04,NEFT CR-ORD-2026-000675,20000000-0000-4000-8000-000000000675
30000000-0000-4000-8000-000000000676,BANKREF-TX182KYB8V,313484514429,364588,2026-06-21,NEFT CR-ORD-2026-000676,20000000-0000-4000-8000-000000000676
30000000-0000-4000-8000-000000000677,BANKREF-1KKTDNUMVE,618422955992,642666,2026-06-17,NEFT CR-ORD-2026-000677,20000000-0000-4000-8000-000000000677
30000000-0000-4000-8000-000000000678,BANKREF-LT2BI305RE,795843931461,577541,2026-07-17,NEFT CR-ORD-2026-000678,20000000-0000-4000-8000-000000000678
30000000-0000-4000-8000-000000000678D,BANKREF-YZIQOUQZVID,565258894544,577541,2026-07-19,NEFT CR-ORD-2026-000678,20000000-0000-4000-8000-000000000678
30000000-0000-4000-8000-000000000679,BANKREF-P7KO2LCHHC,087534288467,1005692,2026-06-25,NEFT CR-ORD-2026-000679,20000000-0000-4000-8000-000000000679
30000000-0000-4000-8000-000000000680,BANKREF-8YJ9OHNJYP,416892378808,459689,2026-08-23,NEFT CR-ORD-2026-000680,20000000-0000-4000-8000-000000000680
30000000-0000-4000-8000-000000000682,BANKREF-KU2NNU8UY5,345473982702,1293828,2026-06-03,NEFT CR-ORD-2026-000682,20000000-0000-4000-8000-000000000682
30000000-0000-4000-8000-000000000683,BANKREF-PAPCJPUF7V,644102873040,1017799,2026-08-14,NEFT CR-ORD-2026-000683,20000000-0000-4000-8000-000000000683
30000000-0000-4000-8000-000000000685,BANKREF-3YW1V49TDY,177020050380,703887,2026-08-27,NEFT CR-ORD-2026-000685,20000000-0000-4000-8000-000000000685
30000000-0000-4000-8000-000000000686,BANKREF-73WG5M296N,265988984089,1419100,2026-08-23,NEFT CR-ORD-2026-000686,20000000-0000-4000-8000-000000000686
30000000-0000-4000-8000-000000000687,BANKREF-N2KQVB3LTI,204508439090,1446439,2026-06-12,NEFT CR-ORD-2026-000687,20000000-0000-4000-8000-000000000687
30000000-0000-4000-8000-000000000688,BANKREF-TR11ANH50E,525302199029,1454543,2026-06-13,NEFT CR-ORD-2026-000688,20000000-0000-4000-8000-000000000688
30000000-0000-4000-8000-000000000689,BANKREF-H4WEL9CHPU,842461699657,127713,2026-07-28,NEFT CR-ORD-2026-000689,20000000-0000-4000-8000-000000000689
30000000-0000-4000-8000-000000000690,BANKREF-A0XRJAL1TP,354863744544,902291,2026-07-16,NEFT CR-ORD-2026-000690,20000000-0000-4000-8000-000000000690
30000000-0000-4000-8000-000000000691,BANKREF-S9GXCP8NA1,885909407116,65712,2026-07-11,NEFT CR-ORD-2026-000691,20000000-0000-4000-8000-000000000691
30000000-0000-4000-8000-000000000692,BANKREF-O2T7Q0ECDC,964472368462,824960,2026-07-15,NEFT CR-ORD-2026-000692,20000000-0000-4000-8000-000000000692
30000000-0000-4000-8000-000000000693,BANKREF-JVJ0I4RTQ0,066415894292,817149,2026-08-28,NEFT CR-ORD-2026-000693,20000000-0000-4000-8000-000000000693
30000000-0000-4000-8000-000000000694,BANKREF-P7IOTHIEHT,751384545890,550592,2026-08-30,NEFT CR-ORD-2026-000694,20000000-0000-4000-8000-000000000694
30000000-0000-4000-8000-000000000695,BANKREF-O4VLMLZBD5,881742768061,616011,2026-07-17,NEFT CR-ORD-2026-000695,20000000-0000-4000-8000-000000000695
30000000-0000-4000-8000-000000000696,BANKREF-FQP2I3X1OF,463892862041,1083511,2026-08-15,NEFT CR-ORD-2026-000696,20000000-0000-4000-8000-000000000696
30000000-0000-4000-8000-000000000697,BANKREF-VRZK1I19VL,659967809891,1422712,2026-07-15,NEFT CR-ORD-2026-000697,20000000-0000-4000-8000-000000000697
30000000-0000-4000-8000-000000000698,BANKREF-8B71KVAXQU,078726339692,1242371,2026-06-12,NEFT CR-ORD-2026-000698,20000000-0000-4000-8000-000000000698
30000000-0000-4000-8000-000000000699,BANKREF-J19SHQ8BC4,469769324126,454134,2026-08-06,NEFT CR-ORD-2026-000699,20000000-0000-4000-8000-000000000699
30000000-0000-4000-8000-000000000700,BANKREF-96QZUSOFVD,833734285740,703106,2026-08-06,NEFT CR-ORD-2026-000700,20000000-0000-4000-8000-000000000700
30000000-0000-4000-8000-000000000701,BANKREF-CAEELSX52G,609883515696,1194528,2026-06-11,NEFT CR-ORD-2026-000701,20000000-0000-4000-8000-000000000701
30000000-0000-4000-8000-000000000702,BANKREF-GJHK88ZFR7,038265043153,478436,2026-06-03,NEFT CR-ORD-2026-000702,20000000-0000-4000-8000-000000000702
30000000-0000-4000-8000-000000000703,BANKREF-444O050VR9,000567812628,1283673,2026-06-11,NEFT CR-ORD-2026-000703,20000000-0000-4000-8000-000000000703
30000000-0000-4000-8000-000000000704,BANKREF-PEVH4QLCEQ,866442594093,206997,2026-06-03,NEFT CR-ORD-2026-000704,20000000-0000-4000-8000-000000000704
30000000-0000-4000-8000-000000000705,BANKREF-UP6J3VME94,824160347925,757198,2026-08-25,NEFT CR-ORD-2026-000705,20000000-0000-4000-8000-000000000705
30000000-0000-4000-8000-000000000706,BANKREF-A6VK0KJ1YT,362215897966,489372,2026-06-24,NEFT CR-ORD-2026-000706,20000000-0000-4000-8000-000000000706
30000000-0000-4000-8000-000000000707,BANKREF-9AWRZVZZG9,000078035476,973666,2026-07-08,NEFT CR-ORD-2026-000707,20000000-0000-4000-8000-000000000707
30000000-0000-4000-8000-000000000708,BANKREF-0JYJ2DSAEX,342098167339,1033129,2026-06-15,NEFT CR-ORD-2026-000708,20000000-0000-4000-8000-000000000708
30000000-0000-4000-8000-000000000709,BANKREF-9KSWKRYFNN,341174781689,772137,2026-08-11,NEFT CR-ORD-2026-000709,20000000-0000-4000-8000-000000000709
30000000-0000-4000-8000-000000000710,BANKREF-HRIPVTAB38,355570117266,50480,2026-08-05,NEFT CR-ORD-2026-000710,20000000-0000-4000-8000-000000000710
30000000-0000-4000-8000-000000000711,BANKREF-U2HVMBN4HZ,601593315771,1119931,2026-07-21,NEFT CR-ORD-2026-000711,20000000-0000-4000-8000-000000000711
30000000-0000-4000-8000-000000000712,BANKREF-A2OBX9XK2J,847818744487,693732,2026-08-25,NEFT CR-ORD-2026-000712,20000000-0000-4000-8000-000000000712
30000000-0000-4000-8000-000000000713,BANKREF-LACYDCTQ1L,784350038028,1156350,2026-08-04,NEFT CR-ORD-2026-000713,20000000-0000-4000-8000-000000000713
30000000-0000-4000-8000-000000000714,BANKREF-A51NN5IO7R,816207907868,569827,2026-08-18,NEFT CR-ORD-2026-000714,20000000-0000-4000-8000-000000000714
30000000-0000-4000-8000-000000000715,BANKREF-MWPMIB2I98,322135705113,397572,2026-07-18,NEFT CR-ORD-2026-000715,20000000-0000-4000-8000-000000000715
30000000-0000-4000-8000-000000000716,BANKREF-OAV41B8E9U,184682031165,167355,2026-07-16,NEFT CR-ORD-2026-000716,20000000-0000-4000-8000-000000000716
30000000-0000-4000-8000-000000000717,BANKREF-7MCKUM88BW,897349491412,1192575,2026-07-27,NEFT CR-ORD-2026-000717,20000000-0000-4000-8000-000000000717
30000000-0000-4000-8000-000000000718,BANKREF-KCNYDI9WMT,554628769097,167941,2026-07-11,NEFT CR-ORD-2026-000718,20000000-0000-4000-8000-000000000718
30000000-0000-4000-8000-000000000719,BANKREF-55UGPASW1D,261612967735,1301346,2026-06-24,NEFT CR-ORD-2026-000719,20000000-0000-4000-8000-000000000719
30000000-0000-4000-8000-000000000720,BANKREF-45UBMR81MZ,049982442627,1396935,2026-06-24,NEFT CR-ORD-2026-000720,20000000-0000-4000-8000-000000000720
30000000-0000-4000-8000-000000000721,BANKREF-S4FUSNZDWP,986540612747,1211322,2026-06-12,NEFT CR-ORD-2026-000721,20000000-0000-4000-8000-000000000721
30000000-0000-4000-8000-000000000722,BANKREF-CDOTVOIWAT,682502647849,438799,2026-08-04,NEFT CR-ORD-2026-000722,20000000-0000-4000-8000-000000000722
30000000-0000-4000-8000-000000000723,BANKREF-VH0AMXA6S0,210245716482,866457,2026-08-30,NEFT CR-ORD-2026-000723,20000000-0000-4000-8000-000000000723
30000000-0000-4000-8000-000000000724,BANKREF-AZIDRCTYPW,659599789776,1103319,2026-08-02,NEFT CR-ORD-2026-000724,20000000-0000-4000-8000-000000000724
30000000-0000-4000-8000-000000000725,BANKREF-4U9JP95F9H,424542465742,457541,2026-06-26,NEFT CR-ORD-2026-000725,20000000-0000-4000-8000-000000000725
30000000-0000-4000-8000-000000000726,BANKREF-QZ6NEV8SOT,689125517832,753976,2026-08-16,NEFT CR-ORD-2026-000726,20000000-0000-4000-8000-000000000726
30000000-0000-4000-8000-000000000727,BANKREF-SNLES1D3Q9,887276260675,538289,2026-07-28,NEFT CR-ORD-2026-000727,20000000-0000-4000-8000-000000000727
30000000-0000-4000-8000-000000000728,BANKREF-525XGCNAYK,634552268364,1461964,2026-08-09,NEFT CR-ORD-2026-000728,20000000-0000-4000-8000-000000000728
30000000-0000-4000-8000-000000000729,BANKREF-SJD2O655W5,176866290172,1374283,2026-07-05,NEFT CR-ORD-2026-000729,20000000-0000-4000-8000-000000000729
30000000-0000-4000-8000-000000000730,BANKREF-JVRQVQLQ93,063695669295,1349385,2026-08-02,NEFT CR-ORD-2026-000730,20000000-0000-4000-8000-000000000730
30000000-0000-4000-8000-000000000731,BANKREF-QNJ0ROCMQX,520306693041,734253,2026-07-14,NEFT CR-ORD-2026-000731,20000000-0000-4000-8000-000000000731
30000000-0000-4000-8000-000000000732,BANKREF-1COO004OOI,252529171664,384702,2026-06-22,NEFT CR-ORD-2026-000732,20000000-0000-4000-8000-000000000732
30000000-0000-4000-8000-000000000733,BANKREF-3M4LKMSWVB,012091398134,423855,2026-08-28,NEFT CR-ORD-2026-000733,20000000-0000-4000-8000-000000000733
30000000-0000-4000-8000-000000000734,BANKREF-0KACLW795Y,631293834088,1131550,2026-06-27,NEFT CR-ORD-2026-000734,20000000-0000-4000-8000-000000000734
30000000-0000-4000-8000-000000000735,BANKREF-4I8S8QLC0J,066570659603,467989,2026-08-03,NEFT CR-ORD-2026-000735,20000000-0000-4000-8000-000000000735
30000000-0000-4000-8000-000000000736,BANKREF-DM78UI5MGA,076721681867,687581,2026-07-22,NEFT CR-ORD-2026-000736,20000000-0000-4000-8000-000000000736
30000000-0000-4000-8000-000000000738,BANKREF-MPYYNQ66Q7,853437501486,146460,2026-06-19,NEFT CR-ORD-2026-000738,20000000-0000-4000-8000-000000000738
30000000-0000-4000-8000-000000000739,BANKREF-V8CO2JEP91,362006213397,422684,2026-08-15,NEFT CR-ORD-2026-000739,20000000-0000-4000-8000-000000000739
30000000-0000-4000-8000-000000000740,BANKREF-N09RBBOP8I,958125048064,189617,2026-06-24,NEFT CR-ORD-2026-000740,20000000-0000-4000-8000-000000000740
30000000-0000-4000-8000-000000000741,BANKREF-07TT4LHBAL,222281780194,1181444,2026-06-24,NEFT CR-ORD-2026-000741,20000000-0000-4000-8000-000000000741
30000000-0000-4000-8000-000000000742,BANKREF-TYZ5CFNAK5,096791047505,733960,2026-07-19,NEFT CR-ORD-2026-000742,20000000-0000-4000-8000-000000000742
30000000-0000-4000-8000-000000000743,BANKREF-7T4XRR1YUD,632162480606,684163,2026-08-20,NEFT CR-ORD-2026-000743,20000000-0000-4000-8000-000000000743
30000000-0000-4000-8000-000000000745,BANKREF-JH3HIPC9SP,679219274184,597557,2026-06-21,NEFT CR-ORD-2026-000745,20000000-0000-4000-8000-000000000745
30000000-0000-4000-8000-000000000746,BANKREF-OOJJDP5J7Q,317384791503,52335,2026-07-26,NEFT CR-ORD-2026-000746,20000000-0000-4000-8000-000000000746
30000000-0000-4000-8000-000000000747,BANKREF-E32TE5X53L,473480651627,424219,2026-07-04,NEFT CR-ORD-2026-000747,20000000-0000-4000-8000-000000000747
30000000-0000-4000-8000-000000000748,BANKREF-ASXB25T0FW,820635215421,1044650,2026-08-04,NEFT CR-ORD-2026-000748,20000000-0000-4000-8000-000000000748
30000000-0000-4000-8000-000000000749,BANKREF-AC9T6P07HZ,493123905548,529697,2026-07-09,NEFT CR-ORD-2026-000749,20000000-0000-4000-8000-000000000749
30000000-0000-4000-8000-000000000750,BANKREF-Q86XJXX3DP,603942614256,746165,2026-06-07,NEFT CR-ORD-2026-000750,20000000-0000-4000-8000-000000000750
30000000-0000-4000-8000-000000000751,BANKREF-MTA5X93UXM,809227633191,495523,2026-08-25,NEFT CR-ORD-2026-000751,20000000-0000-4000-8000-000000000751
30000000-0000-4000-8000-000000000752,BANKREF-Y64TRQI6BY,246690707826,1416366,2026-07-19,NEFT CR-ORD-2026-000752,20000000-0000-4000-8000-000000000752
30000000-0000-4000-8000-000000000753,BANKREF-SXL9RIBGMO,282451265208,1228957,2026-07-24,NEFT CR-ORD-2026-000753,20000000-0000-4000-8000-000000000753
30000000-0000-4000-8000-000000000754,BANKREF-S4ZNZQ7GBJ,605310265226,566646,2026-06-04,NEFT CR-ORD-2026-000754,20000000-0000-4000-8000-000000000754
30000000-0000-4000-8000-000000000755,BANKREF-AL4KFW21KM,379435864005,1260044,2026-06-12,NEFT CR-ORD-2026-000755,20000000-0000-4000-8000-000000000755
30000000-0000-4000-8000-000000000756,BANKREF-RBHQW8E0BN,783822606979,194108,2026-07-05,NEFT CR-ORD-2026-000756,20000000-0000-4000-8000-000000000756
30000000-0000-4000-8000-000000000757,BANKREF-MXFGBL0M3I,789960356481,1178515,2026-08-05,NEFT CR-ORD-2026-000757,20000000-0000-4000-8000-000000000757
30000000-0000-4000-8000-000000000758,BANKREF-WAYAJ5ND3A,483356903535,781117,2026-07-29,NEFT CR-ORD-2026-000758,20000000-0000-4000-8000-000000000758
30000000-0000-4000-8000-000000000759,BANKREF-JZEKLEJVGI,167001491616,342423,2026-08-14,NEFT CR-ORD-2026-000759,20000000-0000-4000-8000-000000000759
30000000-0000-4000-8000-000000000760,BANKREF-XBBI7NE86Z,347449745286,1044357,2026-07-20,NEFT CR-ORD-2026-000760,20000000-0000-4000-8000-000000000760
30000000-0000-4000-8000-000000000761,BANKREF-9KGMFVF3NY,585528604196,1151469,2026-06-19,NEFT CR-ORD-2026-000761,20000000-0000-4000-8000-000000000761
30000000-0000-4000-8000-000000000762,BANKREF-ARU5CP3SKY,277162236806,753781,2026-08-06,NEFT CR-ORD-2026-000762,20000000-0000-4000-8000-000000000762
30000000-0000-4000-8000-000000000763,BANKREF-0UKBH3GK11,914272962286,237558,2026-07-14,NEFT CR-ORD-2026-000763,20000000-0000-4000-8000-000000000763
30000000-0000-4000-8000-000000000764,BANKREF-W5B90QCBCB,199503691747,133279,2026-08-06,NEFT CR-ORD-2026-000764,20000000-0000-4000-8000-000000000764
30000000-0000-4000-8000-000000000765,BANKREF-0STBO1Q3XJ,229303214013,60244,2026-06-10,NEFT CR-ORD-2026-000765,20000000-0000-4000-8000-000000000765
30000000-0000-4000-8000-000000000766,BANKREF-T9L0G7TP20,453984009762,640518,2026-08-02,NEFT CR-ORD-2026-000766,20000000-0000-4000-8000-000000000766
30000000-0000-4000-8000-000000000767,BANKREF-XRTZW446T5,007576481744,176728,2026-08-23,NEFT CR-ORD-2026-000767,20000000-0000-4000-8000-000000000767
30000000-0000-4000-8000-000000000768,BANKREF-YN4O5U58PD,095020566934,1080387,2026-06-26,NEFT CR-ORD-2026-000768,20000000-0000-4000-8000-000000000768
30000000-0000-4000-8000-000000000769,BANKREF-67LCUKCEHC,001696035757,1258384,2026-07-11,NEFT CR-ORD-2026-000769,20000000-0000-4000-8000-000000000769
30000000-0000-4000-8000-000000000770,BANKREF-BHUHRTPMO8,873032692510,1422908,2026-07-24,NEFT CR-ORD-2026-000770,20000000-0000-4000-8000-000000000770
30000000-0000-4000-8000-000000000771,BANKREF-IV0Z5ZPXEG,484402680708,70368,2026-08-19,NEFT CR-ORD-2026-000771,20000000-0000-4000-8000-000000000771
30000000-0000-4000-8000-000000000772,BANKREF-6NXB8CLM2Q,332522701914,502944,2026-06-27,NEFT CR-ORD-2026-000772,20000000-0000-4000-8000-000000000772
30000000-0000-4000-8000-000000000773,BANKREF-Z6WKKMY5TG,812996012630,1374283,2026-07-20,NEFT CR-ORD-2026-000773,20000000-0000-4000-8000-000000000773
30000000-0000-4000-8000-000000000774,BANKREF-M1SHRSKR6L,808351858070,1289043,2026-06-16,NEFT CR-ORD-2026-000774,20000000-0000-4000-8000-000000000774
30000000-0000-4000-8000-000000000775,BANKREF-8JIKMPFQNR,270830675380,734839,2026-06-27,NEFT CR-ORD-2026-000775,20000000-0000-4000-8000-000000000775
30000000-0000-4000-8000-000000000776,BANKREF-8GIYRNQ1M3,075979246332,543171,2026-06-18,NEFT CR-ORD-2026-000776,20000000-0000-4000-8000-000000000776
30000000-0000-4000-8000-000000000778,BANKREF-KPSZ6W8WBZ,488911441444,282375,2026-06-04,NEFT CR-ORD-2026-000778,20000000-0000-4000-8000-000000000778
30000000-0000-4000-8000-000000000779,BANKREF-G0SGQ9WERX,854943465541,565531,2026-06-25,NEFT CR-ORD-2026-000779,20000000-0000-4000-8000-000000000779
30000000-0000-4000-8000-000000000780,BANKREF-3PQPYH5H2O,835181302329,612203,2026-07-05,NEFT CR-ORD-2026-000780,20000000-0000-4000-8000-000000000780
30000000-0000-4000-8000-000000000781,BANKREF-WS29PPP4KY,785169114411,72254,2026-08-10,NEFT CR-ORD-2026-000781,20000000-0000-4000-8000-000000000781
30000000-0000-4000-8000-000000000782,BANKREF-V3V4BNAX29,694449063023,1332298,2026-08-28,NEFT CR-ORD-2026-000782,20000000-0000-4000-8000-000000000782
30000000-0000-4000-8000-000000000783,BANKREF-VCNCXLZE63,936705080807,1402208,2026-08-28,NEFT CR-ORD-2026-000783,20000000-0000-4000-8000-000000000783
30000000-0000-4000-8000-000000000784,BANKREF-5KVBOTZL9D,471288647920,1206245,2026-07-19,NEFT CR-ORD-2026-000784,20000000-0000-4000-8000-000000000784
30000000-0000-4000-8000-000000000785,BANKREF-R2V3TGAQHC,097463364590,347110,2026-06-12,NEFT CR-ORD-2026-000785,20000000-0000-4000-8000-000000000785
30000000-0000-4000-8000-000000000787,BANKREF-VD3DD4SIJZ,579168137955,1177148,2026-06-08,NEFT CR-ORD-2026-000787,20000000-0000-4000-8000-000000000787
30000000-0000-4000-8000-000000000788,BANKREF-0NW60JSCTO,341051299830,67533,2026-06-04,NEFT CR-ORD-2026-000788,20000000-0000-4000-8000-000000000788
30000000-0000-4000-8000-000000000789,BANKREF-XIJBW4SE9D,373722820012,1409922,2026-08-02,NEFT CR-ORD-2026-000789,20000000-0000-4000-8000-000000000789
30000000-0000-4000-8000-000000000790,BANKREF-HAQPKWQZZG,559496236761,503041,2026-07-26,NEFT CR-ORD-2026-000790,20000000-0000-4000-8000-000000000790
30000000-0000-4000-8000-000000000790D,BANKREF-C52R3AKEZ7D,727170324909,503041,2026-07-27,NEFT CR-ORD-2026-000790,20000000-0000-4000-8000-000000000790
30000000-0000-4000-8000-000000000792,BANKREF-BFRJSJJ7P3,440377715001,810803,2026-09-08,NEFT CR-ORD-2026-000792,20000000-0000-4000-8000-000000000792
30000000-0000-4000-8000-000000000793,BANKREF-RPBLXMH9CH,721131655362,1050606,2026-06-30,NEFT CR-ORD-2026-000793,20000000-0000-4000-8000-000000000793
30000000-0000-4000-8000-000000000794,BANKREF-0SPWQIGBU9,973791130708,566410,2026-07-16,NEFT CR-ORD-2026-000794,20000000-0000-4000-8000-000000000794
30000000-0000-4000-8000-000000000795,BANKREF-VGUASMCJ2J,108927041146,200943,2026-07-14,NEFT CR-ORD-2026-000795,20000000-0000-4000-8000-000000000795
30000000-0000-4000-8000-000000000796,BANKREF-OIGKYOJB47,743733426501,829940,2026-06-16,NEFT CR-ORD-2026-000796,20000000-0000-4000-8000-000000000796
30000000-0000-4000-8000-000000000797,BANKREF-9JY193AT6M,050477114670,143238,2026-07-24,NEFT CR-ORD-2026-000797,20000000-0000-4000-8000-000000000797
30000000-0000-4000-8000-000000000798,BANKREF-PAVH9KS02Q,281858446094,547993,2026-06-30,NEFT CR-ORD-2026-000798,20000000-0000-4000-8000-000000000798
30000000-0000-4000-8000-000000000799,BANKREF-JRO5V01705,513619098619,556743,2026-07-16,NEFT CR-ORD-2026-000799,20000000-0000-4000-8000-000000000799
30000000-0000-4000-8000-000000000800,BANKREF-O5G5U6JDZO,897451987825,1082828,2026-07-09,NEFT CR-ORD-2026-000800,20000000-0000-4000-8000-000000000800
30000000-0000-4000-8000-000000000801,BANKREF-8Q0P5MW1C8,385471395576,1195895,2026-07-08,NEFT CR-ORD-2026-000801,20000000-0000-4000-8000-000000000801
30000000-0000-4000-8000-000000000802,BANKREF-HQDXVNIUA0,240373934262,739721,2026-07-26,NEFT CR-ORD-2026-000802,20000000-0000-4000-8000-000000000802
30000000-0000-4000-8000-000000000803,BANKREF-MTB77MEUUY,056941951937,1133991,2026-08-04,NEFT CR-ORD-2026-000803,20000000-0000-4000-8000-000000000803
30000000-0000-4000-8000-000000000804,BANKREF-XN1FVQFBDP,607134963656,339787,2026-07-19,NEFT CR-ORD-2026-000804,20000000-0000-4000-8000-000000000804
30000000-0000-4000-8000-000000000804D,BANKREF-8A2E3WM5QMD,728422892281,339787,2026-07-21,NEFT CR-ORD-2026-000804,20000000-0000-4000-8000-000000000804
30000000-0000-4000-8000-000000000805,BANKREF-5Q1OSSO2UF,762444140894,557329,2026-07-14,NEFT CR-ORD-2026-000805,20000000-0000-4000-8000-000000000805
30000000-0000-4000-8000-000000000806,BANKREF-FCJZ9BO4F6,594007164697,567288,2026-08-05,NEFT CR-ORD-2026-000806,20000000-0000-4000-8000-000000000806
30000000-0000-4000-8000-000000000807,BANKREF-FV3DZWAVMC,732681579325,421707,2026-08-06,NEFT CR-ORD-2026-000807,20000000-0000-4000-8000-000000000807
30000000-0000-4000-8000-000000000808,BANKREF-2BN0I97ERR,892769707891,64052,2026-06-19,NEFT CR-ORD-2026-000808,20000000-0000-4000-8000-000000000808
30000000-0000-4000-8000-000000000809,BANKREF-2PJCCXGK2Y,529718627912,1020143,2026-08-12,NEFT CR-ORD-2026-000809,20000000-0000-4000-8000-000000000809
30000000-0000-4000-8000-000000000810,BANKREF-OWZIUT00AA,996996633841,571292,2026-07-03,NEFT CR-ORD-2026-000810,20000000-0000-4000-8000-000000000810
30000000-0000-4000-8000-000000000811,BANKREF-3Q95EPQXRV,797201344861,109763,2026-07-06,NEFT CR-ORD-2026-000811,20000000-0000-4000-8000-000000000811
30000000-0000-4000-8000-000000000812,BANKREF-MPKST69PV6,347358904759,476386,2026-08-10,NEFT CR-ORD-2026-000812,20000000-0000-4000-8000-000000000812
30000000-0000-4000-8000-000000000812D,BANKREF-CNXLE9LSA5D,436607076409,476386,2026-08-12,NEFT CR-ORD-2026-000812,20000000-0000-4000-8000-000000000812
30000000-0000-4000-8000-000000000813,BANKREF-J4WLDY8J1U,293892565666,825799,2026-07-14,NEFT CR-ORD-2026-000813,20000000-0000-4000-8000-000000000813
30000000-0000-4000-8000-000000000814,BANKREF-Y1VO4WQXJB,763526262071,963804,2026-08-24,NEFT CR-ORD-2026-000814,20000000-0000-4000-8000-000000000814
30000000-0000-4000-8000-000000000815,BANKREF-VE13GT2UNV,975394765884,490348,2026-06-07,NEFT CR-ORD-2026-000815,20000000-0000-4000-8000-000000000815
30000000-0000-4000-8000-000000000816,BANKREF-HRUSZVD006,581566861276,1332200,2026-06-09,NEFT CR-ORD-2026-000816,20000000-0000-4000-8000-000000000816
30000000-0000-4000-8000-000000000817,BANKREF-S5UOJME129,636078121747,352871,2026-06-08,NEFT CR-ORD-2026-000817,20000000-0000-4000-8000-000000000817
30000000-0000-4000-8000-000000000819,BANKREF-N3E1I0B4DJ,939985015855,412822,2026-08-03,NEFT CR-ORD-2026-000819,20000000-0000-4000-8000-000000000819
30000000-0000-4000-8000-000000000820,BANKREF-0FE51T2KLA,520209209077,429811,2026-06-19,NEFT CR-ORD-2026-000820,20000000-0000-4000-8000-000000000820
30000000-0000-4000-8000-000000000821,BANKREF-3BY4II7VXT,442300359439,563676,2026-06-13,NEFT CR-ORD-2026-000821,20000000-0000-4000-8000-000000000821
30000000-0000-4000-8000-000000000822,BANKREF-M3HKYZ1QWJ,886222167886,381479,2026-08-10,NEFT CR-ORD-2026-000822,20000000-0000-4000-8000-000000000822
30000000-0000-4000-8000-000000000823,BANKREF-QFKXM9PUWC,192074534399,379234,2026-08-21,NEFT CR-ORD-2026-000823,20000000-0000-4000-8000-000000000823
30000000-0000-4000-8000-000000000824,BANKREF-2NCN47DVCF,494180550897,103596,2026-07-13,NEFT CR-ORD-2026-000824,20000000-0000-4000-8000-000000000824
30000000-0000-4000-8000-000000000825,BANKREF-F7P9JP50EO,634652379727,628313,2026-08-26,NEFT CR-ORD-2026-000825,20000000-0000-4000-8000-000000000825
30000000-0000-4000-8000-000000000826,BANKREF-KGAMYJ4Q9C,580825789694,595311,2026-06-05,NEFT CR-ORD-2026-000826,20000000-0000-4000-8000-000000000826
30000000-0000-4000-8000-000000000827,BANKREF-1I1DTTOPY7,531962912466,1033031,2026-07-21,NEFT CR-ORD-2026-000827,20000000-0000-4000-8000-000000000827
30000000-0000-4000-8000-000000000828,BANKREF-Z3XCCPL8N2,277782000102,266264,2026-06-14,NEFT CR-ORD-2026-000828,20000000-0000-4000-8000-000000000828
30000000-0000-4000-8000-000000000829,BANKREF-N5TNA623BR,819711752963,64149,2026-06-03,NEFT CR-ORD-2026-000829,20000000-0000-4000-8000-000000000829
30000000-0000-4000-8000-000000000830,BANKREF-SNPFC5A23J,383397917867,1350752,2026-08-28,NEFT CR-ORD-2026-000830,20000000-0000-4000-8000-000000000830
30000000-0000-4000-8000-000000000832,BANKREF-P51PUBF2VP,685962714858,531845,2026-07-04,NEFT CR-ORD-2026-000832,20000000-0000-4000-8000-000000000832
30000000-0000-4000-8000-000000000833,BANKREF-9YMJC6BBX4,247853955929,822617,2026-07-22,NEFT CR-ORD-2026-000833,20000000-0000-4000-8000-000000000833
30000000-0000-4000-8000-000000000834,BANKREF-5EC0TW4HMV,103474073846,1176367,2026-07-24,NEFT CR-ORD-2026-000834,20000000-0000-4000-8000-000000000834
30000000-0000-4000-8000-000000000835,BANKREF-53PIXDI0QI,588401894812,1438335,2026-08-29,NEFT CR-ORD-2026-000835,20000000-0000-4000-8000-000000000835
30000000-0000-4000-8000-000000000836,BANKREF-6UVG7KMK07,101661784322,1188084,2026-07-15,NEFT CR-ORD-2026-000836,20000000-0000-4000-8000-000000000836
30000000-0000-4000-8000-000000000837,BANKREF-T43E90EQEI,254886104324,1159063,2026-06-10,NEFT CR-ORD-2026-000837,20000000-0000-4000-8000-000000000837
30000000-0000-4000-8000-000000000838,BANKREF-UFZRDIX2BV,873835669597,131228,2026-06-23,NEFT CR-ORD-2026-000838,20000000-0000-4000-8000-000000000838
30000000-0000-4000-8000-000000000839,BANKREF-OH640IW8CY,569380423684,923870,2026-06-27,NEFT CR-ORD-2026-000839,20000000-0000-4000-8000-000000000839
30000000-0000-4000-8000-000000000840,BANKREF-P7UYA7ZP8P,638717221706,484880,2026-07-01,NEFT CR-ORD-2026-000840,20000000-0000-4000-8000-000000000840
30000000-0000-4000-8000-000000000841,BANKREF-LDSC0Q0DBS,763143736611,332074,2026-08-31,NEFT CR-ORD-2026-000841,20000000-0000-4000-8000-000000000841
30000000-0000-4000-8000-000000000842,BANKREF-VQQ1JYOT59,117024735894,558501,2026-07-11,NEFT CR-ORD-2026-000842,20000000-0000-4000-8000-000000000842
30000000-0000-4000-8000-000000000842D,BANKREF-K0PLZTE44RD,651789599207,558501,2026-07-13,NEFT CR-ORD-2026-000842,20000000-0000-4000-8000-000000000842
30000000-0000-4000-8000-000000000843,BANKREF-V097PNPFZB,440262384280,1250378,2026-08-24,NEFT CR-ORD-2026-000843,20000000-0000-4000-8000-000000000843
30000000-0000-4000-8000-000000000844,BANKREF-R2R6WSSK4W,768450254984,422391,2026-06-06,NEFT CR-ORD-2026-000844,20000000-0000-4000-8000-000000000844
30000000-0000-4000-8000-000000000845,BANKREF-JD1BPO49IM,823429746957,106037,2026-06-10,NEFT CR-ORD-2026-000845,20000000-0000-4000-8000-000000000845
30000000-0000-4000-8000-000000000846,BANKREF-I7G9BSL7L9,011604287722,282668,2026-06-13,NEFT CR-ORD-2026-000846,20000000-0000-4000-8000-000000000846
30000000-0000-4000-8000-000000000847,BANKREF-0RUIIJC57V,864660310304,517394,2026-06-11,NEFT CR-ORD-2026-000847,20000000-0000-4000-8000-000000000847
30000000-0000-4000-8000-000000000848,BANKREF-LGS48A8HTS,747283570755,1435461,2026-06-05,NEFT CR-ORD-2026-000848,20000000-0000-4000-8000-000000000848
30000000-0000-4000-8000-000000000849,BANKREF-G9NJEPLI20,029376225641,1061054,2026-07-24,NEFT CR-ORD-2026-000849,20000000-0000-4000-8000-000000000849
30000000-0000-4000-8000-000000000850,BANKREF-S3THZOUTME,457919372086,805335,2026-06-08,NEFT CR-ORD-2026-000850,20000000-0000-4000-8000-000000000850
30000000-0000-4000-8000-000000000851,BANKREF-8YIVC99BXP,957820240491,1004325,2026-06-20,NEFT CR-ORD-2026-000851,20000000-0000-4000-8000-000000000851
30000000-0000-4000-8000-000000000852,BANKREF-4SZM12AWVS,467162796902,1139964,2026-08-17,NEFT CR-ORD-2026-000852,20000000-0000-4000-8000-000000000852
30000000-0000-4000-8000-000000000853,BANKREF-04RP59Q6PU,868138350958,824375,2026-08-29,NEFT CR-ORD-2026-000853,20000000-0000-4000-8000-000000000853
30000000-0000-4000-8000-000000000854,BANKREF-6OVHBTLVVB,076430882960,815977,2026-08-27,NEFT CR-ORD-2026-000854,20000000-0000-4000-8000-000000000854
30000000-0000-4000-8000-000000000855,BANKREF-FOJ0M9ULWT,529529833079,1381704,2026-08-14,NEFT CR-ORD-2026-000855,20000000-0000-4000-8000-000000000855
30000000-0000-4000-8000-000000000856,BANKREF-BMASMNQLTU,846206421557,1118954,2026-06-11,NEFT CR-ORD-2026-000856,20000000-0000-4000-8000-000000000856
30000000-0000-4000-8000-000000000857,BANKREF-A6TDJ9IT1A,321852133993,151635,2026-07-21,NEFT CR-ORD-2026-000857,20000000-0000-4000-8000-000000000857
30000000-0000-4000-8000-000000000858,BANKREF-2595EY4948,248631008941,1215813,2026-06-24,NEFT CR-ORD-2026-000858,20000000-0000-4000-8000-000000000858
30000000-0000-4000-8000-000000000859,BANKREF-DNFSOZTCNH,036093114042,704375,2026-07-13,NEFT CR-ORD-2026-000859,20000000-0000-4000-8000-000000000859
30000000-0000-4000-8000-000000000860,BANKREF-J5HRUP0MMR,583522115523,510071,2026-08-08,NEFT CR-ORD-2026-000860,20000000-0000-4000-8000-000000000860
30000000-0000-4000-8000-000000000861,BANKREF-MRGP8J0DJW,500136623332,482342,2026-06-18,NEFT CR-ORD-2026-000861,20000000-0000-4000-8000-000000000861
30000000-0000-4000-8000-000000000862,BANKREF-AAAYJZEVBD,520163719124,593944,2026-06-05,NEFT CR-ORD-2026-000862,20000000-0000-4000-8000-000000000862
30000000-0000-4000-8000-000000000863,BANKREF-FCNCAUZFJA,326182768744,1390491,2026-07-09,NEFT CR-ORD-2026-000863,20000000-0000-4000-8000-000000000863
30000000-0000-4000-8000-000000000864,BANKREF-NDS1S5Y9HG,447000162699,1237099,2026-08-26,NEFT CR-ORD-2026-000864,20000000-0000-4000-8000-000000000864
30000000-0000-4000-8000-000000000865,BANKREF-CH92P47PTU,579921374156,1276838,2026-06-30,NEFT CR-ORD-2026-000865,20000000-0000-4000-8000-000000000865
30000000-0000-4000-8000-000000000866,BANKREF-4OTPT318YW,711519733746,1300467,2026-08-22,NEFT CR-ORD-2026-000866,20000000-0000-4000-8000-000000000866
30000000-0000-4000-8000-000000000867,BANKREF-VNRURUOUUY,999185586212,1166798,2026-08-05,NEFT CR-ORD-2026-000867,20000000-0000-4000-8000-000000000867
30000000-0000-4000-8000-000000000868,BANKREF-CYO51KW4HW,437703400206,976986,2026-06-08,NEFT CR-ORD-2026-000868,20000000-0000-4000-8000-000000000868
30000000-0000-4000-8000-000000000869,BANKREF-X5Z0WEE80K,303676421642,548151,2026-08-13,NEFT CR-ORD-2026-000869,20000000-0000-4000-8000-000000000869
30000000-0000-4000-8000-000000000870,BANKREF-SGUTTFL9NE,217080074766,134841,2026-07-10,NEFT CR-ORD-2026-000870,20000000-0000-4000-8000-000000000870
30000000-0000-4000-8000-000000000872,BANKREF-HN5A5W9XXL,523338740449,899753,2026-07-18,NEFT CR-ORD-2026-000872,20000000-0000-4000-8000-000000000872
30000000-0000-4000-8000-000000000873,BANKREF-HY2XLBL9SA,980316965286,133502,2026-08-06,NEFT CR-ORD-2026-000873,20000000-0000-4000-8000-000000000873
30000000-0000-4000-8000-000000000874,BANKREF-33AXP4EUC4,205173997755,987531,2026-08-15,NEFT CR-ORD-2026-000874,20000000-0000-4000-8000-000000000874
30000000-0000-4000-8000-000000000875,BANKREF-080380CBQA,812583538065,656629,2026-07-22,NEFT CR-ORD-2026-000875,20000000-0000-4000-8000-000000000875
30000000-0000-4000-8000-000000000877,BANKREF-VZFGVCH1SI,659855709448,879564,2026-07-02,NEFT CR-ORD-2026-000877,20000000-0000-4000-8000-000000000877
30000000-0000-4000-8000-000000000878,BANKREF-7XPESHA6LZ,204918327197,594464,2026-08-29,NEFT CR-ORD-2026-000878,20000000-0000-4000-8000-000000000878
30000000-0000-4000-8000-000000000879,BANKREF-3BKBG0IM28,550795863204,579200,2026-08-05,NEFT CR-ORD-2026-000879,20000000-0000-4000-8000-000000000879
30000000-0000-4000-8000-000000000880,BANKREF-HZZ4GW43KI,223462752580,97835,2026-07-14,NEFT CR-ORD-2026-000880,20000000-0000-4000-8000-000000000880
30000000-0000-4000-8000-000000000881,BANKREF-ELS3CDOOF2,223483717741,964390,2026-08-30,NEFT CR-ORD-2026-000881,20000000-0000-4000-8000-000000000881
30000000-0000-4000-8000-000000000882,BANKREF-3KB5NQ323L,939263343799,60342,2026-07-11,NEFT CR-ORD-2026-000882,20000000-0000-4000-8000-000000000882
30000000-0000-4000-8000-000000000883,BANKREF-SYYW0GAJKF,588528160295,81725,2026-08-16,NEFT CR-ORD-2026-000883,20000000-0000-4000-8000-000000000883
30000000-0000-4000-8000-000000000884,BANKREF-O4116SGS5T,534944196409,923381,2026-08-04,NEFT CR-ORD-2026-000884,20000000-0000-4000-8000-000000000884
30000000-0000-4000-8000-000000000885,BANKREF-T8559T3NSV,302592442721,315670,2026-07-04,NEFT CR-ORD-2026-000885,20000000-0000-4000-8000-000000000885
30000000-0000-4000-8000-000000000886,BANKREF-2I1497B6L8,344860950667,461642,2026-08-20,NEFT CR-ORD-2026-000886,20000000-0000-4000-8000-000000000886
30000000-0000-4000-8000-000000000887,BANKREF-1KCP41YB60,844891145192,1032348,2026-06-14,NEFT CR-ORD-2026-000887,20000000-0000-4000-8000-000000000887
30000000-0000-4000-8000-000000000888,BANKREF-SFXUSTBRM5,943375320611,531943,2026-06-04,NEFT CR-ORD-2026-000888,20000000-0000-4000-8000-000000000888
30000000-0000-4000-8000-000000000889,BANKREF-498GRUPBOT,764729937684,443871,2026-07-02,NEFT CR-ORD-2026-000889,20000000-0000-4000-8000-000000000889
30000000-0000-4000-8000-000000000890,BANKREF-R20UWQD6YN,813723936967,300048,2026-07-25,NEFT CR-ORD-2026-000890,20000000-0000-4000-8000-000000000890
30000000-0000-4000-8000-000000000891,BANKREF-EX9T3IO39W,256535725785,1289434,2026-06-21,NEFT CR-ORD-2026-000891,20000000-0000-4000-8000-000000000891
30000000-0000-4000-8000-000000000892,BANKREF-1N8IFTKF7U,132505610906,246053,2026-07-21,NEFT CR-ORD-2026-000892,20000000-0000-4000-8000-000000000892
30000000-0000-4000-8000-000000000893,BANKREF-P9H139F9TX,324482755047,1114854,2026-08-15,NEFT CR-ORD-2026-000893,20000000-0000-4000-8000-000000000893
30000000-0000-4000-8000-000000000893D,BANKREF-VWTEH6Y5F8D,356166052173,1114854,2026-08-16,NEFT CR-ORD-2026-000893,20000000-0000-4000-8000-000000000893
30000000-0000-4000-8000-000000000894,BANKREF-5UKPKSZ32A,853711183840,740111,2026-08-30,NEFT CR-ORD-2026-000894,20000000-0000-4000-8000-000000000894
30000000-0000-4000-8000-000000000895,BANKREF-MFU2G6559Q,690819311527,508411,2026-08-12,NEFT CR-ORD-2026-000895,20000000-0000-4000-8000-000000000895
30000000-0000-4000-8000-000000000896,BANKREF-EA3MFK5A38,148066199696,865872,2026-07-13,NEFT CR-ORD-2026-000896,20000000-0000-4000-8000-000000000896
30000000-0000-4000-8000-000000000897,BANKREF-F47YYIP1F0,822312444994,1208295,2026-07-30,NEFT CR-ORD-2026-000897,20000000-0000-4000-8000-000000000897
30000000-0000-4000-8000-000000000898,BANKREF-QDYD7I0EGB,722560660579,100081,2026-09-13,NEFT CR-ORD-2026-000898,20000000-0000-4000-8000-000000000898
30000000-0000-4000-8000-000000000899,BANKREF-P10VWAZKSW,363480755100,897897,2026-07-25,NEFT CR-ORD-2026-000899,20000000-0000-4000-8000-000000000899
30000000-0000-4000-8000-000000000900,BANKREF-MM1BH3TXZ1,369220805825,823496,2026-07-01,NEFT CR-ORD-2026-000900,20000000-0000-4000-8000-000000000900
30000000-0000-4000-8000-000000000901,BANKREF-1JRWSWA2BA,820867250907,156029,2026-06-24,NEFT CR-ORD-2026-000901,20000000-0000-4000-8000-000000000901
30000000-0000-4000-8000-000000000902,BANKREF-KQ9EGY152I,517314673814,932364,2026-07-31,NEFT CR-ORD-2026-000902,20000000-0000-4000-8000-000000000902
30000000-0000-4000-8000-000000000903,BANKREF-L0OEXIR4II,420614584465,947694,2026-06-06,NEFT CR-ORD-2026-000903,20000000-0000-4000-8000-000000000903
30000000-0000-4000-8000-000000000904,BANKREF-P003Y2AEYX,327208380585,1363347,2026-07-15,NEFT CR-ORD-2026-000904,20000000-0000-4000-8000-000000000904
30000000-0000-4000-8000-000000000905,BANKREF-PCYWSEEJMV,818405699101,217835,2026-07-13,NEFT CR-ORD-2026-000905,20000000-0000-4000-8000-000000000905
30000000-0000-4000-8000-000000000906,BANKREF-NIOLOAQKHG,880903348668,1042608,2026-06-21,NEFT CR-ORD-2026-000906,20000000-0000-4000-8000-000000000906
30000000-0000-4000-8000-000000000907,BANKREF-FQBKXDG191,925777551006,795961,2026-06-12,NEFT CR-ORD-2026-000907,20000000-0000-4000-8000-000000000907
30000000-0000-4000-8000-000000000908,BANKREF-JERDQEZPR3,019829752229,401886,2026-07-13,NEFT CR-ORD-2026-000908,20000000-0000-4000-8000-000000000908
30000000-0000-4000-8000-000000000909,BANKREF-AS4K586XPI,919928195250,710136,2026-08-01,NEFT CR-ORD-2026-000909,20000000-0000-4000-8000-000000000909
30000000-0000-4000-8000-000000000910,BANKREF-UVLATZQL3R,777604170791,185809,2026-07-19,NEFT CR-ORD-2026-000910,20000000-0000-4000-8000-000000000910
30000000-0000-4000-8000-000000000911,BANKREF-UEGEX2JFWY,400185590307,1074235,2026-07-24,NEFT CR-ORD-2026-000911,20000000-0000-4000-8000-000000000911
30000000-0000-4000-8000-000000000912,BANKREF-FNS6UV3FYT,137184309579,786002,2026-08-11,NEFT CR-ORD-2026-000912,20000000-0000-4000-8000-000000000912
30000000-0000-4000-8000-000000000912D,BANKREF-U7DPNUCO3SD,446687716426,786002,2026-08-12,NEFT CR-ORD-2026-000912,20000000-0000-4000-8000-000000000912
30000000-0000-4000-8000-000000000913,BANKREF-NH36WE7GJ8,703996429966,1137018,2026-08-07,NEFT CR-ORD-2026-000913,20000000-0000-4000-8000-000000000913
30000000-0000-4000-8000-000000000914,BANKREF-3AOTG4IN18,570565646339,103163,2026-06-23,NEFT CR-ORD-2026-000914,20000000-0000-4000-8000-000000000914
30000000-0000-4000-8000-000000000915,BANKREF-ONA6ZZQAUU,092504016308,573440,2026-06-16,NEFT CR-ORD-2026-000915,20000000-0000-4000-8000-000000000915
30000000-0000-4000-8000-000000000916,BANKREF-9ZYGCQWHR1,171913516761,278860,2026-07-22,NEFT CR-ORD-2026-000916,20000000-0000-4000-8000-000000000916
30000000-0000-4000-8000-000000000917,BANKREF-8C3ZB58M7K,846911358478,680718,2026-07-06,NEFT CR-ORD-2026-000917,20000000-0000-4000-8000-000000000917
30000000-0000-4000-8000-000000000918,BANKREF-5U9Q1PG4VI,140991430819,1434917,2026-08-04,NEFT CR-ORD-2026-000918,20000000-0000-4000-8000-000000000918
30000000-0000-4000-8000-000000000919,BANKREF-1MKSLO87TQ,115592351179,556060,2026-08-19,NEFT CR-ORD-2026-000919,20000000-0000-4000-8000-000000000919
30000000-0000-4000-8000-000000000920,BANKREF-8YK4CUC6JZ,334435712414,601462,2026-07-09,NEFT CR-ORD-2026-000920,20000000-0000-4000-8000-000000000920
30000000-0000-4000-8000-000000000921,BANKREF-WFCCE9F1A2,662084209617,384409,2026-08-15,NEFT CR-ORD-2026-000921,20000000-0000-4000-8000-000000000921
30000000-0000-4000-8000-000000000922,BANKREF-2GJT5A1O3Z,343359951471,139625,2026-06-30,NEFT CR-ORD-2026-000922,20000000-0000-4000-8000-000000000922
30000000-0000-4000-8000-000000000923,BANKREF-KLZGWQWVJN,002529142391,567288,2026-06-10,NEFT CR-ORD-2026-000923,20000000-0000-4000-8000-000000000923
30000000-0000-4000-8000-000000000924,BANKREF-12UG7SY3SZ,870255933310,535360,2026-06-16,NEFT CR-ORD-2026-000924,20000000-0000-4000-8000-000000000924
30000000-0000-4000-8000-000000000925,BANKREF-LK2DXF692X,552103605629,682504,2026-08-21,NEFT CR-ORD-2026-000925,20000000-0000-4000-8000-000000000925
30000000-0000-4000-8000-000000000926,BANKREF-V0FHLGEMJ9,424204342205,1065155,2026-06-04,NEFT CR-ORD-2026-000926,20000000-0000-4000-8000-000000000926
30000000-0000-4000-8000-000000000926D,BANKREF-EWJ281RA4ND,913976788830,1065155,2026-06-04,NEFT CR-ORD-2026-000926,20000000-0000-4000-8000-000000000926
30000000-0000-4000-8000-000000000927,BANKREF-0P851P28XA,642108688062,475507,2026-07-13,NEFT CR-ORD-2026-000927,20000000-0000-4000-8000-000000000927
30000000-0000-4000-8000-000000000927D,BANKREF-5PWI6RU4BJD,313578185420,475507,2026-07-14,NEFT CR-ORD-2026-000927,20000000-0000-4000-8000-000000000927
30000000-0000-4000-8000-000000000928,BANKREF-QXDDL9U16K,493841372439,818321,2026-08-19,NEFT CR-ORD-2026-000928,20000000-0000-4000-8000-000000000928
30000000-0000-4000-8000-000000000929,BANKREF-Y2U1JBDE3X,847034498217,1342843,2026-06-21,NEFT CR-ORD-2026-000929,20000000-0000-4000-8000-000000000929
30000000-0000-4000-8000-000000000930,BANKREF-1GQE1IE7X9,546297224385,1192336,2026-08-25,NEFT CR-ORD-2026-000930,20000000-0000-4000-8000-000000000930
30000000-0000-4000-8000-000000000931,BANKREF-OW4P615ISA,606554471233,51944,2026-06-20,NEFT CR-ORD-2026-000931,20000000-0000-4000-8000-000000000931
30000000-0000-4000-8000-000000000932,BANKREF-9FYGG7K19E,540774191647,255231,2026-08-31,NEFT CR-ORD-2026-000932,20000000-0000-4000-8000-000000000932
30000000-0000-4000-8000-000000000933,BANKREF-0159OAXTA8,497379359979,148413,2026-07-22,NEFT CR-ORD-2026-000933,20000000-0000-4000-8000-000000000933
30000000-0000-4000-8000-000000000934,BANKREF-52MFX1LEQI,910869046334,1363933,2026-07-22,NEFT CR-ORD-2026-000934,20000000-0000-4000-8000-000000000934
30000000-0000-4000-8000-000000000935,BANKREF-ET2ELLY9HW,085807219421,415751,2026-07-26,NEFT CR-ORD-2026-000935,20000000-0000-4000-8000-000000000935
30000000-0000-4000-8000-000000000936,BANKREF-B83U661T4U,975443654828,1292754,2026-06-19,NEFT CR-ORD-2026-000936,20000000-0000-4000-8000-000000000936
30000000-0000-4000-8000-000000000937,BANKREF-I5ZHCN8IFQ,774446520199,211391,2026-06-17,NEFT CR-ORD-2026-000937,20000000-0000-4000-8000-000000000937
30000000-0000-4000-8000-000000000938,BANKREF-4QI59S90HX,056091056261,723805,2026-07-21,NEFT CR-ORD-2026-000938,20000000-0000-4000-8000-000000000938
30000000-0000-4000-8000-000000000939,BANKREF-GN3E9V686T,575619101439,485076,2026-07-29,NEFT CR-ORD-2026-000939,20000000-0000-4000-8000-000000000939
30000000-0000-4000-8000-000000000941,BANKREF-MHO6T2TKXZ,746902360726,1295195,2026-06-07,NEFT CR-ORD-2026-000941,20000000-0000-4000-8000-000000000941
30000000-0000-4000-8000-000000000942,BANKREF-63X5GRN5YU,330643124916,418876,2026-07-08,NEFT CR-ORD-2026-000942,20000000-0000-4000-8000-000000000942
30000000-0000-4000-8000-000000000943,BANKREF-6WNA30KK9J,112347159904,851518,2026-07-06,NEFT CR-ORD-2026-000943,20000000-0000-4000-8000-000000000943
30000000-0000-4000-8000-000000000944,BANKREF-BTVR9SL5VX,998446631575,1047055,2026-07-25,NEFT CR-ORD-2026-000944,20000000-0000-4000-8000-000000000944
30000000-0000-4000-8000-000000000945,BANKREF-PFQ67M7NO5,655819505221,1049532,2026-07-06,NEFT CR-ORD-2026-000945,20000000-0000-4000-8000-000000000945
30000000-0000-4000-8000-000000000946,BANKREF-61BAFTCBHG,440555426950,81920,2026-07-28,NEFT CR-ORD-2026-000946,20000000-0000-4000-8000-000000000946
30000000-0000-4000-8000-000000000947,BANKREF-3B15BP16LA,299217058299,1130866,2026-08-13,NEFT CR-ORD-2026-000947,20000000-0000-4000-8000-000000000947
30000000-0000-4000-8000-000000000948,BANKREF-HM7X9CCV23,267338339053,1390003,2026-08-04,NEFT CR-ORD-2026-000948,20000000-0000-4000-8000-000000000948
30000000-0000-4000-8000-000000000949,BANKREF-C6STLGYLPZ,311073284093,112286,2026-07-05,NEFT CR-ORD-2026-000949,20000000-0000-4000-8000-000000000949
30000000-0000-4000-8000-000000000950,BANKREF-E55NHF4LUF,871108254961,1190622,2026-08-05,NEFT CR-ORD-2026-000950,20000000-0000-4000-8000-000000000950
30000000-0000-4000-8000-000000000951,BANKREF-BUOA075OKS,353114333688,131861,2026-08-03,NEFT CR-ORD-2026-000951,20000000-0000-4000-8000-000000000951
30000000-0000-4000-8000-000000000952,BANKREF-JKIN8N197M,324699628749,949354,2026-07-23,NEFT CR-ORD-2026-000952,20000000-0000-4000-8000-000000000952
30000000-0000-4000-8000-000000000953,BANKREF-OWQAODZ8M2,098615763135,247908,2026-07-18,NEFT CR-ORD-2026-000953,20000000-0000-4000-8000-000000000953
30000000-0000-4000-8000-000000000954,BANKREF-ZD0YXGZB3R,234619209855,800062,2026-09-09,NEFT CR-ORD-2026-000954,20000000-0000-4000-8000-000000000954
30000000-0000-4000-8000-000000000955,BANKREF-FKP8URJDM4,036482815666,538680,2026-06-11,NEFT CR-ORD-2026-000955,20000000-0000-4000-8000-000000000955
30000000-0000-4000-8000-000000000956,BANKREF-MQG03JJ5E2,042170750221,673716,2026-08-14,NEFT CR-ORD-2026-000956,20000000-0000-4000-8000-000000000956
30000000-0000-4000-8000-000000000957,BANKREF-JOUGSRD75M,887711066170,50382,2026-07-01,NEFT CR-ORD-2026-000957,20000000-0000-4000-8000-000000000957
30000000-0000-4000-8000-000000000958,BANKREF-T54EHXL20I,134433850653,1033422,2026-07-24,NEFT CR-ORD-2026-000958,20000000-0000-4000-8000-000000000958
30000000-0000-4000-8000-000000000960,BANKREF-Z54V9RBUQ9,864155272037,130800,2026-06-19,NEFT CR-ORD-2026-000960,20000000-0000-4000-8000-000000000960
30000000-0000-4000-8000-000000000961,BANKREF-CDDWJETF1R,907401256283,1190329,2026-07-14,NEFT CR-ORD-2026-000961,20000000-0000-4000-8000-000000000961
30000000-0000-4000-8000-000000000962,BANKREF-MYIDUEBXUG,481816265769,943495,2026-07-28,NEFT CR-ORD-2026-000962,20000000-0000-4000-8000-000000000962
30000000-0000-4000-8000-000000000962D,BANKREF-1IXBCTP4JYD,158402208275,943495,2026-07-30,NEFT CR-ORD-2026-000962,20000000-0000-4000-8000-000000000962
30000000-0000-4000-8000-000000000964,BANKREF-JUKI2S6M0E,855747537343,75280,2026-06-20,NEFT CR-ORD-2026-000964,20000000-0000-4000-8000-000000000964
30000000-0000-4000-8000-000000000965,BANKREF-82YB4MLLOY,721761916118,354043,2026-08-05,NEFT CR-ORD-2026-000965,20000000-0000-4000-8000-000000000965
30000000-0000-4000-8000-000000000966,BANKREF-5CHAK55ZX6,074269021184,174287,2026-07-26,NEFT CR-ORD-2026-000966,20000000-0000-4000-8000-000000000966
30000000-0000-4000-8000-000000000967,BANKREF-AZVK626UFI,745787556107,1016335,2026-07-08,NEFT CR-ORD-2026-000967,20000000-0000-4000-8000-000000000967
30000000-0000-4000-8000-000000000968,BANKREF-0BHEYGBCPC,806745892306,977865,2026-06-06,NEFT CR-ORD-2026-000968,20000000-0000-4000-8000-000000000968
30000000-0000-4000-8000-000000000969,BANKREF-C0S8MVGBME,418831750064,250251,2026-08-24,NEFT CR-ORD-2026-000969,20000000-0000-4000-8000-000000000969
30000000-0000-4000-8000-000000000970,BANKREF-5YCH0AF3LF,380130874058,458225,2026-08-28,NEFT CR-ORD-2026-000970,20000000-0000-4000-8000-000000000970
30000000-0000-4000-8000-000000000971,BANKREF-TCEX9IA5EF,950782058229,287062,2026-06-26,NEFT CR-ORD-2026-000971,20000000-0000-4000-8000-000000000971
30000000-0000-4000-8000-000000000972,BANKREF-Y5VJEGEJ0V,520440640758,126932,2026-08-01,NEFT CR-ORD-2026-000972,20000000-0000-4000-8000-000000000972
30000000-0000-4000-8000-000000000973,BANKREF-4DIBBFR0AY,536952120567,1386293,2026-08-04,NEFT CR-ORD-2026-000973,20000000-0000-4000-8000-000000000973
30000000-0000-4000-8000-000000000974,BANKREF-0IKJJE6USF,342249129109,516613,2026-08-11,NEFT CR-ORD-2026-000974,20000000-0000-4000-8000-000000000974
30000000-0000-4000-8000-000000000975,BANKREF-7C8XULS4BI,814323138829,189422,2026-08-25,NEFT CR-ORD-2026-000975,20000000-0000-4000-8000-000000000975
30000000-0000-4000-8000-000000000976,BANKREF-JXSGIW46BU,640897902820,302879,2026-06-23,NEFT CR-ORD-2026-000976,20000000-0000-4000-8000-000000000976
30000000-0000-4000-8000-000000000977,BANKREF-OEWZWDA171,434338669041,1174804,2026-08-13,NEFT CR-ORD-2026-000977,20000000-0000-4000-8000-000000000977
30000000-0000-4000-8000-000000000978,BANKREF-ORLFOSKG3V,876762968347,1349873,2026-08-02,NEFT CR-ORD-2026-000978,20000000-0000-4000-8000-000000000978
30000000-0000-4000-8000-000000000979,BANKREF-3KR0AKII80,374144182497,369665,2026-08-07,NEFT CR-ORD-2026-000979,20000000-0000-4000-8000-000000000979
30000000-0000-4000-8000-000000000980,BANKREF-HK6S3AWQYQ,681267963417,81139,2026-08-04,NEFT CR-ORD-2026-000980,20000000-0000-4000-8000-000000000980
30000000-0000-4000-8000-000000000981,BANKREF-62XA9XV9RX,557615374285,890672,2026-06-15,NEFT CR-ORD-2026-000981,20000000-0000-4000-8000-000000000981
30000000-0000-4000-8000-000000000982,BANKREF-6COJUQ9KP4,599668083406,1443607,2026-09-01,NEFT CR-ORD-2026-000982,20000000-0000-4000-8000-000000000982
30000000-0000-4000-8000-000000000983,BANKREF-HGILFVD98X,461781288518,1376138,2026-07-07,NEFT CR-ORD-2026-000983,20000000-0000-4000-8000-000000000983
30000000-0000-4000-8000-000000000984,BANKREF-S87UKBX3AV,755174030016,552545,2026-06-20,NEFT CR-ORD-2026-000984,20000000-0000-4000-8000-000000000984
30000000-0000-4000-8000-000000000985,BANKREF-02H7AB6J8G,696766337879,883935,2026-07-31,NEFT CR-ORD-2026-000985,20000000-0000-4000-8000-000000000985
30000000-0000-4000-8000-000000000986,BANKREF-F0Q8JRZOEJ,262079528120,73035,2026-08-13,NEFT CR-ORD-2026-000986,20000000-0000-4000-8000-000000000986
30000000-0000-4000-8000-000000000987,BANKREF-WGOSGJEU3W,695354719094,1315211,2026-06-20,NEFT CR-ORD-2026-000987,20000000-0000-4000-8000-000000000987
30000000-0000-4000-8000-000000000987D,BANKREF-H0K732NO6DD,509483378165,1315211,2026-06-22,NEFT CR-ORD-2026-000987,20000000-0000-4000-8000-000000000987
30000000-0000-4000-8000-000000000988,BANKREF-V48714NBI2,459526587831,144111,2026-07-21,NEFT CR-ORD-2026-000988,20000000-0000-4000-8000-000000000988
30000000-0000-4000-8000-000000000989,BANKREF-7ZVDIN7FM1,526907441061,1228702,2026-07-13,NEFT CR-ORD-2026-000989,20000000-0000-4000-8000-000000000989
30000000-0000-4000-8000-000000000990,BANKREF-IGYKK7DCU8,998263323010,1061444,2026-07-21,NEFT CR-ORD-2026-000990,20000000-0000-4000-8000-000000000990
30000000-0000-4000-8000-000000000991,BANKREF-5CWFZIWJOT,236317551121,269490,2026-08-02,NEFT CR-ORD-2026-000991,20000000-0000-4000-8000-000000000991
30000000-0000-4000-8000-000000000992,BANKREF-WXGD4PUH8W,571391815242,710233,2026-07-11,NEFT CR-ORD-2026-000992,20000000-0000-4000-8000-000000000992
30000000-0000-4000-8000-000000000993,BANKREF-R06G1GJRLY,154497171918,495035,2026-07-24,NEFT CR-ORD-2026-000993,20000000-0000-4000-8000-000000000993
30000000-0000-4000-8000-000000000994,BANKREF-MOG4Z206CG,317575827045,1405723,2026-06-19,NEFT CR-ORD-2026-000994,20000000-0000-4000-8000-000000000994
30000000-0000-4000-8000-000000000995,BANKREF-MBJLD2AONO,355562660962,1435015,2026-08-14,NEFT CR-ORD-2026-000995,20000000-0000-4000-8000-000000000995
30000000-0000-4000-8000-000000000996,BANKREF-0CIH8NX1KH,420219472337,1325457,2026-08-12,NEFT CR-ORD-2026-000996,20000000-0000-4000-8000-000000000996
30000000-0000-4000-8000-000000000997,BANKREF-86HEVWW5K4,781233595284,1247058,2026-08-23,NEFT CR-ORD-2026-000997,20000000-0000-4000-8000-000000000997
30000000-0000-4000-8000-000000000998,BANKREF-5OVDZ1KVH1,534639281709,1367253,2026-07-26,NEFT CR-ORD-2026-000998,20000000-0000-4000-8000-000000000998
30000000-0000-4000-8000-000000000999,BANKREF-H3G79HU2GG,597804644134,445238,2026-07-17,NEFT CR-ORD-2026-000999,20000000-0000-4000-8000-000000000999
30000000-0000-4000-8000-000000001000,BANKREF-3POF1F94T5,612060532541,468281,2026-06-29,NEFT CR-BATCHKTZO19,
30000000-0000-4000-8000-000000001001,BANKREF-M2Z9QNRBZX,768590035388,435377,2026-06-22,NEFT CR-BATCHVC7AE9,
30000000-0000-4000-8000-000000001002,BANKREF-2JZO764UGE,058725019183,604294,2026-08-21,NEFT CR-BATCHVKGCER,
30000000-0000-4000-8000-000000001003,BANKREF-2RXUVZZ08W,780887109414,623236,2026-07-27,NEFT CR-BATCHCRNYGR,
30000000-0000-4000-8000-000000001004,BANKREF-FTQGQQH70K,856505098762,1188181,2026-08-13,NEFT CR-BATCHZ50VQ2,
30000000-0000-4000-8000-000000001005,BANKREF-P96XJLCVW2,746307683444,412724,2026-08-12,NEFT CR-BATCHIS9EQP,
30000000-0000-4000-8000-000000001006,BANKREF-6MVN35IAZP,890425991324,323091,2026-08-04,NEFT CR-BATCH6QVCZ8,
30000000-0000-4000-8000-000000001007,BANKREF-XR3RFBIURE,561877449325,337346,2026-07-25,NEFT CR-BATCH9SAHJP,
30000000-0000-4000-8000-000000001008,BANKREF-5FHPE0C3CD,897979420435,498940,2026-06-17,NEFT CR-BATCH2N6SLK,
30000000-0000-4000-8000-000000001009,BANKREF-8UI3LAQVMX,048567329025,405401,2026-06-29,NEFT CR-BATCH68OSMJ,
30000000-0000-4000-8000-000000001010,BANKREF-ER0DRXDNOP,200266474323,636027,2026-07-30,NEFT CR-BATCHIL0PFF,
30000000-0000-4000-8000-000000001011,BANKREF-VLNZUQQN61,120061680004,752414,2026-06-25,NEFT CR-BATCHV3GD0Q,
30000000-0000-4000-8000-000000001012,BANKREF-6FT53L0UEJ,929251205277,966538,2026-08-09,NEFT CR-BATCHPJE7KF,
30000000-0000-4000-8000-000000001013,BANKREF-8OILM3ILBQ,366128506425,927678,2026-06-05,NEFT CR-BATCHKFDBM1,
30000000-0000-4000-8000-000000001014,BANKREF-CFCBEY9HRG,795897757586,1024146,2026-06-26,NEFT CR-BATCHT77YON,
30000000-0000-4000-8000-000000001015,BANKREF-ZA3MI7SUFA,280096359384,1076481,2026-07-08,NEFT CR-BATCHSLNMMW,
30000000-0000-4000-8000-000000001016,BANKREF-R0DRVCNIGM,322128566087,1376431,2026-08-20,NEFT CR-BATCH7GG6CE,
30000000-0000-4000-8000-000000001017,BANKREF-RPWSKV4W6V,018661833670,1286212,2026-07-04,NEFT CR-BATCHQ5H6VS,
30000000-0000-4000-8000-000000001018,BANKREF-7TFP9UOBX9,223063132624,1386976,2026-08-27,NEFT CR-BATCHHQTD33,
30000000-0000-4000-8000-000000001019,BANKREF-782MYDP2NF,748409919819,1348213,2026-06-10,NEFT CR-BATCH22L8UZ,
30000000-0000-4000-8000-000000001020,BANKREF-D5A47Q0M6Y,918084058485,634367,2026-07-22,NEFT CR-BATCHL0TA89,
30000000-0000-4000-8000-000000001021,BANKREF-XZNLAG991K,131665302868,1066815,2026-07-16,NEFT CR-BATCHQBP9MW,
30000000-0000-4000-8000-000000001022,BANKREF-HZE22BONJU,094923273760,1434429,2026-08-11,NEFT CR-BATCHSZHZUE,
30000000-0000-4000-8000-000000001023,BANKREF-AU5R5LG0Y9,209158089488,216175,2026-07-30,NEFT CR-BATCHBG03XJ,
30000000-0000-4000-8000-000000001024,BANKREF-SY2OPTFG2O,913324997723,1288653,2026-06-30,NEFT CR-BATCH3T6KB9,
30000000-0000-4000-8000-000000001025,BANKREF-7EJGM6KX24,729877477791,259527,2026-07-07,NEFT CR-BATCHRHSURP,
30000000-0000-4000-8000-000000001026,BANKREF-GE00FRO6XU,116774800897,446898,2026-08-26,NEFT CR-BATCHMFEHK3,
30000000-0000-4000-8000-000000001027,BANKREF-OV90KAF2FP,771167261302,705547,2026-06-02,NEFT CR-BATCHSLW4MS,
30000000-0000-4000-8000-000000001028,BANKREF-B0VK8F3XUV,017178393693,326411,2026-06-14,NEFT CR-BATCH16CZEO,
30000000-0000-4000-8000-000000001029,BANKREF-ERRGNT1JBH,353406128798,625775,2026-07-22,NEFT CR-BATCHGHZNZE,
30000000-0000-4000-8000-000000001030,BANKREF-8YL9IPPD71,776325341001,341447,2026-06-15,NEFT CR-BATCHZV2GWU,
30000000-0000-4000-8000-000000001031,BANKREF-69S0F25EMP,773216249352,341460,2026-06-15,NEFT CR-BATCHMS7WVF,
30000000-0000-4000-8000-000000001032,BANKREF-ESKL0EJ2AG,167163816227,390169,2026-07-26,NEFT CR-BATCH89XSBM,
30000000-0000-4000-8000-000000001033,BANKREF-975VNFWYRL,998997731574,390167,2026-07-26,NEFT CR-BATCHKBF51X,
30000000-0000-4000-8000-000000001034,BANKREF-XYYQ4PHHAC,097938715383,55557,2026-08-11,NEFT CR-BATCHOCMP4R,
30000000-0000-4000-8000-000000001035,BANKREF-HKRIAOI4PZ,164149293906,55548,2026-08-11,NEFT CR-BATCHOTGSWO,
30000000-0000-4000-8000-000000001036,BANKREF-J2B3UB2RC0,287346507497,270365,2026-08-16,NEFT CR-BATCHCPBDTG,
30000000-0000-4000-8000-000000001037,BANKREF-AZDKKQAHSU,712478436127,270293,2026-08-16,NEFT CR-BATCHC7C53D,
30000000-0000-4000-8000-000000001038,BANKREF-ACCIOWCS26,756740120626,925334,2026-07-09,NEFT CR-BATCHJL514E,
30000000-0000-4000-8000-000000001039,BANKREF-QD3YU2C5AJ,761376143346,925300,2026-07-09,NEFT CR-BATCH54A9TS,
30000000-0000-4000-8000-000000001040,BANKREF-D71P41BX17,856690124459,693439,2026-07-02,NEFT CR-BATCHRI45VN,
30000000-0000-4000-8000-000000001041,BANKREF-2GWH1RETME,148984663664,693383,2026-07-02,NEFT CR-BATCHJS5XJO,
30000000-0000-4000-8000-000000001042,BANKREF-10XDRSSA3J,942956813579,484294,2026-07-21,NEFT CR-BATCH7IW6S8,
30000000-0000-4000-8000-000000001043,BANKREF-9DLBT2LJCK,308759106810,484221,2026-07-21,NEFT CR-BATCHEPCVS4,
30000000-0000-4000-8000-000000001044,BANKREF-U583KZNCMK,767899961081,1430426,2026-07-02,NEFT CR-BATCHF22W2H,
30000000-0000-4000-8000-000000001045,BANKREF-HBN2X32VV8,344939799605,1430462,2026-07-02,NEFT CR-BATCHLER8M9,
30000000-0000-4000-8000-000000001046,BANKREF-SVHHBXCSXC,659491885549,811681,2026-08-31,NEFT CR-BATCH0WTJHL,
30000000-0000-4000-8000-000000001047,BANKREF-GT5NZA9S1R,955455122113,811690,2026-08-31,NEFT CR-BATCHU0WNSB,
30000000-0000-4000-8000-000000001048,BANKREF-QBBEJAGX3M,850958185835,1117392,2026-06-18,NEFT CR-BATCHKHA0T3,
30000000-0000-4000-8000-000000001049,BANKREF-TZYZCDKPLO,942460056996,1117379,2026-06-18,NEFT CR-BATCHBP8Z1Q,
30000000-0000-4000-8000-000000001050,BANKREF-LSL5N6HDQ8,579455493206,719300,2026-07-27,NEFT CR-ORD-2026-001050,20000000-0000-4000-8000-000000001050
30000000-0000-4000-8000-000000001051,BANKREF-IQD23OTH9R,243189449752,690653,2026-08-21,NEFT CR-ORD-2026-001051,20000000-0000-4000-8000-000000001051
30000000-0000-4000-8000-000000001052,BANKREF-ESQ17ZSBAF,897546547057,1329671,2026-06-04,NEFT CR-ORD-2026-001052,20000000-0000-4000-8000-000000001052
30000000-0000-4000-8000-000000001053,BANKREF-KSGV2F8N1R,894878167033,1118778,2026-06-08,NEFT CR-ORD-2026-001053,20000000-0000-4000-8000-000000001053
30000000-0000-4000-8000-000000001054,BANKREF-322O1LIYMW,391140876603,1346801,2026-06-27,NEFT CR-ORD-2026-001054,20000000-0000-4000-8000-000000001054
30000000-0000-4000-8000-000000001055,BANKREF-J2VHW4ANXR,254073931851,259414,2026-08-10,NEFT CR-ORD-2026-001055,20000000-0000-4000-8000-000000001055
30000000-0000-4000-8000-000000001056,BANKREF-Y8AVSKXG57,579868763765,378367,2026-07-26,NEFT CR-ORD-2026-001056,20000000-0000-4000-8000-000000001056
30000000-0000-4000-8000-000000001057,BANKREF-WZG1FYUHQN,670933647849,1409093,2026-06-15,NEFT CR-ORD-2026-001057,20000000-0000-4000-8000-000000001057
30000000-0000-4000-8000-000000001058,BANKREF-BAOD52SJYD,771355600366,761588,2026-08-23,NEFT CR-ORD-2026-001058,20000000-0000-4000-8000-000000001058
30000000-0000-4000-8000-000000001059,BANKREF-BNJWAGJM3P,780876779287,898146,2026-08-08,NEFT CR-ORD-2026-001059,20000000-0000-4000-8000-000000001059
30000000-0000-4000-8000-000000001060,BANKREF-8663OH4WLX,098956704585,1081783,2026-06-08,NEFT CR-ORD-2026-001060,20000000-0000-4000-8000-000000001060
30000000-0000-4000-8000-000000001061,BANKREF-XW41ZU4JO0,426961668344,1172881,2026-08-24,NEFT CR-ORD-2026-001061,20000000-0000-4000-8000-000000001061
30000000-0000-4000-8000-000000001062,BANKREF-MGS9VKQKRH,649199947027,1070000,2026-06-03,NEFT CR-ORD-2026-001062,20000000-0000-4000-8000-000000001062
30000000-0000-4000-8000-000000001063,BANKREF-TPGR68FQO0,344909704167,347268,2026-07-20,NEFT CR-ORD-2026-001063,20000000-0000-4000-8000-000000001063
30000000-0000-4000-8000-000000001064,BANKREF-U6MXSCUHWA,922134438680,680872,2026-06-07,NEFT CR-ORD-2026-001064,20000000-0000-4000-8000-000000001064
30000000-0000-4000-8000-000000001065,BANKREF-OLSG7D327K,505084285745,978255,2026-07-24,NEFT CR-ORD-2026-001065,20000000-0000-4000-8000-000000001065
30000000-0000-4000-8000-000000001066,BANKREF-NXPPBDSDHP,520419953525,290186,2026-08-04,NEFT CR-ORD-2026-001066,20000000-0000-4000-8000-000000001066
30000000-0000-4000-8000-000000001067,BANKREF-12XQFJO2L1,860350076354,735132,2026-06-16,NEFT CR-ORD-2026-001067,20000000-0000-4000-8000-000000001067
30000000-0000-4000-8000-000000001068,BANKREF-9BDVBMH08B,173501858966,383823,2026-07-27,NEFT CR-ORD-2026-001068,20000000-0000-4000-8000-000000001068
30000000-0000-4000-8000-000000001069,BANKREF-SMS4NQK612,253596102807,1194625,2026-06-29,NEFT CR-ORD-2026-001069,20000000-0000-4000-8000-000000001069
30000000-0000-4000-8000-000000001070,BANKREF-1M045V7WYH,760728249093,1366277,2026-06-10,NEFT CR-ORD-2026-001070,20000000-0000-4000-8000-000000001070
30000000-0000-4000-8000-000000001071,BANKREF-2C74N0CDRT,439613484122,431569,2026-07-03,NEFT CR-ORD-2026-001071,20000000-0000-4000-8000-000000001071
30000000-0000-4000-8000-000000001072,BANKREF-CVSYRPF35T,659405012604,1247742,2026-09-01,NEFT CR-ORD-2026-001072,20000000-0000-4000-8000-000000001072
30000000-0000-4000-8000-000000001073,BANKREF-SO2D0CFIZ1,960168682685,804456,2026-08-02,NEFT CR-ORD-2026-001073,20000000-0000-4000-8000-000000001073
30000000-0000-4000-8000-000000001074,BANKREF-399H5RGGOK,006359715143,470625,2026-06-22,NEFT CR-ORD-2026-001074,20000000-0000-4000-8000-000000001074
30000000-0000-4000-8000-000000001075,BANKREF-OFVF9BPMNO,667019400999,933927,2026-06-20,NEFT CR-ORD-2026-001075,20000000-0000-4000-8000-000000001075
30000000-0000-4000-8000-000000001076,BANKREF-T6FVQJSQUR,348119824777,1262192,2026-07-17,NEFT CR-ORD-2026-001076,20000000-0000-4000-8000-000000001076
30000000-0000-4000-8000-000000001077,BANKREF-8OANOZ6FWO,583009282542,1068279,2026-08-27,NEFT CR-ORD-2026-001077,20000000-0000-4000-8000-000000001077
30000000-0000-4000-8000-000000001078,BANKREF-2F1TF1WZ4L,025092273231,820078,2026-08-14,NEFT CR-ORD-2026-001078,20000000-0000-4000-8000-000000001078
30000000-0000-4000-8000-000000001079,BANKREF-QQFO6UMQJJ,971935928841,341642,2026-07-26,NEFT CR-ORD-2026-001079,20000000-0000-4000-8000-000000001079
