id,order_number,customer_ref,amount_paise,currency,status,created_at
00000000-0000-4000-8000-000000000000,ORD-2026-000000,CUST-00096,702400,INR,PAID,2026-07-30T20:46:38
00000000-0000-4000-8000-000000000001,ORD-2026-000001,CUST-00255,325900,INR,PAID,2026-07-11T12:20:38
00000000-0000-4000-8000-000000000002,ORD-2026-000002,CUST-00135,212800,INR,PAID,2026-07-11T20:26:59
00000000-0000-4000-8000-000000000003,ORD-2026-000003,CUST-00310,1200500,INR,PAID,2026-06-06T22:44:11
00000000-0000-4000-8000-000000000004,ORD-2026-000004,CUST-00235,848000,INR,PAID,2026-08-18T14:19:03
00000000-0000-4000-8000-000000000005,ORD-2026-000005,CUST-00009,797900,INR,PAID,2026-06-18T10:54:54
00000000-0000-4000-8000-000000000006,ORD-2026-000006,CUST-00107,1174800,INR,PAID,2026-07-22T10:31:20
00000000-0000-4000-8000-000000000007,ORD-2026-000007,CUST-00091,704500,INR,PAID,2026-08-25T06:22:26
00000000-0000-4000-8000-000000000008,ORD-2026-000008,CUST-00061,1150800,INR,PAID,2026-05-31T11:19:20
00000000-0000-4000-8000-000000000009,ORD-2026-000009,CUST-00210,490200,INR,PAID,2026-06-30T01:09:19
00000000-0000-4000-8000-000000000010,ORD-2026-000010,CUST-00296,542300,INR,PAID,2026-07-31T20:58:31
00000000-0000-4000-8000-000000000011,ORD-2026-000011,CUST-00109,45000,INR,PAID,2026-07-18T11:02:19
00000000-0000-4000-8000-000000000012,ORD-2026-000012,CUST-00051,783400,INR,PAID,2026-06-25T18:06:19
00000000-0000-4000-8000-000000000013,ORD-2026-000013,CUST-00007,693800,INR,PAID,2026-06-22T20:05:05
00000000-0000-4000-8000-000000000014,ORD-2026-000014,CUST-00301,359300,INR,PAID,2026-07-20T00:34:12
00000000-0000-4000-8000-000000000015,ORD-2026-000015,CUST-00046,62900,INR,PAID,2026-07-08T03:45:38
00000000-0000-4000-8000-000000000016,ORD-2026-000016,CUST-00289,206400,INR,PAID,2026-07-10T13:17:23
00000000-0000-4000-8000-000000000017,ORD-2026-000017,CUST-00248,60100,INR,PAID,2026-08-10T12:33:35
00000000-0000-4000-8000-000000000018,ORD-2026-000018,CUST-00301,663000,INR,PAID,2026-07-11T22:15:25
00000000-0000-4000-8000-000000000019,ORD-2026-000019,CUST-00188,1368700,INR,PAID,2026-07-26T19:46:26
00000000-0000-4000-8000-000000000020,ORD-2026-000020,CUST-00193,698500,INR,PAID,2026-07-26T22:51:28
00000000-0000-4000-8000-000000000021,ORD-2026-000021,CUST-00336,723100,INR,PAID,2026-06-01T08:31:29
00000000-0000-4000-8000-000000000022,ORD-2026-000022,CUST-00383,328900,INR,PAID,2026-06-13T18:33:04
00000000-0000-4000-8000-000000000023,ORD-2026-000023,CUST-00342,526600,INR,PAID,2026-06-13T02:00:12
00000000-0000-4000-8000-000000000024,ORD-2026-000024,CUST-00265,1337700,INR,PAID,2026-08-07T08:07:33
00000000-0000-4000-8000-000000000025,ORD-2026-000025,CUST-00162,447500,INR,PAID,2026-07-30T10:37:10
00000000-0000-4000-8000-000000000026,ORD-2026-000026,CUST-00331,343800,INR,PAID,2026-08-27T02:20:50
00000000-0000-4000-8000-000000000027,ORD-2026-000027,CUST-00124,1096100,INR,PAID,2026-08-17T09:01:27
00000000-0000-4000-8000-000000000028,ORD-2026-000028,CUST-00328,1317200,INR,PAID,2026-08-09T15:54:21
00000000-0000-4000-8000-000000000029,ORD-2026-000029,CUST-00038,759200,INR,PAID,2026-08-01T05:55:19
00000000-0000-4000-8000-000000000030,ORD-2026-000030,CUST-00135,781800,INR,PAID,2026-07-27T16:00:37
00000000-0000-4000-8000-000000000031,ORD-2026-000031,CUST-00291,262700,INR,PAID,2026-07-07T05:26:53
00000000-0000-4000-8000-000000000032,ORD-2026-000032,CUST-00099,304500,INR,PAID,2026-06-18T01:03:14
00000000-0000-4000-8000-000000000033,ORD-2026-000033,CUST-00180,923200,INR,PAID,2026-06-30T21:22:03
00000000-0000-4000-8000-000000000034,ORD-2026-000034,CUST-00392,867400,INR,PAID,2026-08-05T05:27:31
00000000-0000-4000-8000-000000000035,ORD-2026-000035,CUST-00176,348000,INR,PAID,2026-08-10T05:00:04
00000000-0000-4000-8000-000000000036,ORD-2026-000036,CUST-00115,394100,INR,PAID,2026-07-09T00:41:46
00000000-0000-4000-8000-000000000037,ORD-2026-000037,CUST-00371,142800,INR,PAID,2026-08-18T18:37:50
00000000-0000-4000-8000-000000000038,ORD-2026-000038,CUST-00033,95200,INR,PAID,2026-07-08T16:02:41
00000000-0000-4000-8000-000000000039,ORD-2026-000039,CUST-00336,358800,INR,PAID,2026-06-25T20:28:26
00000000-0000-4000-8000-000000000040,ORD-2026-000040,CUST-00375,304400,INR,PAID,2026-06-02T21:03:52
00000000-0000-4000-8000-000000000041,ORD-2026-000041,CUST-00032,1395100,INR,PAID,2026-07-28T05:19:52
00000000-0000-4000-8000-000000000042,ORD-2026-000042,CUST-00339,1028500,INR,PAID,2026-08-23T22:46:08
00000000-0000-4000-8000-000000000043,ORD-2026-000043,CUST-00054,1389000,INR,PAID,2026-08-02T15:26:41
00000000-0000-4000-8000-000000000044,ORD-2026-000044,CUST-00285,1453100,INR,PAID,2026-08-28T20:09:11
00000000-0000-4000-8000-000000000045,ORD-2026-000045,CUST-00184,749500,INR,PAID,2026-06-29T16:51:06
00000000-0000-4000-8000-000000000046,ORD-2026-000046,CUST-00233,789400,INR,PAID,2026-07-14T14:07:48
00000000-0000-4000-8000-000000000047,ORD-2026-000047,CUST-00327,943300,INR,PAID,2026-07-09T21:49:18
00000000-0000-4000-8000-000000000048,ORD-2026-000048,CUST-00069,717000,INR,PAID,2026-06-17T03:33:27
00000000-0000-4000-8000-000000000049,ORD-2026-000049,CUST-00033,164300,INR,PAID,2026-06-14T15:51:05
00000000-0000-4000-8000-000000000050,ORD-2026-000050,CUST-00227,1157200,INR,PAID,2026-06-17T09:06:26
00000000-0000-4000-8000-000000000051,ORD-2026-000051,CUST-00295,1491300,INR,PAID,2026-07-20T17:55:32
00000000-0000-4000-8000-000000000052,ORD-2026-000052,CUST-00369,894700,INR,PAID,2026-06-10T18:49:25
00000000-0000-4000-8000-000000000053,ORD-2026-000053,CUST-00095,294000,INR,PAID,2026-07-03T15:04:22
00000000-0000-4000-8000-000000000054,ORD-2026-000054,CUST-00147,583300,INR,PAID,2026-06-24T04:57:45
00000000-0000-4000-8000-000000000055,ORD-2026-000055,CUST-00042,560900,INR,PAID,2026-07-01T01:09:19
00000000-0000-4000-8000-000000000056,ORD-2026-000056,CUST-00031,118200,INR,PAID,2026-07-17T22:45:37
00000000-0000-4000-8000-000000000057,ORD-2026-000057,CUST-00023,129100,INR,PAID,2026-06-24T23:59:22
00000000-0000-4000-8000-000000000058,ORD-2026-000058,CUST-00308,894600,INR,PAID,2026-06-06T05:45:32
00000000-0000-4000-8000-000000000059,ORD-2026-000059,CUST-00154,1072100,INR,PAID,2026-08-17T21:40:18
00000000-0000-4000-8000-000000000060,ORD-2026-000060,CUST-00188,713800,INR,PAID,2026-08-15T15:03:29
00000000-0000-4000-8000-000000000061,ORD-2026-000061,CUST-00195,398600,INR,PAID,2026-06-07T14:04:22
00000000-0000-4000-8000-000000000062,ORD-2026-000062,CUST-00075,1281500,INR,PAID,2026-08-12T15:39:29
00000000-0000-4000-8000-000000000063,ORD-2026-000063,CUST-00377,1015900,INR,PAID,2026-07-09T01:31:22
00000000-0000-4000-8000-000000000064,ORD-2026-000064,CUST-00044,614500,INR,PAID,2026-07-03T23:05:09
00000000-0000-4000-8000-000000000065,ORD-2026-000065,CUST-00146,1121000,INR,PAID,2026-08-07T05:52:26
00000000-0000-4000-8000-000000000066,ORD-2026-000066,CUST-00080,808700,INR,PAID,2026-06-08T04:56:33
00000000-0000-4000-8000-000000000067,ORD-2026-000067,CUST-00371,356000,INR,PAID,2026-06-24T04:49:55
00000000-0000-4000-8000-000000000068,ORD-2026-000068,CUST-00387,148500,INR,PAID,2026-08-04T19:25:24
00000000-0000-4000-8000-000000000069,ORD-2026-000069,CUST-00304,207200,INR,PAID,2026-06-17T17:43:03
00000000-0000-4000-8000-000000000070,ORD-2026-000070,CUST-00340,365900,INR,PAID,2026-07-05T19:50:49
00000000-0000-4000-8000-000000000071,ORD-2026-000071,CUST-00325,1140600,INR,PAID,2026-06-06T02:50:34
00000000-0000-4000-8000-000000000072,ORD-2026-000072,CUST-00327,1209300,INR,PAID,2026-06-06T16:01:35
00000000-0000-4000-8000-000000000073,ORD-2026-000073,CUST-00318,58700,INR,PAID,2026-08-05T01:14:21
00000000-0000-4000-8000-000000000074,ORD-2026-000074,CUST-00001,1069000,INR,PAID,2026-08-10T23:46:12
00000000-0000-4000-8000-000000000075,ORD-2026-000075,CUST-00174,80500,INR,PAID,2026-07-03T00:35:51
00000000-0000-4000-8000-000000000076,ORD-2026-000076,CUST-00046,1022600,INR,PAID,2026-08-06T18:12:01
00000000-0000-4000-8000-000000000077,ORD-2026-000077,CUST-00111,257300,INR,PAID,2026-08-23T15:52:09
00000000-0000-4000-8000-000000000078,ORD-2026-000078,CUST-00017,889700,INR,PAID,2026-07-11T12:07:14
00000000-0000-4000-8000-000000000079,ORD-2026-000079,CUST-00201,151200,INR,PAID,2026-07-02T03:10:43
00000000-0000-4000-8000-000000000080,ORD-2026-000080,CUST-00149,1487800,INR,PAID,2026-07-23T17:15:16
00000000-0000-4000-8000-000000000081,ORD-2026-000081,CUST-00029,554600,INR,PAID,2026-07-15T03:22:01
00000000-0000-4000-8000-000000000082,ORD-2026-000082,CUST-00196,324600,INR,PAID,2026-08-12T07:15:17
00000000-0000-4000-8000-000000000083,ORD-2026-000083,CUST-00351,1374500,INR,PAID,2026-07-19T11:30:46
00000000-0000-4000-8000-000000000084,ORD-2026-000084,CUST-00031,991700,INR,PAID,2026-06-06T18:41:42
00000000-0000-4000-8000-000000000085,ORD-2026-000085,CUST-00146,650300,INR,PAID,2026-06-27T04:12:47
00000000-0000-4000-8000-000000000086,ORD-2026-000086,CUST-00348,836000,INR,PAID,2026-08-23T02:29:02
00000000-0000-4000-8000-000000000087,ORD-2026-000087,CUST-00357,53300,INR,PAID,2026-07-07T09:42:26
00000000-0000-4000-8000-000000000088,ORD-2026-000088,CUST-00273,1065000,INR,PAID,2026-07-01T09:45:18
00000000-0000-4000-8000-000000000089,ORD-2026-000089,CUST-00377,955300,INR,PAID,2026-07-30T04:04:31
00000000-0000-4000-8000-000000000090,ORD-2026-000090,CUST-00047,512800,INR,PAID,2026-07-10T09:18:13
00000000-0000-4000-8000-000000000091,ORD-2026-000091,CUST-00189,699000,INR,PAID,2026-08-04T03:04:22
00000000-0000-4000-8000-000000000092,ORD-2026-000092,CUST-00197,1188600,INR,PAID,2026-06-03T07:43:35
00000000-0000-4000-8000-000000000093,ORD-2026-000093,CUST-00118,109300,INR,PAID,2026-08-05T05:24:40
00000000-0000-4000-8000-000000000094,ORD-2026-000094,CUST-00025,366200,INR,PAID,2026-06-18T04:42:30
00000000-0000-4000-8000-000000000095,ORD-2026-000095,CUST-00128,1398600,INR,PAID,2026-08-13T10:56:15
00000000-0000-4000-8000-000000000096,ORD-2026-000096,CUST-00058,332500,INR,PAID,2026-08-12T00:30:18
00000000-0000-4000-8000-000000000097,ORD-2026-000097,CUST-00224,1162700,INR,PAID,2026-07-16T16:19:22
00000000-0000-4000-8000-000000000098,ORD-2026-000098,CUST-00343,1009900,INR,PAID,2026-06-02T18:45:52
00000000-0000-4000-8000-000000000099,ORD-2026-000099,CUST-00044,133900,INR,PAID,2026-08-28T18:50:09
00000000-0000-4000-8000-000000000100,ORD-2026-000100,CUST-00375,200800,INR,PAID,2026-07-06T18:23:47
00000000-0000-4000-8000-000000000101,ORD-2026-000101,CUST-00271,1434200,INR,PAID,2026-05-31T18:41:04
00000000-0000-4000-8000-000000000102,ORD-2026-000102,CUST-00085,164900,INR,PAID,2026-07-25T23:31:01
00000000-0000-4000-8000-000000000103,ORD-2026-000103,CUST-00123,351700,INR,PAID,2026-08-14T01:53:19
00000000-0000-4000-8000-000000000104,ORD-2026-000104,CUST-00259,1020000,INR,PAID,2026-07-05T07:40:36
00000000-0000-4000-8000-000000000105,ORD-2026-000105,CUST-00253,479800,INR,PAID,2026-07-14T01:20:22
00000000-0000-4000-8000-000000000106,ORD-2026-000106,CUST-00128,141800,INR,PAID,2026-08-01T15:25:50
00000000-0000-4000-8000-000000000107,ORD-2026-000107,CUST-00053,196800,INR,PAID,2026-06-15T07:00:28
00000000-0000-4000-8000-000000000108,ORD-2026-000108,CUST-00110,1042100,INR,PAID,2026-07-31T16:59:09
00000000-0000-4000-8000-000000000109,ORD-2026-000109,CUST-00275,1419800,INR,PAID,2026-06-15T06:53:05
00000000-0000-4000-8000-000000000110,ORD-2026-000110,CUST-00227,314100,INR,PAID,2026-07-12T00:53:59
00000000-0000-4000-8000-000000000111,ORD-2026-000111,CUST-00362,332200,INR,PAID,2026-07-22T09:59:34
00000000-0000-4000-8000-000000000112,ORD-2026-000112,CUST-00309,1329200,INR,PAID,2026-06-18T22:55:54
00000000-0000-4000-8000-000000000113,ORD-2026-000113,CUST-00292,558700,INR,PAID,2026-07-29T19:08:45
00000000-0000-4000-8000-000000000114,ORD-2026-000114,CUST-00237,814100,INR,PAID,2026-06-05T16:54:09
00000000-0000-4000-8000-000000000115,ORD-2026-000115,CUST-00320,330400,INR,PAID,2026-06-19T22:49:14
00000000-0000-4000-8000-000000000116,ORD-2026-000116,CUST-00155,693400,INR,PAID,2026-08-21T07:57:27
00000000-0000-4000-8000-000000000117,ORD-2026-000117,CUST-00013,1249600,INR,PAID,2026-06-08T10:30:08
00000000-0000-4000-8000-000000000118,ORD-2026-000118,CUST-00079,900000,INR,PAID,2026-07-22T21:40:11
00000000-0000-4000-8000-000000000119,ORD-2026-000119,CUST-00060,40100,INR,PAID,2026-06-06T05:52:38
00000000-0000-4000-8000-000000000120,ORD-2026-000120,CUST-00326,1442600,INR,PAID,2026-06-11T03:58:32
00000000-0000-4000-8000-000000000121,ORD-2026-000121,CUST-00185,1058200,INR,PAID,2026-07-19T00:36:19
00000000-0000-4000-8000-000000000122,ORD-2026-000122,CUST-00115,1448400,INR,PAID,2026-06-02T12:07:00
00000000-0000-4000-8000-000000000123,ORD-2026-000123,CUST-00362,467900,INR,PAID,2026-06-02T04:29:42
00000000-0000-4000-8000-000000000124,ORD-2026-000124,CUST-00348,719600,INR,PAID,2026-08-11T13:42:35
00000000-0000-4000-8000-000000000125,ORD-2026-000125,CUST-00033,820300,INR,PAID,2026-06-22T19:17:59
00000000-0000-4000-8000-000000000126,ORD-2026-000126,CUST-00333,645400,INR,PAID,2026-07-28T09:29:27
00000000-0000-4000-8000-000000000127,ORD-2026-000127,CUST-00223,1310600,INR,PAID,2026-08-10T11:31:05
00000000-0000-4000-8000-000000000128,ORD-2026-000128,CUST-00362,705100,INR,PAID,2026-07-29T22:09:43
00000000-0000-4000-8000-000000000129,ORD-2026-000129,CUST-00217,103300,INR,PAID,2026-06-25T12:51:46
00000000-0000-4000-8000-000000000130,ORD-2026-000130,CUST-00098,201200,INR,PAID,2026-05-31T07:13:33
00000000-0000-4000-8000-000000000131,ORD-2026-000131,CUST-00141,82700,INR,PAID,2026-08-13T14:36:36
00000000-0000-4000-8000-000000000132,ORD-2026-000132,CUST-00039,181500,INR,PAID,2026-05-31T16:13:47
00000000-0000-4000-8000-000000000133,ORD-2026-000133,CUST-00167,503000,INR,PAID,2026-07-08T22:15:48
00000000-0000-4000-8000-000000000134,ORD-2026-000134,CUST-00057,53800,INR,PAID,2026-07-12T13:58:50
00000000-0000-4000-8000-000000000135,ORD-2026-000135,CUST-00220,311600,INR,PAID,2026-06-13T05:30:05
00000000-0000-4000-8000-000000000136,ORD-2026-000136,CUST-00186,405200,INR,PAID,2026-06-01T03:10:36
00000000-0000-4000-8000-000000000137,ORD-2026-000137,CUST-00217,1384100,INR,PAID,2026-08-28T14:25:55
00000000-0000-4000-8000-000000000138,ORD-2026-000138,CUST-00257,672200,INR,PAID,2026-07-15T10:16:55
00000000-0000-4000-8000-000000000139,ORD-2026-000139,CUST-00152,297900,INR,PAID,2026-07-02T11:25:19
00000000-0000-4000-8000-000000000140,ORD-2026-000140,CUST-00318,690000,INR,PAID,2026-07-24T14:35:51
00000000-0000-4000-8000-000000000141,ORD-2026-000141,CUST-00247,706500,INR,PAID,2026-08-04T12:43:00
00000000-0000-4000-8000-000000000142,ORD-2026-000142,CUST-00091,205600,INR,PAID,2026-06-24T12:13:37
00000000-0000-4000-8000-000000000143,ORD-2026-000143,CUST-00380,1363400,INR,PAID,2026-07-13T18:53:41
00000000-0000-4000-8000-000000000144,ORD-2026-000144,CUST-00074,155800,INR,PAID,2026-08-23T10:00:40
00000000-0000-4000-8000-000000000145,ORD-2026-000145,CUST-00363,590900,INR,PAID,2026-08-04T03:20:54
00000000-0000-4000-8000-000000000146,ORD-2026-000146,CUST-00120,1492400,INR,PAID,2026-06-18T11:42:27
00000000-0000-4000-8000-000000000147,ORD-2026-000147,CUST-00053,1032300,INR,PAID,2026-08-14T13:36:48
00000000-0000-4000-8000-000000000148,ORD-2026-000148,CUST-00250,327700,INR,PAID,2026-07-01T14:01:10
00000000-0000-4000-8000-000000000149,ORD-2026-000149,CUST-00028,208600,INR,PAID,2026-08-15T07:59:40
00000000-0000-4000-8000-000000000150,ORD-2026-000150,CUST-00377,518900,INR,PAID,2026-08-17T03:38:26
00000000-0000-4000-8000-000000000151,ORD-2026-000151,CUST-00005,200400,INR,PAID,2026-07-16T10:30:02
00000000-0000-4000-8000-000000000152,ORD-2026-000152,CUST-00322,948300,INR,PAID,2026-08-19T10:49:32
00000000-0000-4000-8000-000000000153,ORD-2026-000153,CUST-00004,1198100,INR,PAID,2026-06-10T11:19:09
00000000-0000-4000-8000-000000000154,ORD-2026-000154,CUST-00005,473500,INR,PAID,2026-07-01T16:41:16
00000000-0000-4000-8000-000000000155,ORD-2026-000155,CUST-00391,743300,INR,PAID,2026-08-25T02:39:12
00000000-0000-4000-8000-000000000156,ORD-2026-000156,CUST-00081,131200,INR,PAID,2026-07-11T13:01:51
00000000-0000-4000-8000-000000000157,ORD-2026-000157,CUST-00247,925100,INR,PAID,2026-07-12T00:39:31
00000000-0000-4000-8000-000000000158,ORD-2026-000158,CUST-00319,1175700,INR,PAID,2026-07-16T14:57:28
00000000-0000-4000-8000-000000000159,ORD-2026-000159,CUST-00274,1426400,INR,PAID,2026-06-04T10:27:52
00000000-0000-4000-8000-000000000160,ORD-2026-000160,CUST-00226,1429800,INR,PAID,2026-06-03T18:26:56
00000000-0000-4000-8000-000000000161,ORD-2026-000161,CUST-00295,844800,INR,PAID,2026-08-01T20:35:08
00000000-0000-4000-8000-000000000162,ORD-2026-000162,CUST-00018,1444400,INR,PAID,2026-08-17T04:36:07
00000000-0000-4000-8000-000000000163,ORD-2026-000163,CUST-00143,870400,INR,PAID,2026-08-03T15:40:31
00000000-0000-4000-8000-000000000164,ORD-2026-000164,CUST-00020,1481700,INR,PAID,2026-08-20T11:27:42
00000000-0000-4000-8000-000000000165,ORD-2026-000165,CUST-00238,308500,INR,PAID,2026-07-06T04:13:00
00000000-0000-4000-8000-000000000166,ORD-2026-000166,CUST-00170,632400,INR,PAID,2026-07-23T05:52:35
00000000-0000-4000-8000-000000000167,ORD-2026-000167,CUST-00391,630500,INR,PAID,2026-06-27T14:19:55
00000000-0000-4000-8000-000000000168,ORD-2026-000168,CUST-00207,251400,INR,PAID,2026-07-29T03:03:15
00000000-0000-4000-8000-000000000169,ORD-2026-000169,CUST-00351,877100,INR,PAID,2026-08-11T10:33:56
00000000-0000-4000-8000-000000000170,ORD-2026-000170,CUST-00378,474100,INR,PAID,2026-06-15T22:01:09
00000000-0000-4000-8000-000000000171,ORD-2026-000171,CUST-00332,1248500,INR,PAID,2026-08-07T17:14:15
00000000-0000-4000-8000-000000000172,ORD-2026-000172,CUST-00094,168200,INR,PAID,2026-08-18T04:13:58
00000000-0000-4000-8000-000000000173,ORD-2026-000173,CUST-00240,377400,INR,PAID,2026-08-03T09:24:04
00000000-0000-4000-8000-000000000174,ORD-2026-000174,CUST-00171,1106800,INR,PAID,2026-08-12T04:43:45
00000000-0000-4000-8000-000000000175,ORD-2026-000175,CUST-00071,396800,INR,PAID,2026-08-20T23:30:17
00000000-0000-4000-8000-000000000176,ORD-2026-000176,CUST-00238,99400,INR,PAID,2026-07-02T15:50:01
00000000-0000-4000-8000-000000000177,ORD-2026-000177,CUST-00099,210600,INR,PAID,2026-08-19T15:46:51
00000000-0000-4000-8000-000000000178,ORD-2026-000178,CUST-00177,939500,INR,PAID,2026-06-10T17:42:51
00000000-0000-4000-8000-000000000179,ORD-2026-000179,CUST-00089,1095000,INR,PAID,2026-07-18T16:53:40
00000000-0000-4000-8000-000000000180,ORD-2026-000180,CUST-00214,135100,INR,PAID,2026-06-30T14:01:44
00000000-0000-4000-8000-000000000181,ORD-2026-000181,CUST-00157,1058400,INR,PAID,2026-08-09T20:40:01
00000000-0000-4000-8000-000000000182,ORD-2026-000182,CUST-00380,1406900,INR,PAID,2026-06-20T19:28:11
00000000-0000-4000-8000-000000000183,ORD-2026-000183,CUST-00146,862300,INR,PAID,2026-06-26T17:35:44
00000000-0000-4000-8000-000000000184,ORD-2026-000184,CUST-00158,756700,INR,PAID,2026-07-15T11:28:53
00000000-0000-4000-8000-000000000185,ORD-2026-000185,CUST-00103,960400,INR,PAID,2026-06-15T10:52:51
00000000-0000-4000-8000-000000000186,ORD-2026-000186,CUST-00098,1085100,INR,PAID,2026-07-01T22:12:38
00000000-0000-4000-8000-000000000187,ORD-2026-000187,CUST-00226,1457800,INR,PAID,2026-08-26T04:59:57
00000000-0000-4000-8000-000000000188,ORD-2026-000188,CUST-00108,1334500,INR,PAID,2026-08-22T21:42:25
00000000-0000-4000-8000-000000000189,ORD-2026-000189,CUST-00018,1226400,INR,PAID,2026-08-11T21:05:38
00000000-0000-4000-8000-000000000190,ORD-2026-000190,CUST-00349,252000,INR,PAID,2026-06-25T07:05:43
00000000-0000-4000-8000-000000000191,ORD-2026-000191,CUST-00180,1386800,INR,PAID,2026-08-05T09:03:00
00000000-0000-4000-8000-000000000192,ORD-2026-000192,CUST-00261,1068900,INR,PAID,2026-07-25T09:09:46
00000000-0000-4000-8000-000000000193,ORD-2026-000193,CUST-00128,597200,INR,PAID,2026-06-03T12:31:35
00000000-0000-4000-8000-000000000194,ORD-2026-000194,CUST-00069,669900,INR,PAID,2026-06-22T12:52:53
00000000-0000-4000-8000-000000000195,ORD-2026-000195,CUST-00244,1180400,INR,PAID,2026-08-17T18:28:32
00000000-0000-4000-8000-000000000196,ORD-2026-000196,CUST-00083,1216500,INR,PAID,2026-06-23T15:03:45
00000000-0000-4000-8000-000000000197,ORD-2026-000197,CUST-00294,632900,INR,PAID,2026-08-10T21:50:06
00000000-0000-4000-8000-000000000198,ORD-2026-000198,CUST-00070,544700,INR,PAID,2026-08-04T10:17:15
00000000-0000-4000-8000-000000000199,ORD-2026-000199,CUST-00117,658700,INR,PAID,2026-07-18T06:26:47
00000000-0000-4000-8000-000000000200,ORD-2026-000200,CUST-00058,199000,INR,PAID,2026-06-30T17:25:59
00000000-0000-4000-8000-000000000201,ORD-2026-000201,CUST-00074,386600,INR,PAID,2026-06-22T13:06:43
00000000-0000-4000-8000-000000000202,ORD-2026-000202,CUST-00013,745600,INR,PAID,2026-07-05T06:33:54
00000000-0000-4000-8000-000000000203,ORD-2026-000203,CUST-00076,1107500,INR,PAID,2026-07-29T04:07:38
00000000-0000-4000-8000-000000000204,ORD-2026-000204,CUST-00283,565300,INR,PAID,2026-06-06T02:55:17
00000000-0000-4000-8000-000000000205,ORD-2026-000205,CUST-00368,170100,INR,PAID,2026-08-19T06:45:23
00000000-0000-4000-8000-000000000206,ORD-2026-000206,CUST-00395,983500,INR,PAID,2026-08-18T11:35:33
00000000-0000-4000-8000-000000000207,ORD-2026-000207,CUST-00082,732700,INR,PAID,2026-06-27T15:45:35
00000000-0000-4000-8000-000000000208,ORD-2026-000208,CUST-00076,1249000,INR,PAID,2026-08-17T13:59:10
00000000-0000-4000-8000-000000000209,ORD-2026-000209,CUST-00142,766900,INR,PAID,2026-08-16T09:57:35
00000000-0000-4000-8000-000000000210,ORD-2026-000210,CUST-00358,1400800,INR,PAID,2026-08-23T23:24:26
00000000-0000-4000-8000-000000000211,ORD-2026-000211,CUST-00304,1472500,INR,PAID,2026-07-22T07:48:14
00000000-0000-4000-8000-000000000212,ORD-2026-000212,CUST-00244,1462100,INR,PAID,2026-06-03T01:06:20
00000000-0000-4000-8000-000000000213,ORD-2026-000213,CUST-00206,970500,INR,PAID,2026-07-08T06:20:01
00000000-0000-4000-8000-000000000214,ORD-2026-000214,CUST-00328,389800,INR,PAID,2026-06-02T03:52:29
00000000-0000-4000-8000-000000000215,ORD-2026-000215,CUST-00389,818500,INR,PAID,2026-07-12T01:24:28
00000000-0000-4000-8000-000000000216,ORD-2026-000216,CUST-00006,175400,INR,PAID,2026-06-12T14:56:59
00000000-0000-4000-8000-000000000217,ORD-2026-000217,CUST-00224,476800,INR,PAID,2026-06-30T01:13:15
00000000-0000-4000-8000-000000000218,ORD-2026-000218,CUST-00085,947400,INR,PAID,2026-06-25T02:38:34
00000000-0000-4000-8000-000000000219,ORD-2026-000219,CUST-00316,866900,INR,PAID,2026-07-17T19:23:47
00000000-0000-4000-8000-000000000220,ORD-2026-000220,CUST-00282,764900,INR,PAID,2026-07-28T18:01:27
00000000-0000-4000-8000-000000000221,ORD-2026-000221,CUST-00236,416400,INR,PAID,2026-07-08T08:02:43
00000000-0000-4000-8000-000000000222,ORD-2026-000222,CUST-00224,824200,INR,PAID,2026-07-12T00:44:46
00000000-0000-4000-8000-000000000223,ORD-2026-000223,CUST-00189,1266400,INR,PAID,2026-07-01T20:09:00
00000000-0000-4000-8000-000000000224,ORD-2026-000224,CUST-00154,635800,INR,PAID,2026-07-08T13:55:44
00000000-0000-4000-8000-000000000225,ORD-2026-000225,CUST-00316,172500,INR,PAID,2026-08-11T07:08:53
00000000-0000-4000-8000-000000000226,ORD-2026-000226,CUST-00076,194300,INR,PAID,2026-07-22T09:22:49
00000000-0000-4000-8000-000000000227,ORD-2026-000227,CUST-00188,1402000,INR,PAID,2026-08-12T10:36:37
00000000-0000-4000-8000-000000000228,ORD-2026-000228,CUST-00371,264500,INR,PAID,2026-07-03T04:35:29
00000000-0000-4000-8000-000000000229,ORD-2026-000229,CUST-00248,191200,INR,PAID,2026-07-17T00:05:58
00000000-0000-4000-8000-000000000230,ORD-2026-000230,CUST-00376,1442900,INR,PAID,2026-08-27T18:16:05
00000000-0000-4000-8000-000000000231,ORD-2026-000231,CUST-00043,1306800,INR,PAID,2026-06-12T10:07:57
00000000-0000-4000-8000-000000000232,ORD-2026-000232,CUST-00390,1209200,INR,PAID,2026-06-20T20:04:59
00000000-0000-4000-8000-000000000233,ORD-2026-000233,CUST-00216,1458300,INR,PAID,2026-08-24T11:21:20
00000000-0000-4000-8000-000000000234,ORD-2026-000234,CUST-00130,1243400,INR,PAID,2026-06-15T06:57:36
00000000-0000-4000-8000-000000000235,ORD-2026-000235,CUST-00008,1279900,INR,PAID,2026-08-07T15:30:56
00000000-0000-4000-8000-000000000236,ORD-2026-000236,CUST-00140,1160200,INR,PAID,2026-07-06T09:08:41
00000000-0000-4000-8000-000000000237,ORD-2026-000237,CUST-00251,1399500,INR,PAID,2026-06-01T00:13:53
00000000-0000-4000-8000-000000000238,ORD-2026-000238,CUST-00303,1495900,INR,PAID,2026-06-19T19:19:41
00000000-0000-4000-8000-000000000239,ORD-2026-000239,CUST-00113,248800,INR,PAID,2026-06-28T07:28:29
00000000-0000-4000-8000-000000000240,ORD-2026-000240,CUST-00022,1311400,INR,PAID,2026-06-26T22:38:01
00000000-0000-4000-8000-000000000241,ORD-2026-000241,CUST-00330,1423900,INR,PAID,2026-06-10T09:25:03
00000000-0000-4000-8000-000000000242,ORD-2026-000242,CUST-00111,355100,INR,PAID,2026-07-23T08:41:42
00000000-0000-4000-8000-000000000243,ORD-2026-000243,CUST-00255,1171400,INR,PAID,2026-06-30T23:11:11
00000000-0000-4000-8000-000000000244,ORD-2026-000244,CUST-00050,1156400,INR,PAID,2026-08-24T18:54:30
00000000-0000-4000-8000-000000000245,ORD-2026-000245,CUST-00064,1205800,INR,PAID,2026-07-13T22:22:24
00000000-0000-4000-8000-000000000246,ORD-2026-000246,CUST-00287,943800,INR,PAID,2026-07-05T14:43:00
00000000-0000-4000-8000-000000000247,ORD-2026-000247,CUST-00352,1120900,INR,PAID,2026-07-06T03:34:38
00000000-0000-4000-8000-000000000248,ORD-2026-000248,CUST-00074,1047100,INR,PAID,2026-06-08T14:58:08
00000000-0000-4000-8000-000000000249,ORD-2026-000249,CUST-00058,642200,INR,PAID,2026-08-09T00:01:00
00000000-0000-4000-8000-000000000250,ORD-2026-000250,CUST-00120,737400,INR,PAID,2026-06-03T22:04:54
00000000-0000-4000-8000-000000000251,ORD-2026-000251,CUST-00168,247200,INR,PAID,2026-08-20T20:46:32
00000000-0000-4000-8000-000000000252,ORD-2026-000252,CUST-00237,1107200,INR,PAID,2026-08-21T22:51:29
00000000-0000-4000-8000-000000000253,ORD-2026-000253,CUST-00294,914700,INR,PAID,2026-08-01T07:05:02
00000000-0000-4000-8000-000000000254,ORD-2026-000254,CUST-00187,160800,INR,PAID,2026-07-26T01:22:20
00000000-0000-4000-8000-000000000255,ORD-2026-000255,CUST-00227,902800,INR,PAID,2026-07-07T16:22:33
00000000-0000-4000-8000-000000000256,ORD-2026-000256,CUST-00354,838400,INR,PAID,2026-06-28T05:14:43
00000000-0000-4000-8000-000000000257,ORD-2026-000257,CUST-00167,73400,INR,PAID,2026-08-10T20:47:50
00000000-0000-4000-8000-000000000258,ORD-2026-000258,CUST-00381,1227500,INR,PAID,2026-06-08T16:51:29
00000000-0000-4000-8000-000000000259,ORD-2026-000259,CUST-00226,305500,INR,PAID,2026-08-06T20:47:27
00000000-0000-4000-8000-000000000260,ORD-2026-000260,CUST-00057,545300,INR,PAID,2026-06-17T20:53:35
00000000-0000-4000-8000-000000000261,ORD-2026-000261,CUST-00142,803000,INR,PAID,2026-07-22T07:14:22
00000000-0000-4000-8000-000000000262,ORD-2026-000262,CUST-00392,265000,INR,PAID,2026-06-24T03:46:22
00000000-0000-4000-8000-000000000263,ORD-2026-000263,CUST-00188,1167800,INR,PAID,2026-06-15T07:03:02
00000000-0000-4000-8000-000000000264,ORD-2026-000264,CUST-00004,1071800,INR,PAID,2026-08-09T23:00:02
00000000-0000-4000-8000-000000000265,ORD-2026-000265,CUST-00044,779200,INR,PAID,2026-05-31T02:12:49
00000000-0000-4000-8000-000000000266,ORD-2026-000266,CUST-00302,752100,INR,PAID,2026-08-15T01:50:29
00000000-0000-4000-8000-000000000267,ORD-2026-000267,CUST-00149,994900,INR,PAID,2026-06-25T21:31:00
00000000-0000-4000-8000-000000000268,ORD-2026-000268,CUST-00260,741300,INR,PAID,2026-07-31T20:47:33
00000000-0000-4000-8000-000000000269,ORD-2026-000269,CUST-00329,1117600,INR,PAID,2026-06-16T23:58:48
00000000-0000-4000-8000-000000000270,ORD-2026-000270,CUST-00084,1068600,INR,PAID,2026-06-06T21:50:02
00000000-0000-4000-8000-000000000271,ORD-2026-000271,CUST-00095,1039800,INR,PAID,2026-08-01T11:53:08
00000000-0000-4000-8000-000000000272,ORD-2026-000272,CUST-00155,957700,INR,PAID,2026-06-07T23:42:50
00000000-0000-4000-8000-000000000273,ORD-2026-000273,CUST-00078,306400,INR,PAID,2026-08-06T04:18:40
00000000-0000-4000-8000-000000000274,ORD-2026-000274,CUST-00221,393400,INR,PAID,2026-06-29T12:27:26
00000000-0000-4000-8000-000000000275,ORD-2026-000275,CUST-00351,641600,INR,PAID,2026-06-19T19:37:14
00000000-0000-4000-8000-000000000276,ORD-2026-000276,CUST-00330,414600,INR,PAID,2026-06-07T11:40:08
00000000-0000-4000-8000-000000000277,ORD-2026-000277,CUST-00086,367300,INR,PAID,2026-06-17T20:16:53
00000000-0000-4000-8000-000000000278,ORD-2026-000278,CUST-00039,736700,INR,PAID,2026-06-15T13:48:21
00000000-0000-4000-8000-000000000279,ORD-2026-000279,CUST-00040,1402500,INR,PAID,2026-07-14T16:30:45
00000000-0000-4000-8000-000000000280,ORD-2026-000280,CUST-00375,1201100,INR,PAID,2026-05-31T09:37:26
00000000-0000-4000-8000-000000000281,ORD-2026-000281,CUST-00180,1308100,INR,PAID,2026-08-21T02:08:42
00000000-0000-4000-8000-000000000282,ORD-2026-000282,CUST-00160,351100,INR,PAID,2026-08-11T17:15:45
00000000-0000-4000-8000-000000000283,ORD-2026-000283,CUST-00106,281100,INR,PAID,2026-07-14T14:27:24
00000000-0000-4000-8000-000000000284,ORD-2026-000284,CUST-00336,1327200,INR,PAID,2026-08-06T12:38:05
00000000-0000-4000-8000-000000000285,ORD-2026-000285,CUST-00024,259900,INR,PAID,2026-06-18T12:23:45
00000000-0000-4000-8000-000000000286,ORD-2026-000286,CUST-00170,524000,INR,PAID,2026-08-01T08:03:29
00000000-0000-4000-8000-000000000287,ORD-2026-000287,CUST-00059,748800,INR,PAID,2026-08-13T00:02:23
00000000-0000-4000-8000-000000000288,ORD-2026-000288,CUST-00050,1096900,INR,PAID,2026-07-21T01:56:41
00000000-0000-4000-8000-000000000289,ORD-2026-000289,CUST-00082,1429900,INR,PAID,2026-06-13T01:29:17
00000000-0000-4000-8000-000000000290,ORD-2026-000290,CUST-00076,504000,INR,PAID,2026-08-14T03:13:14
00000000-0000-4000-8000-000000000291,ORD-2026-000291,CUST-00240,1434700,INR,PAID,2026-07-26T13:27:49
00000000-0000-4000-8000-000000000292,ORD-2026-000292,CUST-00398,622700,INR,PAID,2026-08-12T08:43:24
00000000-0000-4000-8000-000000000293,ORD-2026-000293,CUST-00332,1444800,INR,PAID,2026-06-08T05:57:23
00000000-0000-4000-8000-000000000294,ORD-2026-000294,CUST-00194,344400,INR,PAID,2026-08-04T04:25:41
00000000-0000-4000-8000-000000000295,ORD-2026-000295,CUST-00252,43000,INR,PAID,2026-08-25T03:35:32
00000000-0000-4000-8000-000000000296,ORD-2026-000296,CUST-00126,1436200,INR,PAID,2026-06-09T17:25:55
00000000-0000-4000-8000-000000000297,ORD-2026-000297,CUST-00245,118500,INR,PAID,2026-07-15T06:43:50
00000000-0000-4000-8000-000000000298,ORD-2026-000298,CUST-00345,859500,INR,PAID,2026-08-05T01:07:27
00000000-0000-4000-8000-000000000299,ORD-2026-000299,CUST-00165,384800,INR,PAID,2026-06-01T13:50:27
00000000-0000-4000-8000-000000000300,ORD-2026-000300,CUST-00343,962900,INR,PAID,2026-06-29T07:57:22
00000000-0000-4000-8000-000000000301,ORD-2026-000301,CUST-00041,724800,INR,PAID,2026-08-29T20:13:14
00000000-0000-4000-8000-000000000302,ORD-2026-000302,CUST-00097,451600,INR,PAID,2026-08-21T16:57:35
00000000-0000-4000-8000-000000000303,ORD-2026-000303,CUST-00298,1223600,INR,PAID,2026-08-07T08:24:15
00000000-0000-4000-8000-000000000304,ORD-2026-000304,CUST-00300,85600,INR,PAID,2026-07-20T21:48:05
00000000-0000-4000-8000-000000000305,ORD-2026-000305,CUST-00084,317700,INR,PAID,2026-06-19T16:32:39
00000000-0000-4000-8000-000000000306,ORD-2026-000306,CUST-00215,48600,INR,PAID,2026-06-18T05:35:34
00000000-0000-4000-8000-000000000307,ORD-2026-000307,CUST-00384,629500,INR,PAID,2026-08-07T02:46:36
00000000-0000-4000-8000-000000000308,ORD-2026-000308,CUST-00249,1220400,INR,PAID,2026-08-15T10:14:44
00000000-0000-4000-8000-000000000309,ORD-2026-000309,CUST-00235,1367700,INR,PAID,2026-07-05T05:58:17
00000000-0000-4000-8000-000000000310,ORD-2026-000310,CUST-00387,712100,INR,PAID,2026-06-07T01:34:54
00000000-0000-4000-8000-000000000311,ORD-2026-000311,CUST-00228,56700,INR,PAID,2026-06-16T22:07:49
00000000-0000-4000-8000-000000000312,ORD-2026-000312,CUST-00309,925700,INR,PAID,2026-07-09T10:33:14
00000000-0000-4000-8000-000000000313,ORD-2026-000313,CUST-00390,843400,INR,PAID,2026-06-18T01:53:07
00000000-0000-4000-8000-000000000314,ORD-2026-000314,CUST-00115,998400,INR,PAID,2026-07-19T13:33:26
00000000-0000-4000-8000-000000000315,ORD-2026-000315,CUST-00230,443100,INR,PAID,2026-06-14T03:22:36
00000000-0000-4000-8000-000000000316,ORD-2026-000316,CUST-00203,1352900,INR,PAID,2026-08-01T07:38:32
00000000-0000-4000-8000-000000000317,ORD-2026-000317,CUST-00340,1101700,INR,PAID,2026-06-22T22:10:49
00000000-0000-4000-8000-000000000318,ORD-2026-000318,CUST-00114,360200,INR,PAID,2026-07-06T21:18:23
00000000-0000-4000-8000-000000000319,ORD-2026-000319,CUST-00181,362300,INR,PAID,2026-06-18T08:55:57
00000000-0000-4000-8000-000000000320,ORD-2026-000320,CUST-00210,510700,INR,PAID,2026-06-22T23:06:46
00000000-0000-4000-8000-000000000321,ORD-2026-000321,CUST-00055,216200,INR,PAID,2026-06-20T20:23:13
00000000-0000-4000-8000-000000000322,ORD-2026-000322,CUST-00290,183200,INR,PAID,2026-05-31T09:54:26
00000000-0000-4000-8000-000000000323,ORD-2026-000323,CUST-00382,267300,INR,PAID,2026-06-19T17:16:55
00000000-0000-4000-8000-000000000324,ORD-2026-000324,CUST-00046,775900,INR,PAID,2026-08-02T22:24:13
00000000-0000-4000-8000-000000000325,ORD-2026-000325,CUST-00012,1030800,INR,PAID,2026-08-06T13:41:00
00000000-0000-4000-8000-000000000326,ORD-2026-000326,CUST-00150,823800,INR,PAID,2026-06-17T01:11:03
00000000-0000-4000-8000-000000000327,ORD-2026-000327,CUST-00399,1278300,INR,PAID,2026-06-24T20:48:58
00000000-0000-4000-8000-000000000328,ORD-2026-000328,CUST-00294,1263800,INR,PAID,2026-06-26T05:09:09
00000000-0000-4000-8000-000000000329,ORD-2026-000329,CUST-00045,502600,INR,PAID,2026-08-27T00:18:23
00000000-0000-4000-8000-000000000330,ORD-2026-000330,CUST-00074,311000,INR,PAID,2026-07-21T23:51:04
00000000-0000-4000-8000-000000000331,ORD-2026-000331,CUST-00031,967100,INR,PAID,2026-06-06T05:48:44
00000000-0000-4000-8000-000000000332,ORD-2026-000332,CUST-00301,474100,INR,PAID,2026-06-23T18:49:00
00000000-0000-4000-8000-000000000333,ORD-2026-000333,CUST-00016,1434100,INR,PAID,2026-08-06T08:59:52
00000000-0000-4000-8000-000000000334,ORD-2026-000334,CUST-00322,35300,INR,PAID,2026-07-18T13:16:36
00000000-0000-4000-8000-000000000335,ORD-2026-000335,CUST-00384,1161800,INR,PAID,2026-06-17T13:16:38
00000000-0000-4000-8000-000000000336,ORD-2026-000336,CUST-00133,709000,INR,PAID,2026-07-25T18:09:21
00000000-0000-4000-8000-000000000337,ORD-2026-000337,CUST-00371,1108700,INR,PAID,2026-07-31T17:31:05
00000000-0000-4000-8000-000000000338,ORD-2026-000338,CUST-00348,988700,INR,PAID,2026-06-24T14:19:21
00000000-0000-4000-8000-000000000339,ORD-2026-000339,CUST-00252,217600,INR,PAID,2026-07-06T22:05:27
00000000-0000-4000-8000-000000000340,ORD-2026-000340,CUST-00226,1433800,INR,PAID,2026-08-01T04:07:08
00000000-0000-4000-8000-000000000341,ORD-2026-000341,CUST-00012,1406700,INR,PAID,2026-07-14T15:01:44
00000000-0000-4000-8000-000000000342,ORD-2026-000342,CUST-00068,719000,INR,PAID,2026-08-09T21:33:27
00000000-0000-4000-8000-000000000343,ORD-2026-000343,CUST-00318,1478600,INR,PAID,2026-08-11T00:55:29
00000000-0000-4000-8000-000000000344,ORD-2026-000344,CUST-00121,362200,INR,PAID,2026-06-17T07:13:08
00000000-0000-4000-8000-000000000345,ORD-2026-000345,CUST-00093,1463000,INR,PAID,2026-06-15T09:10:23
00000000-0000-4000-8000-000000000346,ORD-2026-000346,CUST-00029,1381300,INR,PAID,2026-06-03T15:13:06
00000000-0000-4000-8000-000000000347,ORD-2026-000347,CUST-00262,183800,INR,PAID,2026-07-19T12:23:08
00000000-0000-4000-8000-000000000348,ORD-2026-000348,CUST-00113,1299500,INR,PAID,2026-08-25T21:10:25
00000000-0000-4000-8000-000000000349,ORD-2026-000349,CUST-00019,572700,INR,PAID,2026-07-06T01:12:40
00000000-0000-4000-8000-000000000350,ORD-2026-000350,CUST-00244,692100,INR,PAID,2026-08-06T15:18:52
00000000-0000-4000-8000-000000000351,ORD-2026-000351,CUST-00393,310400,INR,PAID,2026-06-16T21:09:59
00000000-0000-4000-8000-000000000352,ORD-2026-000352,CUST-00126,1308200,INR,PAID,2026-07-25T23:58:55
00000000-0000-4000-8000-000000000353,ORD-2026-000353,CUST-00395,1445500,INR,PAID,2026-08-07T23:42:44
00000000-0000-4000-8000-000000000354,ORD-2026-000354,CUST-00153,253500,INR,PAID,2026-06-06T23:56:52
00000000-0000-4000-8000-000000000355,ORD-2026-000355,CUST-00020,720900,INR,PAID,2026-08-13T08:24:14
00000000-0000-4000-8000-000000000356,ORD-2026-000356,CUST-00168,176600,INR,PAID,2026-06-13T08:59:37
00000000-0000-4000-8000-000000000357,ORD-2026-000357,CUST-00053,1017000,INR,PAID,2026-07-06T15:35:12
00000000-0000-4000-8000-000000000358,ORD-2026-000358,CUST-00171,1158600,INR,PAID,2026-08-24T05:20:16
00000000-0000-4000-8000-000000000359,ORD-2026-000359,CUST-00041,1235500,INR,PAID,2026-07-16T19:49:42
00000000-0000-4000-8000-000000000360,ORD-2026-000360,CUST-00308,1182000,INR,PAID,2026-07-24T15:55:21
00000000-0000-4000-8000-000000000361,ORD-2026-000361,CUST-00241,1003900,INR,PAID,2026-07-20T08:13:27
00000000-0000-4000-8000-000000000362,ORD-2026-000362,CUST-00332,163600,INR,PAID,2026-06-23T23:20:26
00000000-0000-4000-8000-000000000363,ORD-2026-000363,CUST-00323,589800,INR,PAID,2026-06-14T14:10:24
00000000-0000-4000-8000-000000000364,ORD-2026-000364,CUST-00136,949100,INR,PAID,2026-07-21T16:06:18
00000000-0000-4000-8000-000000000365,ORD-2026-000365,CUST-00290,364500,INR,PAID,2026-08-02T04:51:06
00000000-0000-4000-8000-000000000366,ORD-2026-000366,CUST-00319,407800,INR,PAID,2026-07-04T17:14:09
00000000-0000-4000-8000-000000000367,ORD-2026-000367,CUST-00363,794700,INR,PAID,2026-08-25T23:18:47
00000000-0000-4000-8000-000000000368,ORD-2026-000368,CUST-00339,1170300,INR,PAID,2026-07-24T21:44:38
00000000-0000-4000-8000-000000000369,ORD-2026-000369,CUST-00040,1162700,INR,PAID,2026-08-23T13:59:46
00000000-0000-4000-8000-000000000370,ORD-2026-000370,CUST-00229,878000,INR,PAID,2026-08-23T14:04:08
00000000-0000-4000-8000-000000000371,ORD-2026-000371,CUST-00311,1369400,INR,PAID,2026-06-09T02:24:38
00000000-0000-4000-8000-000000000372,ORD-2026-000372,CUST-00203,1451500,INR,PAID,2026-06-08T18:55:57
00000000-0000-4000-8000-000000000373,ORD-2026-000373,CUST-00294,1132800,INR,PAID,2026-07-31T17:10:03
00000000-0000-4000-8000-000000000374,ORD-2026-000374,CUST-00324,207500,INR,PAID,2026-08-16T06:34:06
00000000-0000-4000-8000-000000000375,ORD-2026-000375,CUST-00121,744400,INR,PAID,2026-08-28T17:43:30
00000000-0000-4000-8000-000000000376,ORD-2026-000376,CUST-00219,605000,INR,PAID,2026-06-10T09:43:17
00000000-0000-4000-8000-000000000377,ORD-2026-000377,CUST-00341,861400,INR,PAID,2026-08-08T02:48:02
00000000-0000-4000-8000-000000000378,ORD-2026-000378,CUST-00349,238800,INR,PAID,2026-08-12T04:39:37
00000000-0000-4000-8000-000000000379,ORD-2026-000379,CUST-00014,93500,INR,PAID,2026-07-22T22:07:52
00000000-0000-4000-8000-000000000380,ORD-2026-000380,CUST-00371,183500,INR,PAID,2026-08-23T02:10:34
00000000-0000-4000-8000-000000000381,ORD-2026-000381,CUST-00210,681300,INR,PAID,2026-08-10T00:59:39
00000000-0000-4000-8000-000000000382,ORD-2026-000382,CUST-00136,303700,INR,PAID,2026-07-06T00:10:52
00000000-0000-4000-8000-000000000383,ORD-2026-000383,CUST-00391,228400,INR,PAID,2026-06-16T14:50:40
00000000-0000-4000-8000-000000000384,ORD-2026-000384,CUST-00031,641700,INR,PAID,2026-06-30T04:45:44
00000000-0000-4000-8000-000000000385,ORD-2026-000385,CUST-00014,1121200,INR,PAID,2026-07-08T16:26:18
00000000-0000-4000-8000-000000000386,ORD-2026-000386,CUST-00288,887600,INR,PAID,2026-08-25T05:28:49
00000000-0000-4000-8000-000000000387,ORD-2026-000387,CUST-00324,772500,INR,PAID,2026-08-13T19:25:42
00000000-0000-4000-8000-000000000388,ORD-2026-000388,CUST-00267,471900,INR,PAID,2026-05-31T22:20:23
00000000-0000-4000-8000-000000000389,ORD-2026-000389,CUST-00140,1121400,INR,PAID,2026-06-14T02:08:52
00000000-0000-4000-8000-000000000390,ORD-2026-000390,CUST-00307,86900,INR,PAID,2026-06-28T20:15:44
00000000-0000-4000-8000-000000000391,ORD-2026-000391,CUST-00177,549300,INR,PAID,2026-07-18T20:07:03
00000000-0000-4000-8000-000000000392,ORD-2026-000392,CUST-00194,942400,INR,PAID,2026-08-07T18:10:03
00000000-0000-4000-8000-000000000393,ORD-2026-000393,CUST-00095,32300,INR,PAID,2026-06-22T13:02:42
00000000-0000-4000-8000-000000000394,ORD-2026-000394,CUST-00054,1165600,INR,PAID,2026-08-04T22:21:54
00000000-0000-4000-8000-000000000395,ORD-2026-000395,CUST-00173,1380000,INR,PAID,2026-07-29T16:30:48
00000000-0000-4000-8000-000000000396,ORD-2026-000396,CUST-00385,534300,INR,PAID,2026-06-04T14:16:53
00000000-0000-4000-8000-000000000397,ORD-2026-000397,CUST-00177,489900,INR,PAID,2026-06-01T00:13:39
00000000-0000-4000-8000-000000000398,ORD-2026-000398,CUST-00232,1411000,INR,PAID,2026-08-02T15:23:45
00000000-0000-4000-8000-000000000399,ORD-2026-000399,CUST-00140,120500,INR,PAID,2026-08-22T10:15:42
00000000-0000-4000-8000-000000000400,ORD-2026-000400,CUST-00022,1444900,INR,PAID,2026-08-21T17:20:54
00000000-0000-4000-8000-000000000401,ORD-2026-000401,CUST-00123,194300,INR,PAID,2026-07-22T15:31:38
00000000-0000-4000-8000-000000000402,ORD-2026-000402,CUST-00324,974300,INR,PAID,2026-08-14T21:06:12
00000000-0000-4000-8000-000000000403,ORD-2026-000403,CUST-00179,677400,INR,PAID,2026-08-25T04:53:55
00000000-0000-4000-8000-000000000404,ORD-2026-000404,CUST-00156,161300,INR,PAID,2026-07-10T01:48:25
00000000-0000-4000-8000-000000000405,ORD-2026-000405,CUST-00046,715700,INR,PAID,2026-07-04T15:11:17
00000000-0000-4000-8000-000000000406,ORD-2026-000406,CUST-00246,831300,INR,PAID,2026-08-17T18:32:07
00000000-0000-4000-8000-000000000407,ORD-2026-000407,CUST-00163,60200,INR,PAID,2026-07-13T19:22:36
00000000-0000-4000-8000-000000000408,ORD-2026-000408,CUST-00177,1004100,INR,PAID,2026-06-06T23:24:56
00000000-0000-4000-8000-000000000409,ORD-2026-000409,CUST-00269,617700,INR,PAID,2026-07-02T17:12:45
00000000-0000-4000-8000-000000000410,ORD-2026-000410,CUST-00068,1128400,INR,PAID,2026-07-15T01:23:59
00000000-0000-4000-8000-000000000411,ORD-2026-000411,CUST-00166,400200,INR,PAID,2026-08-19T21:17:04
00000000-0000-4000-8000-000000000412,ORD-2026-000412,CUST-00316,1201300,INR,PAID,2026-08-25T12:00:44
00000000-0000-4000-8000-000000000413,ORD-2026-000413,CUST-00248,812500,INR,PAID,2026-08-09T21:18:30
00000000-0000-4000-8000-000000000414,ORD-2026-000414,CUST-00254,938100,INR,PAID,2026-06-24T08:53:06
00000000-0000-4000-8000-000000000415,ORD-2026-000415,CUST-00005,700300,INR,PAID,2026-07-08T08:05:32
00000000-0000-4000-8000-000000000416,ORD-2026-000416,CUST-00387,1147200,INR,PAID,2026-06-03T04:14:07
00000000-0000-4000-8000-000000000417,ORD-2026-000417,CUST-00129,64400,INR,PAID,2026-07-27T17:26:49
00000000-0000-4000-8000-000000000418,ORD-2026-000418,CUST-00373,1214400,INR,PAID,2026-06-23T22:18:43
00000000-0000-4000-8000-000000000419,ORD-2026-000419,CUST-00201,107600,INR,PAID,2026-06-16T21:18:29
00000000-0000-4000-8000-000000000420,ORD-2026-000420,CUST-00286,548500,INR,PAID,2026-06-14T06:42:30
00000000-0000-4000-8000-000000000421,ORD-2026-000421,CUST-00261,676000,INR,PAID,2026-08-18T15:14:18
00000000-0000-4000-8000-000000000422,ORD-2026-000422,CUST-00337,717500,INR,PAID,2026-06-05T18:44:29
00000000-0000-4000-8000-000000000423,ORD-2026-000423,CUST-00325,1141100,INR,PAID,2026-07-19T03:23:54
00000000-0000-4000-8000-000000000424,ORD-2026-000424,CUST-00190,794200,INR,PAID,2026-07-28T07:35:53
00000000-0000-4000-8000-000000000425,ORD-2026-000425,CUST-00231,54000,INR,PAID,2026-07-18T12:30:26
00000000-0000-4000-8000-000000000426,ORD-2026-000426,CUST-00044,104200,INR,PAID,2026-07-05T21:16:17
00000000-0000-4000-8000-000000000427,ORD-2026-000427,CUST-00360,1382100,INR,PAID,2026-08-20T17:10:17
00000000-0000-4000-8000-000000000428,ORD-2026-000428,CUST-00111,1480500,INR,PAID,2026-06-30T01:46:32
00000000-0000-4000-8000-000000000429,ORD-2026-000429,CUST-00301,246500,INR,PAID,2026-06-26T12:10:15
00000000-0000-4000-8000-000000000430,ORD-2026-000430,CUST-00019,1431700,INR,PAID,2026-06-05T00:29:26
00000000-0000-4000-8000-000000000431,ORD-2026-000431,CUST-00374,25800,INR,PAID,2026-06-02T08:25:50
00000000-0000-4000-8000-000000000432,ORD-2026-000432,CUST-00259,144900,INR,PAID,2026-08-03T13:20:33
00000000-0000-4000-8000-000000000433,ORD-2026-000433,CUST-00043,428600,INR,PAID,2026-08-18T07:09:34
00000000-0000-4000-8000-000000000434,ORD-2026-000434,CUST-00082,236800,INR,PAID,2026-06-23T23:10:20
00000000-0000-4000-8000-000000000435,ORD-2026-000435,CUST-00329,1469200,INR,PAID,2026-06-04T18:37:52
00000000-0000-4000-8000-000000000436,ORD-2026-000436,CUST-00046,57600,INR,PAID,2026-08-12T21:32:19
00000000-0000-4000-8000-000000000437,ORD-2026-000437,CUST-00170,1387400,INR,PAID,2026-06-23T15:04:06
00000000-0000-4000-8000-000000000438,ORD-2026-000438,CUST-00326,1176200,INR,PAID,2026-08-18T02:20:37
00000000-0000-4000-8000-000000000439,ORD-2026-000439,CUST-00325,155500,INR,PAID,2026-06-07T01:47:43
00000000-0000-4000-8000-000000000440,ORD-2026-000440,CUST-00337,1393500,INR,PAID,2026-07-19T23:37:46
00000000-0000-4000-8000-000000000441,ORD-2026-000441,CUST-00186,50600,INR,PAID,2026-08-25T17:31:39
00000000-0000-4000-8000-000000000442,ORD-2026-000442,CUST-00202,175900,INR,PAID,2026-06-28T11:15:03
00000000-0000-4000-8000-000000000443,ORD-2026-000443,CUST-00266,88200,INR,PAID,2026-06-17T12:22:50
00000000-0000-4000-8000-000000000444,ORD-2026-000444,CUST-00177,1332000,INR,PAID,2026-08-02T08:23:29
00000000-0000-4000-8000-000000000445,ORD-2026-000445,CUST-00065,164800,INR,PAID,2026-06-16T03:46:30
00000000-0000-4000-8000-000000000446,ORD-2026-000446,CUST-00144,1295500,INR,PAID,2026-08-17T19:33:13
00000000-0000-4000-8000-000000000447,ORD-2026-000447,CUST-00306,1175200,INR,PAID,2026-06-06T04:10:06
00000000-0000-4000-8000-000000000448,ORD-2026-000448,CUST-00014,219900,INR,PAID,2026-05-31T12:34:00
00000000-0000-4000-8000-000000000449,ORD-2026-000449,CUST-00326,1127900,INR,PAID,2026-06-15T16:34:03
00000000-0000-4000-8000-000000000450,ORD-2026-000450,CUST-00234,1314600,INR,PAID,2026-06-25T20:34:51
00000000-0000-4000-8000-000000000451,ORD-2026-000451,CUST-00096,302300,INR,PAID,2026-06-14T15:16:17
00000000-0000-4000-8000-000000000452,ORD-2026-000452,CUST-00086,439200,INR,PAID,2026-06-24T00:21:25
00000000-0000-4000-8000-000000000453,ORD-2026-000453,CUST-00204,129300,INR,PAID,2026-07-14T09:53:17
00000000-0000-4000-8000-000000000454,ORD-2026-000454,CUST-00312,833100,INR,PAID,2026-06-18T15:44:20
00000000-0000-4000-8000-000000000455,ORD-2026-000455,CUST-00036,1155400,INR,PAID,2026-06-21T08:39:20
00000000-0000-4000-8000-000000000456,ORD-2026-000456,CUST-00399,1157800,INR,PAID,2026-07-09T13:54:22
00000000-0000-4000-8000-000000000457,ORD-2026-000457,CUST-00305,428100,INR,PAID,2026-08-19T12:50:56
00000000-0000-4000-8000-000000000458,ORD-2026-000458,CUST-00241,861000,INR,PAID,2026-07-16T06:21:14
00000000-0000-4000-8000-000000000459,ORD-2026-000459,CUST-00191,275900,INR,PAID,2026-06-15T22:35:49
00000000-0000-4000-8000-000000000460,ORD-2026-000460,CUST-00079,493600,INR,PAID,2026-07-20T01:30:44
00000000-0000-4000-8000-000000000461,ORD-2026-000461,CUST-00246,642800,INR,PAID,2026-06-22T05:50:12
00000000-0000-4000-8000-000000000462,ORD-2026-000462,CUST-00156,359400,INR,PAID,2026-07-14T14:38:33
00000000-0000-4000-8000-000000000463,ORD-2026-000463,CUST-00194,527500,INR,PAID,2026-06-29T04:55:08
00000000-0000-4000-8000-000000000464,ORD-2026-000464,CUST-00396,291800,INR,PAID,2026-06-24T22:54:08
00000000-0000-4000-8000-000000000465,ORD-2026-000465,CUST-00197,30300,INR,PAID,2026-06-17T14:52:57
00000000-0000-4000-8000-000000000466,ORD-2026-000466,CUST-00102,55500,INR,PAID,2026-08-02T02:31:11
00000000-0000-4000-8000-000000000467,ORD-2026-000467,CUST-00049,1309000,INR,PAID,2026-07-23T14:49:06
00000000-0000-4000-8000-000000000468,ORD-2026-000468,CUST-00304,1411200,INR,PAID,2026-07-15T12:10:02
00000000-0000-4000-8000-000000000469,ORD-2026-000469,CUST-00199,1350300,INR,PAID,2026-06-29T23:59:17
00000000-0000-4000-8000-000000000470,ORD-2026-000470,CUST-00065,547700,INR,PAID,2026-08-10T13:11:03
00000000-0000-4000-8000-000000000471,ORD-2026-000471,CUST-00212,1049000,INR,PAID,2026-06-10T08:55:14
00000000-0000-4000-8000-000000000472,ORD-2026-000472,CUST-00165,949900,INR,PAID,2026-06-13T22:44:29
00000000-0000-4000-8000-000000000473,ORD-2026-000473,CUST-00075,374300,INR,PAID,2026-07-10T00:49:07
00000000-0000-4000-8000-000000000474,ORD-2026-000474,CUST-00262,248100,INR,PAID,2026-06-09T20:20:19
00000000-0000-4000-8000-000000000475,ORD-2026-000475,CUST-00067,240400,INR,PAID,2026-08-28T16:26:57
00000000-0000-4000-8000-000000000476,ORD-2026-000476,CUST-00301,25700,INR,PAID,2026-08-08T18:46:37
00000000-0000-4000-8000-000000000477,ORD-2026-000477,CUST-00084,1160700,INR,PAID,2026-08-09T08:54:12
00000000-0000-4000-8000-000000000478,ORD-2026-000478,CUST-00383,576700,INR,PAID,2026-07-09T06:20:53
00000000-0000-4000-8000-000000000479,ORD-2026-000479,CUST-00230,1306400,INR,PAID,2026-08-16T06:51:29
00000000-0000-4000-8000-000000000480,ORD-2026-000480,CUST-00357,557800,INR,PAID,2026-08-16T23:03:41
00000000-0000-4000-8000-000000000481,ORD-2026-000481,CUST-00175,428600,INR,PAID,2026-08-26T09:26:02
00000000-0000-4000-8000-000000000482,ORD-2026-000482,CUST-00301,972800,INR,PAID,2026-08-05T14:53:02
00000000-0000-4000-8000-000000000483,ORD-2026-000483,CUST-00347,802400,INR,PAID,2026-06-09T05:22:09
00000000-0000-4000-8000-000000000484,ORD-2026-000484,CUST-00095,48300,INR,PAID,2026-07-06T20:29:28
00000000-0000-4000-8000-000000000485,ORD-2026-000485,CUST-00233,317800,INR,PAID,2026-07-04T10:11:04
00000000-0000-4000-8000-000000000486,ORD-2026-000486,CUST-00073,161400,INR,PAID,2026-08-23T15:48:02
00000000-0000-4000-8000-000000000487,ORD-2026-000487,CUST-00134,1135500,INR,PAID,2026-06-12T20:15:24
00000000-0000-4000-8000-000000000488,ORD-2026-000488,CUST-00309,1042800,INR,PAID,2026-06-30T13:16:12
00000000-0000-4000-8000-000000000489,ORD-2026-000489,CUST-00186,1330500,INR,PAID,2026-06-06T01:41:25
00000000-0000-4000-8000-000000000490,ORD-2026-000490,CUST-00389,1457700,INR,PAID,2026-06-22T00:18:09
00000000-0000-4000-8000-000000000491,ORD-2026-000491,CUST-00302,765300,INR,PAID,2026-06-07T22:31:28
00000000-0000-4000-8000-000000000492,ORD-2026-000492,CUST-00016,869300,INR,PAID,2026-06-12T09:11:12
00000000-0000-4000-8000-000000000493,ORD-2026-000493,CUST-00277,1174700,INR,PAID,2026-08-08T19:03:11
00000000-0000-4000-8000-000000000494,ORD-2026-000494,CUST-00138,1381600,INR,PAID,2026-06-19T08:14:47
00000000-0000-4000-8000-000000000495,ORD-2026-000495,CUST-00020,1083600,INR,PAID,2026-07-03T16:40:51
00000000-0000-4000-8000-000000000496,ORD-2026-000496,CUST-00262,963400,INR,PAID,2026-08-01T08:55:04
00000000-0000-4000-8000-000000000497,ORD-2026-000497,CUST-00147,1454000,INR,PAID,2026-06-25T13:16:22
00000000-0000-4000-8000-000000000498,ORD-2026-000498,CUST-00330,494300,INR,PAID,2026-07-05T08:30:12
00000000-0000-4000-8000-000000000499,ORD-2026-000499,CUST-00043,843100,INR,PAID,2026-05-31T07:25:14
00000000-0000-4000-8000-000000000500,ORD-2026-000500,CUST-00391,57400,INR,PAID,2026-08-03T05:47:05
00000000-0000-4000-8000-000000000501,ORD-2026-000501,CUST-00354,377300,INR,PAID,2026-08-12T09:01:22
00000000-0000-4000-8000-000000000502,ORD-2026-000502,CUST-00106,938700,INR,PAID,2026-06-27T19:45:27
00000000-0000-4000-8000-000000000503,ORD-2026-000503,CUST-00384,1246200,INR,PAID,2026-08-08T14:33:05
00000000-0000-4000-8000-000000000504,ORD-2026-000504,CUST-00348,552100,INR,PAID,2026-08-22T21:09:03
00000000-0000-4000-8000-000000000505,ORD-2026-000505,CUST-00381,699600,INR,PAID,2026-08-28T04:05:12
00000000-0000-4000-8000-000000000506,ORD-2026-000506,CUST-00328,350800,INR,PAID,2026-08-10T19:43:37
00000000-0000-4000-8000-000000000507,ORD-2026-000507,CUST-00334,915400,INR,PAID,2026-06-05T18:47:36
00000000-0000-4000-8000-000000000508,ORD-2026-000508,CUST-00024,752200,INR,PAID,2026-06-15T00:46:15
00000000-0000-4000-8000-000000000509,ORD-2026-000509,CUST-00092,736600,INR,PAID,2026-08-22T06:46:06
00000000-0000-4000-8000-000000000510,ORD-2026-000510,CUST-00113,1486600,INR,PAID,2026-07-01T05:05:25
00000000-0000-4000-8000-000000000511,ORD-2026-000511,CUST-00229,1237300,INR,PAID,2026-08-25T07:26:32
00000000-0000-4000-8000-000000000512,ORD-2026-000512,CUST-00186,887100,INR,PAID,2026-07-06T19:01:11
00000000-0000-4000-8000-000000000513,ORD-2026-000513,CUST-00241,1423200,INR,PAID,2026-07-21T05:20:19
00000000-0000-4000-8000-000000000514,ORD-2026-000514,CUST-00018,222800,INR,PAID,2026-08-17T21:07:35
00000000-0000-4000-8000-000000000515,ORD-2026-000515,CUST-00170,1099900,INR,PAID,2026-06-17T01:05:31
00000000-0000-4000-8000-000000000516,ORD-2026-000516,CUST-00245,367100,INR,PAID,2026-06-15T02:08:00
00000000-0000-4000-8000-000000000517,ORD-2026-000517,CUST-00287,633900,INR,PAID,2026-06-21T03:22:22
00000000-0000-4000-8000-000000000518,ORD-2026-000518,CUST-00268,614900,INR,PAID,2026-06-30T18:03:35
00000000-0000-4000-8000-000000000519,ORD-2026-000519,CUST-00054,1406400,INR,PAID,2026-06-26T22:02:18
00000000-0000-4000-8000-000000000520,ORD-2026-000520,CUST-00280,1064600,INR,PAID,2026-06-03T22:30:33
00000000-0000-4000-8000-000000000521,ORD-2026-000521,CUST-00390,1124900,INR,PAID,2026-07-20T06:56:13
00000000-0000-4000-8000-000000000522,ORD-2026-000522,CUST-00266,1478300,INR,PAID,2026-06-04T13:39:54
00000000-0000-4000-8000-000000000523,ORD-2026-000523,CUST-00029,1411200,INR,PAID,2026-08-16T13:10:43
00000000-0000-4000-8000-000000000524,ORD-2026-000524,CUST-00349,946900,INR,PAID,2026-06-28T22:40:19
00000000-0000-4000-8000-000000000525,ORD-2026-000525,CUST-00223,794500,INR,PAID,2026-07-04T14:26:37
00000000-0000-4000-8000-000000000526,ORD-2026-000526,CUST-00298,1306800,INR,PAID,2026-07-29T10:04:18
00000000-0000-4000-8000-000000000527,ORD-2026-000527,CUST-00203,1326600,INR,PAID,2026-06-23T07:56:58
00000000-0000-4000-8000-000000000528,ORD-2026-000528,CUST-00106,453400,INR,PAID,2026-07-28T23:47:26
00000000-0000-4000-8000-000000000529,ORD-2026-000529,CUST-00287,611100,INR,PAID,2026-06-18T07:37:52
00000000-0000-4000-8000-000000000530,ORD-2026-000530,CUST-00082,738800,INR,PAID,2026-06-18T20:36:14
00000000-0000-4000-8000-000000000531,ORD-2026-000531,CUST-00392,715000,INR,PAID,2026-06-27T23:57:06
00000000-0000-4000-8000-000000000532,ORD-2026-000532,CUST-00357,90100,INR,PAID,2026-07-22T19:06:34
00000000-0000-4000-8000-000000000533,ORD-2026-000533,CUST-00306,1137300,INR,PAID,2026-06-22T04:00:40
00000000-0000-4000-8000-000000000534,ORD-2026-000534,CUST-00378,1166500,INR,PAID,2026-07-22T03:43:48
00000000-0000-4000-8000-000000000535,ORD-2026-000535,CUST-00383,553300,INR,PAID,2026-06-27T18:54:20
00000000-0000-4000-8000-000000000536,ORD-2026-000536,CUST-00111,605200,INR,PAID,2026-06-10T22:10:56
00000000-0000-4000-8000-000000000537,ORD-2026-000537,CUST-00240,1079100,INR,PAID,2026-07-14T13:17:38
00000000-0000-4000-8000-000000000538,ORD-2026-000538,CUST-00255,1048100,INR,PAID,2026-07-03T16:27:27
00000000-0000-4000-8000-000000000539,ORD-2026-000539,CUST-00189,483600,INR,PAID,2026-08-04T02:17:05
00000000-0000-4000-8000-000000000540,ORD-2026-000540,CUST-00112,1179200,INR,PAID,2026-08-05T08:38:31
00000000-0000-4000-8000-000000000541,ORD-2026-000541,CUST-00155,1371200,INR,PAID,2026-06-30T16:09:07
00000000-0000-4000-8000-000000000542,ORD-2026-000542,CUST-00346,653600,INR,PAID,2026-07-26T01:56:17
00000000-0000-4000-8000-000000000543,ORD-2026-000543,CUST-00026,244800,INR,PAID,2026-08-17T13:25:20
00000000-0000-4000-8000-000000000544,ORD-2026-000544,CUST-00068,1408000,INR,PAID,2026-08-27T12:09:05
00000000-0000-4000-8000-000000000545,ORD-2026-000545,CUST-00028,1485000,INR,PAID,2026-07-02T05:03:18
00000000-0000-4000-8000-000000000546,ORD-2026-000546,CUST-00271,1248400,INR,PAID,2026-07-27T15:00:36
00000000-0000-4000-8000-000000000547,ORD-2026-000547,CUST-00290,1362900,INR,PAID,2026-08-02T22:50:58
00000000-0000-4000-8000-000000000548,ORD-2026-000548,CUST-00093,662000,INR,PAID,2026-06-17T09:30:04
00000000-0000-4000-8000-000000000549,ORD-2026-000549,CUST-00172,942500,INR,PAID,2026-08-17T03:49:46
00000000-0000-4000-8000-000000000550,ORD-2026-000550,CUST-00282,1092400,INR,PAID,2026-06-04T12:07:39
00000000-0000-4000-8000-000000000551,ORD-2026-000551,CUST-00293,397900,INR,PAID,2026-08-14T16:27:32
00000000-0000-4000-8000-000000000552,ORD-2026-000552,CUST-00267,1341400,INR,PAID,2026-07-02T00:10:24
00000000-0000-4000-8000-000000000553,ORD-2026-000553,CUST-00096,649600,INR,PAID,2026-06-03T05:52:31
00000000-0000-4000-8000-000000000554,ORD-2026-000554,CUST-00130,734400,INR,PAID,2026-06-13T12:17:08
00000000-0000-4000-8000-000000000555,ORD-2026-000555,CUST-00084,1377800,INR,PAID,2026-08-29T04:23:41
00000000-0000-4000-8000-000000000556,ORD-2026-000556,CUST-00202,305200,INR,PAID,2026-07-28T14:21:52
00000000-0000-4000-8000-000000000557,ORD-2026-000557,CUST-00237,1327700,INR,PAID,2026-08-11T10:19:39
00000000-0000-4000-8000-000000000558,ORD-2026-000558,CUST-00095,1165600,INR,PAID,2026-06-20T11:37:00
00000000-0000-4000-8000-000000000559,ORD-2026-000559,CUST-00361,701700,INR,PAID,2026-07-12T18:22:14
00000000-0000-4000-8000-000000000560,ORD-2026-000560,CUST-00021,1442600,INR,PAID,2026-06-26T16:58:15
00000000-0000-4000-8000-000000000561,ORD-2026-000561,CUST-00281,507800,INR,PAID,2026-05-31T15:12:00
00000000-0000-4000-8000-000000000562,ORD-2026-000562,CUST-00183,997600,INR,PAID,2026-08-13T08:26:51
00000000-0000-4000-8000-000000000563,ORD-2026-000563,CUST-00321,426100,INR,PAID,2026-06-04T01:27:29
00000000-0000-4000-8000-000000000564,ORD-2026-000564,CUST-00393,333100,INR,PAID,2026-07-21T21:52:47
00000000-0000-4000-8000-000000000565,ORD-2026-000565,CUST-00089,1301600,INR,PAID,2026-08-21T04:32:37
00000000-0000-4000-8000-000000000566,ORD-2026-000566,CUST-00238,185500,INR,PAID,2026-07-31T18:41:35
00000000-0000-4000-8000-000000000567,ORD-2026-000567,CUST-00014,989600,INR,PAID,2026-08-21T04:08:02
00000000-0000-4000-8000-000000000568,ORD-2026-000568,CUST-00178,339100,INR,PAID,2026-08-05T04:51:46
00000000-0000-4000-8000-000000000569,ORD-2026-000569,CUST-00288,393200,INR,PAID,2026-07-01T21:36:56
00000000-0000-4000-8000-000000000570,ORD-2026-000570,CUST-00136,989000,INR,PAID,2026-08-18T18:10:54
00000000-0000-4000-8000-000000000571,ORD-2026-000571,CUST-00245,81900,INR,PAID,2026-06-13T05:53:45
00000000-0000-4000-8000-000000000572,ORD-2026-000572,CUST-00003,317200,INR,PAID,2026-08-26T12:57:54
00000000-0000-4000-8000-000000000573,ORD-2026-000573,CUST-00318,1348100,INR,PAID,2026-08-20T11:56:12
00000000-0000-4000-8000-000000000574,ORD-2026-000574,CUST-00239,129700,INR,PAID,2026-06-13T10:18:14
00000000-0000-4000-8000-000000000575,ORD-2026-000575,CUST-00367,717400,INR,PAID,2026-07-24T03:52:54
00000000-0000-4000-8000-000000000576,ORD-2026-000576,CUST-00229,1392800,INR,PAID,2026-08-21T18:31:50
00000000-0000-4000-8000-000000000577,ORD-2026-000577,CUST-00065,329600,INR,PAID,2026-07-17T23:49:12
00000000-0000-4000-8000-000000000578,ORD-2026-000578,CUST-00035,523800,INR,PAID,2026-06-21T18:11:06
00000000-0000-4000-8000-000000000579,ORD-2026-000579,CUST-00335,741000,INR,PAID,2026-07-21T13:29:33
00000000-0000-4000-8000-000000000580,ORD-2026-000580,CUST-00020,976900,INR,PAID,2026-07-05T07:21:38
00000000-0000-4000-8000-000000000581,ORD-2026-000581,CUST-00341,736400,INR,PAID,2026-05-31T19:33:31
00000000-0000-4000-8000-000000000582,ORD-2026-000582,CUST-00398,223300,INR,PAID,2026-08-17T04:40:56
00000000-0000-4000-8000-000000000583,ORD-2026-000583,CUST-00121,1055600,INR,PAID,2026-07-08T07:54:11
00000000-0000-4000-8000-000000000584,ORD-2026-000584,CUST-00251,381300,INR,PAID,2026-06-10T23:24:48
00000000-0000-4000-8000-000000000585,ORD-2026-000585,CUST-00076,199500,INR,PAID,2026-06-02T21:51:50
00000000-0000-4000-8000-000000000586,ORD-2026-000586,CUST-00277,328500,INR,PAID,2026-06-13T07:56:52
00000000-0000-4000-8000-000000000587,ORD-2026-000587,CUST-00211,555900,INR,PAID,2026-06-16T14:52:08
00000000-0000-4000-8000-000000000588,ORD-2026-000588,CUST-00202,950100,INR,PAID,2026-06-04T11:07:37
00000000-0000-4000-8000-000000000589,ORD-2026-000589,CUST-00212,1196000,INR,PAID,2026-06-10T11:04:28
00000000-0000-4000-8000-000000000590,ORD-2026-000590,CUST-00198,145600,INR,PAID,2026-08-09T01:00:44
00000000-0000-4000-8000-000000000591,ORD-2026-000591,CUST-00247,1294700,INR,PAID,2026-08-02T18:34:47
00000000-0000-4000-8000-000000000592,ORD-2026-000592,CUST-00382,886800,INR,PAID,2026-07-23T06:01:48
00000000-0000-4000-8000-000000000593,ORD-2026-000593,CUST-00376,101000,INR,PAID,2026-06-12T17:55:05
00000000-0000-4000-8000-000000000594,ORD-2026-000594,CUST-00262,733600,INR,PAID,2026-07-04T20:38:03
00000000-0000-4000-8000-000000000595,ORD-2026-000595,CUST-00098,1432200,INR,PAID,2026-08-12T11:44:43
00000000-0000-4000-8000-000000000596,ORD-2026-000596,CUST-00002,1486100,INR,PAID,2026-07-30T11:21:00
00000000-0000-4000-8000-000000000597,ORD-2026-000597,CUST-00209,221400,INR,PAID,2026-06-11T04:03:00
00000000-0000-4000-8000-000000000598,ORD-2026-000598,CUST-00324,460000,INR,PAID,2026-06-09T02:35:07
00000000-0000-4000-8000-000000000599,ORD-2026-000599,CUST-00203,1033200,INR,PAID,2026-08-25T16:49:27
00000000-0000-4000-8000-000000000600,ORD-2026-000600,CUST-00345,1215500,INR,PAID,2026-06-13T09:55:29
00000000-0000-4000-8000-000000000601,ORD-2026-000601,CUST-00186,1136900,INR,PAID,2026-07-03T15:11:43
00000000-0000-4000-8000-000000000602,ORD-2026-000602,CUST-00164,1476300,INR,PAID,2026-07-20T17:06:15
00000000-0000-4000-8000-000000000603,ORD-2026-000603,CUST-00341,108700,INR,PAID,2026-06-07T15:39:05
00000000-0000-4000-8000-000000000604,ORD-2026-000604,CUST-00012,780900,INR,PAID,2026-07-17T01:02:14
00000000-0000-4000-8000-000000000605,ORD-2026-000605,CUST-00197,155100,INR,PAID,2026-06-13T13:02:34
00000000-0000-4000-8000-000000000606,ORD-2026-000606,CUST-00124,831300,INR,PAID,2026-08-25T23:07:42
00000000-0000-4000-8000-000000000607,ORD-2026-000607,CUST-00357,215500,INR,PAID,2026-07-13T11:25:02
00000000-0000-4000-8000-000000000608,ORD-2026-000608,CUST-00386,196700,INR,PAID,2026-07-11T07:25:12
00000000-0000-4000-8000-000000000609,ORD-2026-000609,CUST-00198,714400,INR,PAID,2026-06-09T14:14:49
00000000-0000-4000-8000-000000000610,ORD-2026-000610,CUST-00257,138200,INR,PAID,2026-06-21T21:58:39
00000000-0000-4000-8000-000000000611,ORD-2026-000611,CUST-00047,1413800,INR,PAID,2026-08-25T21:12:45
00000000-0000-4000-8000-000000000612,ORD-2026-000612,CUST-00248,708800,INR,PAID,2026-07-12T13:09:55
00000000-0000-4000-8000-000000000613,ORD-2026-000613,CUST-00240,1016600,INR,PAID,2026-08-14T11:29:11
00000000-0000-4000-8000-000000000614,ORD-2026-000614,CUST-00379,1043600,INR,PAID,2026-07-03T22:37:34
00000000-0000-4000-8000-000000000615,ORD-2026-000615,CUST-00029,699700,INR,PAID,2026-06-30T18:32:42
00000000-0000-4000-8000-000000000616,ORD-2026-000616,CUST-00166,1422400,INR,PAID,2026-06-22T05:19:24
00000000-0000-4000-8000-000000000617,ORD-2026-000617,CUST-00040,575300,INR,PAID,2026-07-03T01:57:05
00000000-0000-4000-8000-000000000618,ORD-2026-000618,CUST-00392,1440400,INR,PAID,2026-06-25T00:02:07
00000000-0000-4000-8000-000000000619,ORD-2026-000619,CUST-00011,365400,INR,PAID,2026-06-22T06:21:56
00000000-0000-4000-8000-000000000620,ORD-2026-000620,CUST-00326,893800,INR,PAID,2026-07-23T00:05:48
00000000-0000-4000-8000-000000000621,ORD-2026-000621,CUST-00040,775000,INR,PAID,2026-07-28T00:30:33
00000000-0000-4000-8000-000000000622,ORD-2026-000622,CUST-00030,1263800,INR,PAID,2026-08-24T11:55:40
00000000-0000-4000-8000-000000000623,ORD-2026-000623,CUST-00015,977600,INR,PAID,2026-08-16T12:10:54
00000000-0000-4000-8000-000000000624,ORD-2026-000624,CUST-00157,27600,INR,PAID,2026-06-10T10:16:07
00000000-0000-4000-8000-000000000625,ORD-2026-000625,CUST-00169,765800,INR,PAID,2026-06-28T11:05:21
00000000-0000-4000-8000-000000000626,ORD-2026-000626,CUST-00199,185100,INR,PAID,2026-06-17T21:24:55
00000000-0000-4000-8000-000000000627,ORD-2026-000627,CUST-00064,827700,INR,PAID,2026-06-27T00:47:37
00000000-0000-4000-8000-000000000628,ORD-2026-000628,CUST-00248,1112400,INR,PAID,2026-06-19T08:51:41
00000000-0000-4000-8000-000000000629,ORD-2026-000629,CUST-00323,917300,INR,PAID,2026-08-03T18:37:52
00000000-0000-4000-8000-000000000630,ORD-2026-000630,CUST-00081,474900,INR,PAID,2026-06-09T06:30:30
00000000-0000-4000-8000-000000000631,ORD-2026-000631,CUST-00336,730900,INR,PAID,2026-06-21T21:27:24
00000000-0000-4000-8000-000000000632,ORD-2026-000632,CUST-00002,175100,INR,PAID,2026-06-04T18:34:14
00000000-0000-4000-8000-000000000633,ORD-2026-000633,CUST-00325,82200,INR,PAID,2026-06-15T21:29:31
00000000-0000-4000-8000-000000000634,ORD-2026-000634,CUST-00373,1483500,INR,PAID,2026-08-11T09:52:28
00000000-0000-4000-8000-000000000635,ORD-2026-000635,CUST-00259,1421100,INR,PAID,2026-08-28T11:45:24
00000000-0000-4000-8000-000000000636,ORD-2026-000636,CUST-00289,232800,INR,PAID,2026-08-26T15:18:35
00000000-0000-4000-8000-000000000637,ORD-2026-000637,CUST-00167,238200,INR,PAID,2026-07-24T05:11:13
00000000-0000-4000-8000-000000000638,ORD-2026-000638,CUST-00077,109300,INR,PAID,2026-06-08T23:15:50
00000000-0000-4000-8000-000000000639,ORD-2026-000639,CUST-00023,53200,INR,PAID,2026-08-10T04:55:13
00000000-0000-4000-8000-000000000640,ORD-2026-000640,CUST-00132,1436500,INR,PAID,2026-06-07T07:54:21
00000000-0000-4000-8000-000000000641,ORD-2026-000641,CUST-00079,377100,INR,PAID,2026-07-29T01:50:08
00000000-0000-4000-8000-000000000642,ORD-2026-000642,CUST-00348,607500,INR,PAID,2026-08-14T01:57:33
00000000-0000-4000-8000-000000000643,ORD-2026-000643,CUST-00066,367400,INR,PAID,2026-06-01T03:49:05
00000000-0000-4000-8000-000000000644,ORD-2026-000644,CUST-00210,1083000,INR,PAID,2026-07-16T21:47:43
00000000-0000-4000-8000-000000000645,ORD-2026-000645,CUST-00228,511900,INR,PAID,2026-08-01T08:31:06
00000000-0000-4000-8000-000000000646,ORD-2026-000646,CUST-00271,1077500,INR,PAID,2026-06-12T16:03:51
00000000-0000-4000-8000-000000000647,ORD-2026-000647,CUST-00146,616800,INR,PAID,2026-07-19T20:02:38
00000000-0000-4000-8000-000000000648,ORD-2026-000648,CUST-00198,1405200,INR,PAID,2026-07-29T15:55:23
00000000-0000-4000-8000-000000000649,ORD-2026-000649,CUST-00344,848900,INR,PAID,2026-06-05T01:14:55
00000000-0000-4000-8000-000000000650,ORD-2026-000650,CUST-00287,688300,INR,PAID,2026-08-02T01:12:49
00000000-0000-4000-8000-000000000651,ORD-2026-000651,CUST-00147,1319100,INR,PAID,2026-08-15T00:35:51
00000000-0000-4000-8000-000000000652,ORD-2026-000652,CUST-00167,614300,INR,PAID,2026-08-08T11:04:58
00000000-0000-4000-8000-000000000653,ORD-2026-000653,CUST-00382,836100,INR,PAID,2026-06-16T12:54:45
00000000-0000-4000-8000-000000000654,ORD-2026-000654,CUST-00281,330100,INR,PAID,2026-08-27T21:57:08
00000000-0000-4000-8000-000000000655,ORD-2026-000655,CUST-00106,328100,INR,PAID,2026-08-10T14:14:47
00000000-0000-4000-8000-000000000656,ORD-2026-000656,CUST-00204,143800,INR,PAID,2026-08-25T06:58:05
00000000-0000-4000-8000-000000000657,ORD-2026-000657,CUST-00335,692200,INR,PAID,2026-08-25T05:08:20
00000000-0000-4000-8000-000000000658,ORD-2026-000658,CUST-00387,479500,INR,PAID,2026-07-02T03:00:47
00000000-0000-4000-8000-000000000659,ORD-2026-000659,CUST-00298,1030900,INR,PAID,2026-07-01T01:08:28
00000000-0000-4000-8000-000000000660,ORD-2026-000660,CUST-00057,1269000,INR,PAID,2026-08-24T12:10:36
00000000-0000-4000-8000-000000000661,ORD-2026-000661,CUST-00202,287300,INR,PAID,2026-06-04T12:39:56
00000000-0000-4000-8000-000000000662,ORD-2026-000662,CUST-00333,357800,INR,PAID,2026-07-11T03:47:46
00000000-0000-4000-8000-000000000663,ORD-2026-000663,CUST-00381,226800,INR,PAID,2026-07-06T10:41:55
00000000-0000-4000-8000-000000000664,ORD-2026-000664,CUST-00286,202500,INR,PAID,2026-07-12T01:56:54
00000000-0000-4000-8000-000000000665,ORD-2026-000665,CUST-00259,672300,INR,PAID,2026-08-10T14:13:12
00000000-0000-4000-8000-000000000666,ORD-2026-000666,CUST-00090,1316100,INR,PAID,2026-08-05T10:10:04
00000000-0000-4000-8000-000000000667,ORD-2026-000667,CUST-00299,229000,INR,PAID,2026-06-03T02:36:04
00000000-0000-4000-8000-000000000668,ORD-2026-000668,CUST-00306,1031200,INR,PAID,2026-06-24T00:14:15
00000000-0000-4000-8000-000000000669,ORD-2026-000669,CUST-00085,1271200,INR,PAID,2026-06-15T20:08:46
00000000-0000-4000-8000-000000000670,ORD-2026-000670,CUST-00024,232200,INR,PAID,2026-07-13T18:50:11
00000000-0000-4000-8000-000000000671,ORD-2026-000671,CUST-00041,1297500,INR,PAID,2026-06-01T19:36:39
00000000-0000-4000-8000-000000000672,ORD-2026-000672,CUST-00226,1346500,INR,PAID,2026-07-23T19:29:47
00000000-0000-4000-8000-000000000673,ORD-2026-000673,CUST-00235,976600,INR,PAID,2026-07-29T04:25:43
00000000-0000-4000-8000-000000000674,ORD-2026-000674,CUST-00258,1234600,INR,PAID,2026-07-23T20:24:06
00000000-0000-4000-8000-000000000675,ORD-2026-000675,CUST-00344,1088300,INR,PAID,2026-08-02T21:31:31
00000000-0000-4000-8000-000000000676,ORD-2026-000676,CUST-00400,373400,INR,PAID,2026-06-18T12:25:56
00000000-0000-4000-8000-000000000677,ORD-2026-000677,CUST-00099,658200,INR,PAID,2026-06-15T04:04:00
00000000-0000-4000-8000-000000000678,ORD-2026-000678,CUST-00050,591500,INR,PAID,2026-07-15T21:29:08
00000000-0000-4000-8000-000000000679,ORD-2026-000679,CUST-00043,1030000,INR,PAID,2026-06-22T13:57:52
00000000-0000-4000-8000-000000000680,ORD-2026-000680,CUST-00291,470800,INR,PAID,2026-08-21T16:47:26
00000000-0000-4000-8000-000000000681,ORD-2026-000681,CUST-00174,516000,INR,PAID,2026-08-26T01:11:05
00000000-0000-4000-8000-000000000682,ORD-2026-000682,CUST-00388,1325100,INR,PAID,2026-06-01T09:58:37
00000000-0000-4000-8000-000000000683,ORD-2026-000683,CUST-00134,1042400,INR,PAID,2026-07-25T05:00:09
00000000-0000-4000-8000-000000000684,ORD-2026-000684,CUST-00388,589800,INR,PAID,2026-06-02T16:38:40
00000000-0000-4000-8000-000000000685,ORD-2026-000685,CUST-00250,720900,INR,PAID,2026-08-24T15:46:55
00000000-0000-4000-8000-000000000686,ORD-2026-000686,CUST-00333,1453400,INR,PAID,2026-08-21T14:41:18
00000000-0000-4000-8000-000000000687,ORD-2026-000687,CUST-00061,1481400,INR,PAID,2026-06-09T10:28:04
00000000-0000-4000-8000-000000000688,ORD-2026-000688,CUST-00061,1489700,INR,PAID,2026-06-10T01:49:04
00000000-0000-4000-8000-000000000689,ORD-2026-000689,CUST-00170,130800,INR,PAID,2026-07-25T13:36:19
00000000-0000-4000-8000-000000000690,ORD-2026-000690,CUST-00390,924100,INR,PAID,2026-07-13T15:19:03
00000000-0000-4000-8000-000000000691,ORD-2026-000691,CUST-00183,67300,INR,PAID,2026-07-08T18:19:50
00000000-0000-4000-8000-000000000692,ORD-2026-000692,CUST-00012,844900,INR,PAID,2026-07-12T11:44:34
00000000-0000-4000-8000-000000000693,ORD-2026-000693,CUST-00372,836900,INR,PAID,2026-08-26T19:20:26
00000000-0000-4000-8000-000000000694,ORD-2026-000694,CUST-00227,563900,INR,PAID,2026-08-28T04:11:04
00000000-0000-4000-8000-000000000695,ORD-2026-000695,CUST-00255,630900,INR,PAID,2026-07-14T14:36:58
00000000-0000-4000-8000-000000000696,ORD-2026-000696,CUST-00346,1109700,INR,PAID,2026-08-13T12:22:28
00000000-0000-4000-8000-000000000697,ORD-2026-000697,CUST-00181,1457100,INR,PAID,2026-07-13T20:51:46
00000000-0000-4000-8000-000000000698,ORD-2026-000698,CUST-00202,1272400,INR,PAID,2026-06-09T23:10:21
00000000-0000-4000-8000-000000000699,ORD-2026-000699,CUST-00029,470800,INR,PAID,2026-08-03T09:39:25
00000000-0000-4000-8000-000000000700,ORD-2026-000700,CUST-00172,720100,INR,PAID,2026-08-04T04:43:59
00000000-0000-4000-8000-000000000701,ORD-2026-000701,CUST-00115,1223400,INR,PAID,2026-06-08T12:04:09
00000000-0000-4000-8000-000000000702,ORD-2026-000702,CUST-00346,490000,INR,PAID,2026-05-31T18:07:45
00000000-0000-4000-8000-000000000703,ORD-2026-000703,CUST-00016,1314700,INR,PAID,2026-06-08T04:19:03
00000000-0000-4000-8000-000000000704,ORD-2026-000704,CUST-00160,212000,INR,PAID,2026-06-01T06:45:55
00000000-0000-4000-8000-000000000705,ORD-2026-000705,CUST-00139,775500,INR,PAID,2026-08-23T20:00:24
00000000-0000-4000-8000-000000000706,ORD-2026-000706,CUST-00386,501200,INR,PAID,2026-06-22T06:38:42
00000000-0000-4000-8000-000000000707,ORD-2026-000707,CUST-00028,997200,INR,PAID,2026-07-05T19:28:31
00000000-0000-4000-8000-000000000708,ORD-2026-000708,CUST-00240,1058100,INR,PAID,2026-06-12T11:03:33
00000000-0000-4000-8000-000000000709,ORD-2026-000709,CUST-00186,790800,INR,PAID,2026-08-09T07:27:21
00000000-0000-4000-8000-000000000710,ORD-2026-000710,CUST-00269,51700,INR,PAID,2026-08-02T13:51:16
00000000-0000-4000-8000-000000000711,ORD-2026-000711,CUST-00383,1147000,INR,PAID,2026-07-18T16:29:22
00000000-0000-4000-8000-000000000712,ORD-2026-000712,CUST-00334,710500,INR,PAID,2026-08-22T08:56:13
00000000-0000-4000-8000-000000000713,ORD-2026-000713,CUST-00301,1191500,INR,PAID,2026-08-01T02:38:43
00000000-0000-4000-8000-000000000714,ORD-2026-000714,CUST-00067,583600,INR,PAID,2026-08-15T13:52:25
00000000-0000-4000-8000-000000000715,ORD-2026-000715,CUST-00106,414700,INR,PAID,2026-07-16T08:19:34
00000000-0000-4000-8000-000000000716,ORD-2026-000716,CUST-00366,171400,INR,PAID,2026-07-14T01:35:40
00000000-0000-4000-8000-000000000717,ORD-2026-000717,CUST-00310,1221400,INR,PAID,2026-07-24T07:08:46
00000000-0000-4000-8000-000000000718,ORD-2026-000718,CUST-00020,172000,INR,PAID,2026-07-08T22:54:28
00000000-0000-4000-8000-000000000719,ORD-2026-000719,CUST-00300,1332800,INR,PAID,2026-06-21T05:57:27
00000000-0000-4000-8000-000000000720,ORD-2026-000720,CUST-00289,1430700,INR,PAID,2026-06-22T04:26:55
00000000-0000-4000-8000-000000000721,ORD-2026-000721,CUST-00191,1240600,INR,PAID,2026-06-09T11:33:25
00000000-0000-4000-8000-000000000722,ORD-2026-000722,CUST-00274,428400,INR,PAID,2026-08-02T16:50:20
00000000-0000-4000-8000-000000000723,ORD-2026-000723,CUST-00025,887400,INR,PAID,2026-08-28T18:53:57
00000000-0000-4000-8000-000000000724,ORD-2026-000724,CUST-00068,1083100,INR,PAID,2026-07-31T17:17:47
00000000-0000-4000-8000-000000000725,ORD-2026-000725,CUST-00218,468600,INR,PAID,2026-06-24T03:30:36
00000000-0000-4000-8000-000000000726,ORD-2026-000726,CUST-00209,772200,INR,PAID,2026-08-13T16:27:37
00000000-0000-4000-8000-000000000727,ORD-2026-000727,CUST-00003,551300,INR,PAID,2026-07-26T09:43:13
00000000-0000-4000-8000-000000000728,ORD-2026-000728,CUST-00022,1497300,INR,PAID,2026-08-06T13:04:10
00000000-0000-4000-8000-000000000729,ORD-2026-000729,CUST-00186,1407500,INR,PAID,2026-07-02T12:06:08
00000000-0000-4000-8000-000000000730,ORD-2026-000730,CUST-00226,1382000,INR,PAID,2026-07-19T12:01:40
00000000-0000-4000-8000-000000000731,ORD-2026-000731,CUST-00207,752000,INR,PAID,2026-07-12T21:24:31
00000000-0000-4000-8000-000000000732,ORD-2026-000732,CUST-00161,394000,INR,PAID,2026-06-19T01:07:41
00000000-0000-4000-8000-000000000733,ORD-2026-000733,CUST-00207,434100,INR,PAID,2026-08-26T22:12:39
00000000-0000-4000-8000-000000000734,ORD-2026-000734,CUST-00075,1158900,INR,PAID,2026-06-25T09:43:01
00000000-0000-4000-8000-000000000735,ORD-2026-000735,CUST-00378,479300,INR,PAID,2026-08-01T19:43:14
00000000-0000-4000-8000-000000000736,ORD-2026-000736,CUST-00365,704200,INR,PAID,2026-07-20T09:48:35
00000000-0000-4000-8000-000000000737,ORD-2026-000737,CUST-00196,1207400,INR,PAID,2026-07-13T12:36:16
00000000-0000-4000-8000-000000000738,ORD-2026-000738,CUST-00277,150000,INR,PAID,2026-06-16T12:46:59
00000000-0000-4000-8000-000000000739,ORD-2026-000739,CUST-00205,432900,INR,PAID,2026-08-13T01:39:42
00000000-0000-4000-8000-000000000740,ORD-2026-000740,CUST-00351,194200,INR,PAID,2026-06-21T09:01:41
00000000-0000-4000-8000-000000000741,ORD-2026-000741,CUST-00054,1210000,INR,PAID,2026-06-22T01:41:33
00000000-0000-4000-8000-000000000742,ORD-2026-000742,CUST-00178,751700,INR,PAID,2026-07-17T09:32:06
00000000-0000-4000-8000-000000000743,ORD-2026-000743,CUST-00220,700700,INR,PAID,2026-08-17T16:31:30
00000000-0000-4000-8000-000000000744,ORD-2026-000744,CUST-00226,1132100,INR,PAID,2026-06-08T02:14:56
00000000-0000-4000-8000-000000000745,ORD-2026-000745,CUST-00327,612000,INR,PAID,2026-06-01T03:19:48
00000000-0000-4000-8000-000000000746,ORD-2026-000746,CUST-00317,53600,INR,PAID,2026-07-23T08:47:22
00000000-0000-4000-8000-000000000747,ORD-2026-000747,CUST-00191,425400,INR,PAID,2026-07-01T03:47:52
00000000-0000-4000-8000-000000000748,ORD-2026-000748,CUST-00339,1069900,INR,PAID,2026-08-01T20:41:11
00000000-0000-4000-8000-000000000749,ORD-2026-000749,CUST-00285,542500,INR,PAID,2026-07-07T23:18:00
00000000-0000-4000-8000-000000000750,ORD-2026-000750,CUST-00376,764200,INR,PAID,2026-06-04T04:37:11
00000000-0000-4000-8000-000000000751,ORD-2026-000751,CUST-00034,507500,INR,PAID,2026-08-22T22:11:57
00000000-0000-4000-8000-000000000752,ORD-2026-000752,CUST-00326,1450600,INR,PAID,2026-07-16T13:36:09
00000000-0000-4000-8000-000000000753,ORD-2026-000753,CUST-00346,1281900,INR,PAID,2026-07-21T22:50:54
00000000-0000-4000-8000-000000000754,ORD-2026-000754,CUST-00019,629100,INR,PAID,2026-06-02T11:20:11
00000000-0000-4000-8000-000000000755,ORD-2026-000755,CUST-00246,1290500,INR,PAID,2026-06-09T11:07:57
00000000-0000-4000-8000-000000000756,ORD-2026-000756,CUST-00267,198800,INR,PAID,2026-07-03T07:38:06
00000000-0000-4000-8000-000000000757,ORD-2026-000757,CUST-00188,1207000,INR,PAID,2026-08-03T08:56:36
00000000-0000-4000-8000-000000000758,ORD-2026-000758,CUST-00252,849800,INR,PAID,2026-07-26T01:52:30
00000000-0000-4000-8000-000000000759,ORD-2026-000759,CUST-00087,350700,INR,PAID,2026-08-12T05:57:50
00000000-0000-4000-8000-000000000760,ORD-2026-000760,CUST-00301,1069600,INR,PAID,2026-07-18T02:14:04
00000000-0000-4000-8000-000000000761,ORD-2026-000761,CUST-00231,1179300,INR,PAID,2026-06-17T17:08:14
00000000-0000-4000-8000-000000000762,ORD-2026-000762,CUST-00143,772000,INR,PAID,2026-08-04T23:24:02
00000000-0000-4000-8000-000000000763,ORD-2026-000763,CUST-00341,243300,INR,PAID,2026-07-12T20:48:11
00000000-0000-4000-8000-000000000764,ORD-2026-000764,CUST-00177,136500,INR,PAID,2026-08-03T17:25:12
00000000-0000-4000-8000-000000000765,ORD-2026-000765,CUST-00144,61700,INR,PAID,2026-06-07T00:43:08
00000000-0000-4000-8000-000000000766,ORD-2026-000766,CUST-00059,656000,INR,PAID,2026-07-31T19:39:23
00000000-0000-4000-8000-000000000767,ORD-2026-000767,CUST-00396,181000,INR,PAID,2026-08-20T21:30:34
00000000-0000-4000-8000-000000000768,ORD-2026-000768,CUST-00198,1106500,INR,PAID,2026-06-24T08:30:15
00000000-0000-4000-8000-000000000769,ORD-2026-000769,CUST-00271,1288800,INR,PAID,2026-07-08T00:45:05
00000000-0000-4000-8000-000000000770,ORD-2026-000770,CUST-00275,1457300,INR,PAID,2026-07-21T22:15:24
00000000-0000-4000-8000-000000000771,ORD-2026-000771,CUST-00235,112800,INR,PAID,2026-08-16T06:13:04
00000000-0000-4000-8000-000000000772,ORD-2026-000772,CUST-00212,515100,INR,PAID,2026-06-24T23:39:16
00000000-0000-4000-8000-000000000773,ORD-2026-000773,CUST-00104,1407500,INR,PAID,2026-07-17T05:43:07
00000000-0000-4000-8000-000000000774,ORD-2026-000774,CUST-00170,1320200,INR,PAID,2026-06-13T14:43:29
00000000-0000-4000-8000-000000000775,ORD-2026-000775,CUST-00229,752600,INR,PAID,2026-06-25T15:34:33
00000000-0000-4000-8000-000000000776,ORD-2026-000776,CUST-00212,556300,INR,PAID,2026-06-15T05:38:47
00000000-0000-4000-8000-000000000777,ORD-2026-000777,CUST-00026,1143500,INR,PAID,2026-08-08T06:35:50
00000000-0000-4000-8000-000000000778,ORD-2026-000778,CUST-00229,289200,INR,PAID,2026-06-02T22:05:18
00000000-0000-4000-8000-000000000779,ORD-2026-000779,CUST-00209,579200,INR,PAID,2026-06-22T03:05:51
00000000-0000-4000-8000-000000000780,ORD-2026-000780,CUST-00355,627000,INR,PAID,2026-07-02T19:32:36
00000000-0000-4000-8000-000000000781,ORD-2026-000781,CUST-00052,74000,INR,PAID,2026-08-07T03:13:25
00000000-0000-4000-8000-000000000782,ORD-2026-000782,CUST-00364,1364500,INR,PAID,2026-08-26T13:43:35
00000000-0000-4000-8000-000000000783,ORD-2026-000783,CUST-00168,1436100,INR,PAID,2026-08-26T00:13:23
00000000-0000-4000-8000-000000000784,ORD-2026-000784,CUST-00214,1235400,INR,PAID,2026-07-17T07:53:21
00000000-0000-4000-8000-000000000785,ORD-2026-000785,CUST-00190,355500,INR,PAID,2026-06-09T20:35:53
00000000-0000-4000-8000-000000000786,ORD-2026-000786,CUST-00371,56600,INR,PAID,2026-08-05T09:19:59
00000000-0000-4000-8000-000000000787,ORD-2026-000787,CUST-00395,1205600,INR,PAID,2026-06-06T03:58:27
00000000-0000-4000-8000-000000000788,ORD-2026-000788,CUST-00001,118700,INR,PAID,2026-06-01T23:11:47
00000000-0000-4000-8000-000000000789,ORD-2026-000789,CUST-00294,1444000,INR,PAID,2026-07-16T16:46:07
00000000-0000-4000-8000-000000000790,ORD-2026-000790,CUST-00158,515200,INR,PAID,2026-07-24T15:26:52
00000000-0000-4000-8000-000000000791,ORD-2026-000791,CUST-00348,523500,INR,PAID,2026-06-11T17:10:22
00000000-0000-4000-8000-000000000792,ORD-2026-000792,CUST-00061,830400,INR,PAID,2026-08-22T07:10:54
00000000-0000-4000-8000-000000000793,ORD-2026-000793,CUST-00113,1076000,INR,PAID,2026-06-28T16:02:21
00000000-0000-4000-8000-000000000794,ORD-2026-000794,CUST-00331,580100,INR,PAID,2026-07-14T13:19:35
00000000-0000-4000-8000-000000000795,ORD-2026-000795,CUST-00345,205800,INR,PAID,2026-07-11T22:52:41
00000000-0000-4000-8000-000000000796,ORD-2026-000796,CUST-00291,850000,INR,PAID,2026-06-14T12:06:18
00000000-0000-4000-8000-000000000797,ORD-2026-000797,CUST-00380,146700,INR,PAID,2026-07-22T13:52:02
00000000-0000-4000-8000-000000000798,ORD-2026-000798,CUST-00059,571600,INR,PAID,2026-06-28T18:31:13
00000000-0000-4000-8000-000000000799,ORD-2026-000799,CUST-00123,570200,INR,PAID,2026-07-13T15:11:07
00000000-0000-4000-8000-000000000800,ORD-2026-000800,CUST-00257,1109000,INR,PAID,2026-07-07T02:44:30
00000000-0000-4000-8000-000000000801,ORD-2026-000801,CUST-00175,1224800,INR,PAID,2026-07-06T00:10:09
00000000-0000-4000-8000-000000000802,ORD-2026-000802,CUST-00342,757600,INR,PAID,2026-07-23T08:32:15
00000000-0000-4000-8000-000000000803,ORD-2026-000803,CUST-00226,1161400,INR,PAID,2026-08-01T02:22:57
00000000-0000-4000-8000-000000000804,ORD-2026-000804,CUST-00112,348000,INR,PAID,2026-07-17T03:38:02
00000000-0000-4000-8000-000000000805,ORD-2026-000805,CUST-00145,570800,INR,PAID,2026-07-12T17:21:30
00000000-0000-4000-8000-000000000806,ORD-2026-000806,CUST-00306,581000,INR,PAID,2026-08-02T23:11:22
00000000-0000-4000-8000-000000000807,ORD-2026-000807,CUST-00237,431900,INR,PAID,2026-08-04T13:24:18
00000000-0000-4000-8000-000000000808,ORD-2026-000808,CUST-00130,65600,INR,PAID,2026-06-02T22:30:06
00000000-0000-4000-8000-000000000809,ORD-2026-000809,CUST-00273,1044800,INR,PAID,2026-08-10T03:38:10
00000000-0000-4000-8000-000000000810,ORD-2026-000810,CUST-00319,585100,INR,PAID,2026-06-30T23:04:17
00000000-0000-4000-8000-000000000811,ORD-2026-000811,CUST-00188,113100,INR,PAID,2026-07-03T09:52:03
00000000-0000-4000-8000-000000000812,ORD-2026-000812,CUST-00214,487900,INR,PAID,2026-08-08T17:48:27
00000000-0000-4000-8000-000000000813,ORD-2026-000813,CUST-00361,850900,INR,PAID,2026-07-11T08:01:24
00000000-0000-4000-8000-000000000814,ORD-2026-000814,CUST-00178,987100,INR,PAID,2026-08-21T15:46:27
00000000-0000-4000-8000-000000000815,ORD-2026-000815,CUST-00046,502200,INR,PAID,2026-06-04T18:31:45
00000000-0000-4000-8000-000000000816,ORD-2026-000816,CUST-00192,1364400,INR,PAID,2026-06-06T04:01:12
00000000-0000-4000-8000-000000000817,ORD-2026-000817,CUST-00104,361400,INR,PAID,2026-06-05T05:49:10
00000000-0000-4000-8000-000000000818,ORD-2026-000818,CUST-00115,1378400,INR,PAID,2026-06-21T23:47:32
00000000-0000-4000-8000-000000000819,ORD-2026-000819,CUST-00178,422800,INR,PAID,2026-08-01T08:07:04
00000000-0000-4000-8000-000000000820,ORD-2026-000820,CUST-00183,440200,INR,PAID,2026-06-16T21:36:28
00000000-0000-4000-8000-000000000821,ORD-2026-000821,CUST-00134,577300,INR,PAID,2026-06-11T18:10:37
00000000-0000-4000-8000-000000000822,ORD-2026-000822,CUST-00082,390700,INR,PAID,2026-08-07T15:06:42
00000000-0000-4000-8000-000000000823,ORD-2026-000823,CUST-00058,388400,INR,PAID,2026-08-19T16:43:53
00000000-0000-4000-8000-000000000824,ORD-2026-000824,CUST-00191,106100,INR,PAID,2026-06-22T01:45:32
00000000-0000-4000-8000-000000000825,ORD-2026-000825,CUST-00079,643500,INR,PAID,2026-08-23T05:36:55
00000000-0000-4000-8000-000000000826,ORD-2026-000826,CUST-00306,609700,INR,PAID,2026-06-02T01:34:26
00000000-0000-4000-8000-000000000827,ORD-2026-000827,CUST-00288,1058000,INR,PAID,2026-07-19T09:34:20
00000000-0000-4000-8000-000000000828,ORD-2026-000828,CUST-00238,272700,INR,PAID,2026-06-12T21:36:19
00000000-0000-4000-8000-000000000829,ORD-2026-000829,CUST-00317,65700,INR,PAID,2026-05-31T17:38:29
00000000-0000-4000-8000-000000000830,ORD-2026-000830,CUST-00040,1383400,INR,PAID,2026-08-25T04:26:16
00000000-0000-4000-8000-000000000831,ORD-2026-000831,CUST-00269,1062700,INR,PAID,2026-07-19T09:35:21
00000000-0000-4000-8000-000000000832,ORD-2026-000832,CUST-00148,544700,INR,PAID,2026-07-01T22:54:51
00000000-0000-4000-8000-000000000833,ORD-2026-000833,CUST-00136,842500,INR,PAID,2026-07-19T23:13:37
00000000-0000-4000-8000-000000000834,ORD-2026-000834,CUST-00126,1204800,INR,PAID,2026-07-21T12:07:13
00000000-0000-4000-8000-000000000835,ORD-2026-000835,CUST-00225,1473100,INR,PAID,2026-08-27T13:26:21
00000000-0000-4000-8000-000000000836,ORD-2026-000836,CUST-00196,1216800,INR,PAID,2026-07-12T09:22:01
00000000-0000-4000-8000-000000000837,ORD-2026-000837,CUST-00178,1201600,INR,PAID,2026-06-07T01:08:28
00000000-0000-4000-8000-000000000838,ORD-2026-000838,CUST-00235,134400,INR,PAID,2026-06-20T17:18:57
00000000-0000-4000-8000-000000000839,ORD-2026-000839,CUST-00141,946200,INR,PAID,2026-06-24T12:00:05
00000000-0000-4000-8000-000000000840,ORD-2026-000840,CUST-00063,496600,INR,PAID,2026-06-28T17:04:16
00000000-0000-4000-8000-000000000841,ORD-2026-000841,CUST-00292,340100,INR,PAID,2026-08-28T09:27:58
00000000-0000-4000-8000-000000000842,ORD-2026-000842,CUST-00384,572000,INR,PAID,2026-07-09T15:53:30
00000000-0000-4000-8000-000000000843,ORD-2026-000843,CUST-00034,1280600,INR,PAID,2026-08-22T07:56:05
00000000-0000-4000-8000-000000000844,ORD-2026-000844,CUST-00104,432600,INR,PAID,2026-06-03T20:20:27
00000000-0000-4000-8000-000000000845,ORD-2026-000845,CUST-00193,108600,INR,PAID,2026-06-08T22:17:13
00000000-0000-4000-8000-000000000846,ORD-2026-000846,CUST-00387,289500,INR,PAID,2026-06-10T20:39:08
00000000-0000-4000-8000-000000000847,ORD-2026-000847,CUST-00033,529900,INR,PAID,2026-06-09T05:25:43
00000000-0000-4000-8000-000000000848,ORD-2026-000848,CUST-00353,1497300,INR,PAID,2026-06-02T19:20:37
00000000-0000-4000-8000-000000000849,ORD-2026-000849,CUST-00262,1086700,INR,PAID,2026-07-22T21:53:01
00000000-0000-4000-8000-000000000850,ORD-2026-000850,CUST-00225,824800,INR,PAID,2026-06-06T09:13:12
00000000-0000-4000-8000-000000000851,ORD-2026-000851,CUST-00121,1028600,INR,PAID,2026-05-31T23:00:12
00000000-0000-4000-8000-000000000852,ORD-2026-000852,CUST-00121,1181800,INR,PAID,2026-08-14T02:00:52
00000000-0000-4000-8000-000000000853,ORD-2026-000853,CUST-00387,844300,INR,PAID,2026-08-26T11:18:12
00000000-0000-4000-8000-000000000854,ORD-2026-000854,CUST-00176,835700,INR,PAID,2026-08-10T01:21:52
00000000-0000-4000-8000-000000000855,ORD-2026-000855,CUST-00249,1415100,INR,PAID,2026-08-12T18:53:32
00000000-0000-4000-8000-000000000856,ORD-2026-000856,CUST-00191,1146000,INR,PAID,2026-06-08T01:52:22
00000000-0000-4000-8000-000000000857,ORD-2026-000857,CUST-00356,155300,INR,PAID,2026-07-19T05:32:56
00000000-0000-4000-8000-000000000858,ORD-2026-000858,CUST-00338,1245200,INR,PAID,2026-06-22T01:14:25
00000000-0000-4000-8000-000000000859,ORD-2026-000859,CUST-00275,721400,INR,PAID,2026-07-10T14:13:54
00000000-0000-4000-8000-000000000860,ORD-2026-000860,CUST-00234,522400,INR,PAID,2026-08-05T10:49:02
00000000-0000-4000-8000-000000000861,ORD-2026-000861,CUST-00054,494000,INR,PAID,2026-06-16T04:35:20
00000000-0000-4000-8000-000000000862,ORD-2026-000862,CUST-00168,608300,INR,PAID,2026-06-02T23:43:14
00000000-0000-4000-8000-000000000863,ORD-2026-000863,CUST-00166,1424100,INR,PAID,2026-07-06T22:19:21
00000000-0000-4000-8000-000000000864,ORD-2026-000864,CUST-00081,1267000,INR,PAID,2026-08-23T23:20:05
00000000-0000-4000-8000-000000000865,ORD-2026-000865,CUST-00108,1307700,INR,PAID,2026-06-27T12:58:38
00000000-0000-4000-8000-000000000866,ORD-2026-000866,CUST-00110,1331900,INR,PAID,2026-08-20T01:24:58
00000000-0000-4000-8000-000000000867,ORD-2026-000867,CUST-00199,1195000,INR,PAID,2026-08-03T06:59:59
00000000-0000-4000-8000-000000000868,ORD-2026-000868,CUST-00357,1000600,INR,PAID,2026-06-06T03:02:20
00000000-0000-4000-8000-000000000869,ORD-2026-000869,CUST-00294,561400,INR,PAID,2026-08-11T16:46:57
00000000-0000-4000-8000-000000000870,ORD-2026-000870,CUST-00094,138100,INR,PAID,2026-07-07T09:16:18
00000000-0000-4000-8000-000000000871,ORD-2026-000871,CUST-00352,1381400,INR,PAID,2026-07-15T03:41:45
00000000-0000-4000-8000-000000000872,ORD-2026-000872,CUST-00236,921500,INR,PAID,2026-06-29T12:34:56
00000000-0000-4000-8000-000000000873,ORD-2026-000873,CUST-00383,156600,INR,PAID,2026-08-04T11:58:03
00000000-0000-4000-8000-000000000874,ORD-2026-000874,CUST-00322,1011400,INR,PAID,2026-08-13T13:51:02
00000000-0000-4000-8000-000000000875,ORD-2026-000875,CUST-00015,672500,INR,PAID,2026-07-19T05:28:11
00000000-0000-4000-8000-000000000876,ORD-2026-000876,CUST-00079,781200,INR,PAID,2026-08-10T01:16:52
00000000-0000-4000-8000-000000000877,ORD-2026-000877,CUST-00339,906300,INR,PAID,2026-06-30T08:52:15
00000000-0000-4000-8000-000000000878,ORD-2026-000878,CUST-00001,573000,INR,PAID,2026-08-27T22:46:45
00000000-0000-4000-8000-000000000879,ORD-2026-000879,CUST-00043,593200,INR,PAID,2026-08-03T19:09:54
00000000-0000-4000-8000-000000000880,ORD-2026-000880,CUST-00074,100200,INR,PAID,2026-07-12T14:23:21
00000000-0000-4000-8000-000000000881,ORD-2026-000881,CUST-00232,987700,INR,PAID,2026-08-27T03:19:44
00000000-0000-4000-8000-000000000882,ORD-2026-000882,CUST-00363,61800,INR,PAID,2026-07-09T05:33:36
00000000-0000-4000-8000-000000000883,ORD-2026-000883,CUST-00254,83700,INR,PAID,2026-08-14T05:06:35
00000000-0000-4000-8000-000000000884,ORD-2026-000884,CUST-00008,945700,INR,PAID,2026-08-02T00:20:58
00000000-0000-4000-8000-000000000885,ORD-2026-000885,CUST-00307,323300,INR,PAID,2026-07-02T11:35:17
00000000-0000-4000-8000-000000000886,ORD-2026-000886,CUST-00320,472800,INR,PAID,2026-08-17T08:45:56
00000000-0000-4000-8000-000000000887,ORD-2026-000887,CUST-00334,1057300,INR,PAID,2026-06-12T23:20:18
00000000-0000-4000-8000-000000000888,ORD-2026-000888,CUST-00100,544800,INR,PAID,2026-06-01T00:47:48
00000000-0000-4000-8000-000000000889,ORD-2026-000889,CUST-00198,454600,INR,PAID,2026-06-18T08:48:49
00000000-0000-4000-8000-000000000890,ORD-2026-000890,CUST-00074,307300,INR,PAID,2026-07-23T14:41:19
00000000-0000-4000-8000-000000000891,ORD-2026-000891,CUST-00101,1320600,INR,PAID,2026-06-19T16:28:08
00000000-0000-4000-8000-000000000892,ORD-2026-000892,CUST-00243,252000,INR,PAID,2026-07-18T15:32:46
00000000-0000-4000-8000-000000000893,ORD-2026-000893,CUST-00260,1141800,INR,PAID,2026-08-12T23:29:57
00000000-0000-4000-8000-000000000894,ORD-2026-000894,CUST-00030,758000,INR,PAID,2026-08-27T15:01:15
00000000-0000-4000-8000-000000000895,ORD-2026-000895,CUST-00095,520700,INR,PAID,2026-08-10T14:09:29
00000000-0000-4000-8000-000000000896,ORD-2026-000896,CUST-00293,886800,INR,PAID,2026-07-11T01:47:41
00000000-0000-4000-8000-000000000897,ORD-2026-000897,CUST-00161,1237500,INR,PAID,2026-07-28T23:08:43
00000000-0000-4000-8000-000000000898,ORD-2026-000898,CUST-00019,102500,INR,PAID,2026-08-24T23:43:12
00000000-0000-4000-8000-000000000899,ORD-2026-000899,CUST-00159,919600,INR,PAID,2026-07-22T03:58:25
00000000-0000-4000-8000-000000000900,ORD-2026-000900,CUST-00221,843400,INR,PAID,2026-06-29T11:24:13
00000000-0000-4000-8000-000000000901,ORD-2026-000901,CUST-00312,159800,INR,PAID,2026-06-21T08:44:16
00000000-0000-4000-8000-000000000902,ORD-2026-000902,CUST-00083,954900,INR,PAID,2026-07-29T23:23:38
00000000-0000-4000-8000-000000000903,ORD-2026-000903,CUST-00061,970600,INR,PAID,2026-06-03T22:27:47
00000000-0000-4000-8000-000000000904,ORD-2026-000904,CUST-00207,1396300,INR,PAID,2026-07-13T09:31:17
00000000-0000-4000-8000-000000000905,ORD-2026-000905,CUST-00058,223100,INR,PAID,2026-07-10T17:46:01
00000000-0000-4000-8000-000000000906,ORD-2026-000906,CUST-00204,1081300,INR,PAID,2026-06-19T21:12:45
00000000-0000-4000-8000-000000000907,ORD-2026-000907,CUST-00260,815200,INR,PAID,2026-06-10T17:28:19
00000000-0000-4000-8000-000000000908,ORD-2026-000908,CUST-00291,411600,INR,PAID,2026-07-11T07:41:31
00000000-0000-4000-8000-000000000909,ORD-2026-000909,CUST-00086,727300,INR,PAID,2026-07-29T12:49:26
00000000-0000-4000-8000-000000000910,ORD-2026-000910,CUST-00151,190300,INR,PAID,2026-07-17T09:09:08
00000000-0000-4000-8000-000000000911,ORD-2026-000911,CUST-00230,1100200,INR,PAID,2026-07-22T07:06:23
00000000-0000-4000-8000-000000000912,ORD-2026-000912,CUST-00307,805000,INR,PAID,2026-08-08T06:10:00
00000000-0000-4000-8000-000000000913,ORD-2026-000913,CUST-00070,1164500,INR,PAID,2026-07-26T08:20:49
00000000-0000-4000-8000-000000000914,ORD-2026-000914,CUST-00193,112400,INR,PAID,2026-06-21T16:58:36
00000000-0000-4000-8000-000000000915,ORD-2026-000915,CUST-00146,587300,INR,PAID,2026-06-14T04:06:23
00000000-0000-4000-8000-000000000916,ORD-2026-000916,CUST-00014,285600,INR,PAID,2026-07-19T22:02:19
00000000-0000-4000-8000-000000000917,ORD-2026-000917,CUST-00051,705700,INR,PAID,2026-07-04T16:52:14
00000000-0000-4000-8000-000000000918,ORD-2026-000918,CUST-00345,1469600,INR,PAID,2026-08-02T21:11:32
00000000-0000-4000-8000-000000000919,ORD-2026-000919,CUST-00336,569500,INR,PAID,2026-08-17T06:54:52
00000000-0000-4000-8000-000000000920,ORD-2026-000920,CUST-00267,616000,INR,PAID,2026-07-07T09:13:35
00000000-0000-4000-8000-000000000921,ORD-2026-000921,CUST-00157,393700,INR,PAID,2026-08-12T01:34:22
00000000-0000-4000-8000-000000000922,ORD-2026-000922,CUST-00021,143000,INR,PAID,2026-06-27T08:56:29
00000000-0000-4000-8000-000000000923,ORD-2026-000923,CUST-00351,581000,INR,PAID,2026-06-07T10:45:24
00000000-0000-4000-8000-000000000924,ORD-2026-000924,CUST-00136,548300,INR,PAID,2026-06-14T12:48:04
00000000-0000-4000-8000-000000000925,ORD-2026-000925,CUST-00069,699000,INR,PAID,2026-08-18T09:39:10
00000000-0000-4000-8000-000000000926,ORD-2026-000926,CUST-00095,1090900,INR,PAID,2026-06-01T05:32:04
00000000-0000-4000-8000-000000000927,ORD-2026-000927,CUST-00189,487000,INR,PAID,2026-07-11T21:41:31
00000000-0000-4000-8000-000000000928,ORD-2026-000928,CUST-00054,838100,INR,PAID,2026-08-16T11:11:18
00000000-0000-4000-8000-000000000929,ORD-2026-000929,CUST-00215,1375300,INR,PAID,2026-06-19T12:30:27
00000000-0000-4000-8000-000000000930,ORD-2026-000930,CUST-00035,1230500,INR,PAID,2026-08-22T06:46:32
00000000-0000-4000-8000-000000000931,ORD-2026-000931,CUST-00353,53200,INR,PAID,2026-06-18T23:49:01
00000000-0000-4000-8000-000000000932,ORD-2026-000932,CUST-00077,261400,INR,PAID,2026-08-29T22:11:43
00000000-0000-4000-8000-000000000933,ORD-2026-000933,CUST-00399,152000,INR,PAID,2026-07-20T06:30:05
00000000-0000-4000-8000-000000000934,ORD-2026-000934,CUST-00120,1396900,INR,PAID,2026-07-20T17:01:56
00000000-0000-4000-8000-000000000935,ORD-2026-000935,CUST-00189,425800,INR,PAID,2026-07-23T17:28:23
00000000-0000-4000-8000-000000000936,ORD-2026-000936,CUST-00356,1324000,INR,PAID,2026-06-17T13:26:24
00000000-0000-4000-8000-000000000937,ORD-2026-000937,CUST-00280,216500,INR,PAID,2026-06-15T02:20:22
00000000-0000-4000-8000-000000000938,ORD-2026-000938,CUST-00147,741300,INR,PAID,2026-07-18T23:14:38
00000000-0000-4000-8000-000000000939,ORD-2026-000939,CUST-00190,496800,INR,PAID,2026-07-27T23:36:35
00000000-0000-4000-8000-000000000940,ORD-2026-000940,CUST-00223,618400,INR,PAID,2026-06-19T04:03:54
00000000-0000-4000-8000-000000000941,ORD-2026-000941,CUST-00278,1326500,INR,PAID,2026-06-04T06:40:23
00000000-0000-4000-8000-000000000942,ORD-2026-000942,CUST-00263,429000,INR,PAID,2026-07-06T12:45:11
00000000-0000-4000-8000-000000000943,ORD-2026-000943,CUST-00098,872100,INR,PAID,2026-07-04T17:39:22
00000000-0000-4000-8000-000000000944,ORD-2026-000944,CUST-00208,1059800,INR,PAID,2026-07-22T18:36:25
00000000-0000-4000-8000-000000000945,ORD-2026-000945,CUST-00156,1074900,INR,PAID,2026-07-03T10:24:24
00000000-0000-4000-8000-000000000946,ORD-2026-000946,CUST-00205,83900,INR,PAID,2026-07-25T14:53:36
00000000-0000-4000-8000-000000000947,ORD-2026-000947,CUST-00249,1158200,INR,PAID,2026-08-11T17:59:33
00000000-0000-4000-8000-000000000948,ORD-2026-000948,CUST-00164,1423600,INR,PAID,2026-08-01T04:11:51
00000000-0000-4000-8000-000000000949,ORD-2026-000949,CUST-00173,115000,INR,PAID,2026-06-18T17:46:04
00000000-0000-4000-8000-000000000950,ORD-2026-000950,CUST-00074,1219400,INR,PAID,2026-08-02T21:51:56
00000000-0000-4000-8000-000000000951,ORD-2026-000951,CUST-00134,136700,INR,PAID,2026-07-31T00:06:12
00000000-0000-4000-8000-000000000952,ORD-2026-000952,CUST-00090,972300,INR,PAID,2026-07-21T05:09:12
00000000-0000-4000-8000-000000000953,ORD-2026-000953,CUST-00233,253900,INR,PAID,2026-07-15T18:32:32
00000000-0000-4000-8000-000000000954,ORD-2026-000954,CUST-00037,819400,INR,PAID,2026-08-26T02:20:06
00000000-0000-4000-8000-000000000955,ORD-2026-000955,CUST-00210,551700,INR,PAID,2026-06-09T02:14:12
00000000-0000-4000-8000-000000000956,ORD-2026-000956,CUST-00281,690000,INR,PAID,2026-07-26T06:59:08
00000000-0000-4000-8000-000000000957,ORD-2026-000957,CUST-00350,51600,INR,PAID,2026-06-28T03:44:39
00000000-0000-4000-8000-000000000958,ORD-2026-000958,CUST-00077,1058400,INR,PAID,2026-07-21T00:26:40
00000000-0000-4000-8000-000000000959,ORD-2026-000959,CUST-00118,675300,INR,PAID,2026-07-10T15:14:50
00000000-0000-4000-8000-000000000960,ORD-2026-000960,CUST-00346,135600,INR,PAID,2026-06-17T04:08:38
00000000-0000-4000-8000-000000000961,ORD-2026-000961,CUST-00379,1219100,INR,PAID,2026-07-11T21:10:11
00000000-0000-4000-8000-000000000962,ORD-2026-000962,CUST-00034,966300,INR,PAID,2026-07-26T02:48:44
00000000-0000-4000-8000-000000000963,ORD-2026-000963,CUST-00257,951300,INR,PAID,2026-08-01T13:06:13
00000000-0000-4000-8000-000000000964,ORD-2026-000964,CUST-00180,77100,INR,PAID,2026-06-18T13:49:12
00000000-0000-4000-8000-000000000965,ORD-2026-000965,CUST-00022,362600,INR,PAID,2026-08-02T22:19:27
00000000-0000-4000-8000-000000000966,ORD-2026-000966,CUST-00030,178500,INR,PAID,2026-07-24T06:39:56
00000000-0000-4000-8000-000000000967,ORD-2026-000967,CUST-00123,1040900,INR,PAID,2026-07-06T11:21:53
00000000-0000-4000-8000-000000000968,ORD-2026-000968,CUST-00266,1001500,INR,PAID,2026-06-03T20:22:20
00000000-0000-4000-8000-000000000969,ORD-2026-000969,CUST-00179,256300,INR,PAID,2026-08-10T10:57:08
00000000-0000-4000-8000-000000000970,ORD-2026-000970,CUST-00215,469300,INR,PAID,2026-08-26T13:16:41
00000000-0000-4000-8000-000000000971,ORD-2026-000971,CUST-00260,294000,INR,PAID,2026-06-23T07:20:34
00000000-0000-4000-8000-000000000972,ORD-2026-000972,CUST-00091,130000,INR,PAID,2026-07-30T07:46:55
00000000-0000-4000-8000-000000000973,ORD-2026-000973,CUST-00226,1419800,INR,PAID,2026-08-01T03:59:49
00000000-0000-4000-8000-000000000974,ORD-2026-000974,CUST-00093,529100,INR,PAID,2026-08-09T15:47:41
00000000-0000-4000-8000-000000000975,ORD-2026-000975,CUST-00352,194000,INR,PAID,2026-08-23T19:50:29
00000000-0000-4000-8000-000000000976,ORD-2026-000976,CUST-00027,310200,INR,PAID,2026-06-21T16:09:43
00000000-0000-4000-8000-000000000977,ORD-2026-000977,CUST-00146,1203200,INR,PAID,2026-08-10T02:36:36
00000000-0000-4000-8000-000000000978,ORD-2026-000978,CUST-00354,1382500,INR,PAID,2026-07-31T17:17:45
00000000-0000-4000-8000-000000000979,ORD-2026-000979,CUST-00318,378600,INR,PAID,2026-08-04T13:14:49
00000000-0000-4000-8000-000000000980,ORD-2026-000980,CUST-00239,83100,INR,PAID,2026-08-01T01:24:18
00000000-0000-4000-8000-000000000981,ORD-2026-000981,CUST-00228,912200,INR,PAID,2026-06-12T01:28:38
00000000-0000-4000-8000-000000000982,ORD-2026-000982,CUST-00288,1478500,INR,PAID,2026-08-29T04:46:24
00000000-0000-4000-8000-000000000983,ORD-2026-000983,CUST-00199,1409400,INR,PAID,2026-07-05T09:45:11
00000000-0000-4000-8000-000000000984,ORD-2026-000984,CUST-00134,565900,INR,PAID,2026-06-18T14:39:45
00000000-0000-4000-8000-000000000985,ORD-2026-000985,CUST-00315,905300,INR,PAID,2026-07-28T15:26:01
00000000-0000-4000-8000-000000000986,ORD-2026-000986,CUST-00357,74800,INR,PAID,2026-08-11T00:30:39
00000000-0000-4000-8000-000000000987,ORD-2026-000987,CUST-00169,1347000,INR,PAID,2026-06-18T17:51:16
00000000-0000-4000-8000-000000000988,ORD-2026-000988,CUST-00204,149400,INR,PAID,2026-07-18T07:43:13
00000000-0000-4000-8000-000000000989,ORD-2026-000989,CUST-00018,1258400,INR,PAID,2026-07-11T21:06:33
00000000-0000-4000-8000-000000000990,ORD-2026-000990,CUST-00140,1087100,INR,PAID,2026-07-19T10:57:43
00000000-0000-4000-8000-000000000991,ORD-2026-000991,CUST-00271,281100,INR,PAID,2026-07-30T03:01:08
00000000-0000-4000-8000-000000000992,ORD-2026-000992,CUST-00321,727400,INR,PAID,2026-07-08T20:47:56
00000000-0000-4000-8000-000000000993,ORD-2026-000993,CUST-00076,507000,INR,PAID,2026-07-22T02:07:20
00000000-0000-4000-8000-000000000994,ORD-2026-000994,CUST-00284,1439700,INR,PAID,2026-06-16T22:18:06
00000000-0000-4000-8000-000000000995,ORD-2026-000995,CUST-00382,1469700,INR,PAID,2026-08-12T00:36:07
00000000-0000-4000-8000-000000000996,ORD-2026-000996,CUST-00251,1374100,INR,PAID,2026-08-10T13:38:26
00000000-0000-4000-8000-000000000997,ORD-2026-000997,CUST-00169,1277200,INR,PAID,2026-08-21T03:57:57
00000000-0000-4000-8000-000000000998,ORD-2026-000998,CUST-00116,1400300,INR,PAID,2026-07-23T11:02:37
00000000-0000-4000-8000-000000000999,ORD-2026-000999,CUST-00020,456000,INR,PAID,2026-07-15T08:15:51
