id,order_id,payment_ref,amount_paise,fee_paise,tax_paise,refund_amount_paise,method,status,captured_at
10000000-0000-4000-8000-000000000000,00000000-0000-4000-8000-000000000000,pay_XD9CSS9TOQW9JA,702400,14048,2529,0,UPI,CAPTURED,2026-07-30T20:46:50
10000000-0000-4000-8000-000000000001,00000000-0000-4000-8000-000000000001,pay_YN2JCPP9GKDLKQ,325900,6518,1173,0,WALLET,CAPTURED,2026-07-11T12:20:44
10000000-0000-4000-8000-000000000002,00000000-0000-4000-8000-000000000002,pay_1ZHWY9HECGZ938,212800,4256,766,0,NETBANKING,CAPTURED,2026-07-11T20:27:21
10000000-0000-4000-8000-000000000003,00000000-0000-4000-8000-000000000003,pay_M7B5C81JHUWB6T,1200500,24010,4322,600250,NETBANKING,CAPTURED,2026-06-06T22:44:27
10000000-0000-4000-8000-000000000004,00000000-0000-4000-8000-000000000004,pay_8HMBR5XQT4P501,848000,16960,3053,0,NETBANKING,CAPTURED,2026-08-18T14:19:05
10000000-0000-4000-8000-000000000005,00000000-0000-4000-8000-000000000005,pay_NY9V20YAR821UZ,797900,15958,2872,0,WALLET,CAPTURED,2026-06-18T10:55:00
10000000-0000-4000-8000-000000000006,00000000-0000-4000-8000-000000000006,pay_YRRU7ZKUT6OM1F,1174800,23496,4229,0,UPI,CAPTURED,2026-07-22T10:31:30
10000000-0000-4000-8000-000000000007,00000000-0000-4000-8000-000000000007,pay_7B42G05KBKV7MQ,704500,14090,2536,0,WALLET,CAPTURED,2026-08-25T06:22:55
10000000-0000-4000-8000-000000000008,00000000-0000-4000-8000-000000000008,pay_W7NH8RQ9NZ6123,1150800,23016,4143,0,CARD,CAPTURED,2026-05-31T11:19:42
10000000-0000-4000-8000-000000000009,00000000-0000-4000-8000-000000000009,pay_GEX08N6Q7NC85E,490200,9804,1765,0,NETBANKING,CAPTURED,2026-06-30T01:09:23
10000000-0000-4000-8000-000000000010,00000000-0000-4000-8000-000000000010,pay_VYLKFXHKC856WP,542300,10846,1952,0,WALLET,CAPTURED,2026-07-31T20:58:33
10000000-0000-4000-8000-000000000011,00000000-0000-4000-8000-000000000011,pay_78E9RIVH6T1NTM,45000,900,162,0,NETBANKING,CAPTURED,2026-07-18T11:02:31
10000000-0000-4000-8000-000000000012,00000000-0000-4000-8000-000000000012,pay_201LHLB50ATVZK,783400,15668,2820,0,CARD,CAPTURED,2026-06-25T18:06:30
10000000-0000-4000-8000-000000000013,00000000-0000-4000-8000-000000000013,pay_AZTKSZP7G7SIWJ,693800,13876,2498,0,NETBANKING,CAPTURED,2026-06-22T20:05:14
10000000-0000-4000-8000-000000000014,00000000-0000-4000-8000-000000000014,pay_F337KUU4YTN02Y,359300,7186,1293,0,UPI,CAPTURED,2026-07-20T00:34:29
10000000-0000-4000-8000-000000000015,00000000-0000-4000-8000-000000000015,pay_MDVLNKND669UGN,62900,1258,226,0,CARD,CAPTURED,2026-07-08T03:45:47
10000000-0000-4000-8000-000000000016,00000000-0000-4000-8000-000000000016,pay_H9G1A07H23C42Y,206400,4128,743,0,CARD,CAPTURED,2026-07-10T13:17:44
10000000-0000-4000-8000-000000000017,00000000-0000-4000-8000-000000000017,pay_DO8E7FLQHRRPZL,60100,1202,216,0,NETBANKING,CAPTURED,2026-08-10T12:33:37
10000000-0000-4000-8000-000000000018,00000000-0000-4000-8000-000000000018,pay_EMQGY27VYLIENF,663000,13260,2387,0,WALLET,CAPTURED,2026-07-11T22:15:39
10000000-0000-4000-8000-000000000019,00000000-0000-4000-8000-000000000019,pay_T11PHP0XI5BJ5D,1368700,27374,4927,0,UPI,CAPTURED,2026-07-26T19:46:51
10000000-0000-4000-8000-000000000020,00000000-0000-4000-8000-000000000020,pay_QW5DSK7N8LA100,698500,13970,2515,0,WALLET,CAPTURED,2026-07-26T22:51:49
10000000-0000-4000-8000-000000000021,00000000-0000-4000-8000-000000000021,pay_DDHCVSQAME4YRI,723100,14462,2603,0,UPI,CAPTURED,2026-06-01T08:31:53
10000000-0000-4000-8000-000000000022,00000000-0000-4000-8000-000000000022,pay_OX22INIWC5AMLN,328900,6578,1184,0,WALLET,CAPTURED,2026-06-13T18:33:16
10000000-0000-4000-8000-000000000023,00000000-0000-4000-8000-000000000023,pay_00EZZF8S2ZGE2J,526600,10532,1896,0,UPI,CAPTURED,2026-06-13T02:00:37
10000000-0000-4000-8000-000000000024,00000000-0000-4000-8000-000000000024,pay_98CQK4LTAHUKWQ,1337700,26754,4816,0,WALLET,CAPTURED,2026-08-07T08:07:58
10000000-0000-4000-8000-000000000025,00000000-0000-4000-8000-000000000025,pay_7O3LQI7E1DDQLE,447500,8950,1611,0,NETBANKING,CAPTURED,2026-07-30T10:37:35
10000000-0000-4000-8000-000000000026,00000000-0000-4000-8000-000000000026,pay_PE63LBQGU3OBYG,343800,6876,1238,0,CARD,CAPTURED,2026-08-27T02:21:20
10000000-0000-4000-8000-000000000027,00000000-0000-4000-8000-000000000027,pay_J37C9H42M44GV3,1096100,21922,3946,0,NETBANKING,CAPTURED,2026-08-17T09:01:57
10000000-0000-4000-8000-000000000028,00000000-0000-4000-8000-000000000028,pay_8XG8Y72IVGLYE0,1317200,26344,4742,0,WALLET,CAPTURED,2026-08-09T15:54:49
10000000-0000-4000-8000-000000000029,00000000-0000-4000-8000-000000000029,pay_2BAJDM5FC79M96,759200,15184,2733,0,UPI,CAPTURED,2026-08-01T05:55:33
10000000-0000-4000-8000-000000000030,00000000-0000-4000-8000-000000000030,pay_IJC1YDMT8VT43P,781800,15636,2814,0,WALLET,CAPTURED,2026-07-27T16:00:56
10000000-0000-4000-8000-000000000031,00000000-0000-4000-8000-000000000031,pay_V177UDKTMONRVB,262700,5254,946,131350,NETBANKING,CAPTURED,2026-07-07T05:27:06
10000000-0000-4000-8000-000000000032,00000000-0000-4000-8000-000000000032,pay_5HCBBMHNQO7YIR,304500,6090,1096,0,WALLET,CAPTURED,2026-06-18T01:03:20
10000000-0000-4000-8000-000000000033,00000000-0000-4000-8000-000000000033,pay_M4J3DAB42HHIHX,923200,18464,3324,0,UPI,CAPTURED,2026-06-30T21:22:31
10000000-0000-4000-8000-000000000034,00000000-0000-4000-8000-000000000034,pay_IC43OLFARK6O0U,867400,17348,3123,433700,CARD,CAPTURED,2026-08-05T05:27:42
10000000-0000-4000-8000-000000000035,00000000-0000-4000-8000-000000000035,pay_OU6QLZ2RWGWAJ1,348000,6960,1253,0,CARD,CAPTURED,2026-08-10T05:00:23
10000000-0000-4000-8000-000000000036,00000000-0000-4000-8000-000000000036,pay_0E0VGNXB5JTB9X,394100,7882,1419,0,UPI,CAPTURED,2026-07-09T00:41:48
10000000-0000-4000-8000-000000000037,00000000-0000-4000-8000-000000000037,pay_06XQ9JB354MYPE,142800,2856,514,0,UPI,CAPTURED,2026-08-18T18:37:51
10000000-0000-4000-8000-000000000038,00000000-0000-4000-8000-000000000038,pay_JLZY1UU9YMSZDX,95200,1904,343,0,CARD,CAPTURED,2026-07-08T16:02:57
10000000-0000-4000-8000-000000000039,00000000-0000-4000-8000-000000000039,pay_Y8NBIQUWRXZE1H,358800,7176,1292,0,NETBANKING,CAPTURED,2026-06-25T20:28:38
10000000-0000-4000-8000-000000000040,00000000-0000-4000-8000-000000000040,pay_3DXVL5PVYIOMK2,304400,6088,1096,0,CARD,CAPTURED,2026-06-02T21:04:06
10000000-0000-4000-8000-000000000041,00000000-0000-4000-8000-000000000041,pay_YK1B3D5050UI22,1395100,27902,5022,0,NETBANKING,CAPTURED,2026-07-28T05:20:15
10000000-0000-4000-8000-000000000042,00000000-0000-4000-8000-000000000042,pay_K2TCZS8S2FTOM5,1028500,20570,3703,0,NETBANKING,CAPTURED,2026-08-23T22:46:19
10000000-0000-4000-8000-000000000043,00000000-0000-4000-8000-000000000043,pay_H350P3CYAZBCGJ,1389000,27780,5000,0,UPI,CAPTURED,2026-08-02T15:27:00
10000000-0000-4000-8000-000000000044,00000000-0000-4000-8000-000000000044,pay_FBUOTDH00H64FG,1453100,29062,5231,0,NETBANKING,CAPTURED,2026-08-28T20:09:18
10000000-0000-4000-8000-000000000045,00000000-0000-4000-8000-000000000045,pay_1RDXCK36H0W064,749500,14990,2698,0,UPI,CAPTURED,2026-06-29T16:51:33
10000000-0000-4000-8000-000000000046,00000000-0000-4000-8000-000000000046,pay_5BXD8WJ0UUNNV6,789400,15788,2842,0,UPI,CAPTURED,2026-07-14T14:08:05
10000000-0000-4000-8000-000000000047,00000000-0000-4000-8000-000000000047,pay_AZXKDQ95G3V23G,943300,18866,3396,0,NETBANKING,CAPTURED,2026-07-09T21:49:24
10000000-0000-4000-8000-000000000048,00000000-0000-4000-8000-000000000048,pay_J16DVTJA0ASSNH,717000,14340,2581,0,NETBANKING,CAPTURED,2026-06-17T03:33:41
10000000-0000-4000-8000-000000000049,00000000-0000-4000-8000-000000000049,pay_JNV07OXK8C1GRA,164300,3286,591,0,NETBANKING,CAPTURED,2026-06-14T15:51:12
10000000-0000-4000-8000-000000000050,00000000-0000-4000-8000-000000000050,pay_8U118QQVAECW9Y,1157200,23144,4166,0,CARD,CAPTURED,2026-06-17T09:06:52
10000000-0000-4000-8000-000000000051,00000000-0000-4000-8000-000000000051,pay_5R96KHUB2RTSOY,1491300,29826,5369,0,CARD,CAPTURED,2026-07-20T17:55:47
10000000-0000-4000-8000-000000000052,00000000-0000-4000-8000-000000000052,pay_LRJ4BDFHJ4D0JM,894700,17894,3221,0,NETBANKING,CAPTURED,2026-06-10T18:49:37
10000000-0000-4000-8000-000000000053,00000000-0000-4000-8000-000000000053,pay_4EIJ00HOD7RB1S,294000,5880,1058,0,UPI,CAPTURED,2026-07-03T15:04:26
10000000-0000-4000-8000-000000000054,00000000-0000-4000-8000-000000000054,pay_QA78RAPKIANOUO,583300,11666,2100,0,CARD,CAPTURED,2026-06-24T04:58:08
10000000-0000-4000-8000-000000000055,00000000-0000-4000-8000-000000000055,pay_48C1CQG433E1I1,560900,11218,2019,0,WALLET,CAPTURED,2026-07-01T01:09:27
10000000-0000-4000-8000-000000000056,00000000-0000-4000-8000-000000000056,pay_MFTDRLUXM60AN0,118200,2364,426,0,NETBANKING,CAPTURED,2026-07-17T22:46:06
10000000-0000-4000-8000-000000000057,00000000-0000-4000-8000-000000000057,pay_4E5HRDU4XSZJNV,129100,2582,465,0,UPI,CAPTURED,2026-06-24T23:59:23
10000000-0000-4000-8000-000000000058,00000000-0000-4000-8000-000000000058,pay_PML9LN1P0VUH17,894600,17892,3221,0,NETBANKING,CAPTURED,2026-06-06T05:45:44
10000000-0000-4000-8000-000000000059,00000000-0000-4000-8000-000000000059,pay_B3N27M5P7E1047,1072100,21442,3860,0,WALLET,CAPTURED,2026-08-17T21:40:20
10000000-0000-4000-8000-000000000060,00000000-0000-4000-8000-000000000060,pay_MLVAK9W9PFB3HN,713800,14276,2570,0,UPI,CAPTURED,2026-08-15T15:03:33
10000000-0000-4000-8000-000000000061,00000000-0000-4000-8000-000000000061,pay_SZ6RVDH8UZB7KR,398600,7972,1435,0,CARD,CAPTURED,2026-06-07T14:04:23
10000000-0000-4000-8000-000000000062,00000000-0000-4000-8000-000000000062,pay_XUFCTZG4FBL98K,1281500,25630,4613,0,NETBANKING,CAPTURED,2026-08-12T15:39:34
10000000-0000-4000-8000-000000000063,00000000-0000-4000-8000-000000000063,pay_3ZO7UTXZBDQ55I,1015900,20318,3657,0,WALLET,CAPTURED,2026-07-09T01:31:46
10000000-0000-4000-8000-000000000064,00000000-0000-4000-8000-000000000064,pay_SN2S8NN16UXF5G,614500,12290,2212,0,UPI,CAPTURED,2026-07-03T23:05:23
10000000-0000-4000-8000-000000000065,00000000-0000-4000-8000-000000000065,pay_VYV2GQU7DKNNCP,1121000,22420,4036,0,UPI,CAPTURED,2026-08-07T05:52:36
10000000-0000-4000-8000-000000000066,00000000-0000-4000-8000-000000000066,pay_W6TM2O04K0LTHY,808700,16174,2911,0,NETBANKING,CAPTURED,2026-06-08T04:56:36
10000000-0000-4000-8000-000000000067,00000000-0000-4000-8000-000000000067,pay_BN5ELB45L6D10A,356000,7120,1282,0,NETBANKING,CAPTURED,2026-06-24T04:50:16
10000000-0000-4000-8000-000000000068,00000000-0000-4000-8000-000000000068,pay_1UD2ZDLX1Q8F6J,148500,2970,535,0,NETBANKING,CAPTURED,2026-08-04T19:25:37
10000000-0000-4000-8000-000000000069,00000000-0000-4000-8000-000000000069,pay_VLDQLOVYV3LXCH,207200,4144,746,0,CARD,CAPTURED,2026-06-17T17:43:32
10000000-0000-4000-8000-000000000070,00000000-0000-4000-8000-000000000070,pay_GFT4MPK5EAXF5X,365900,7318,1317,0,CARD,CAPTURED,2026-07-05T19:50:52
10000000-0000-4000-8000-000000000071,00000000-0000-4000-8000-000000000071,pay_TUW6TAQ6ULM9KG,1140600,22812,4106,0,NETBANKING,CAPTURED,2026-06-06T02:50:58
10000000-0000-4000-8000-000000000072,00000000-0000-4000-8000-000000000072,pay_GU4BJ3BQRR87IY,1209300,24186,4353,0,WALLET,CAPTURED,2026-06-06T16:01:51
10000000-0000-4000-8000-000000000073,00000000-0000-4000-8000-000000000073,pay_D7X48WZE4EX6U8,58700,1174,211,0,UPI,CAPTURED,2026-08-05T01:14:44
10000000-0000-4000-8000-000000000074,00000000-0000-4000-8000-000000000074,pay_7XJZ6US7RP422T,1069000,21380,3848,0,UPI,CAPTURED,2026-08-10T23:46:25
10000000-0000-4000-8000-000000000075,00000000-0000-4000-8000-000000000075,pay_C2BE3YQY5FU7BF,80500,1610,290,0,UPI,CAPTURED,2026-07-03T00:36:07
10000000-0000-4000-8000-000000000076,00000000-0000-4000-8000-000000000076,pay_W2MAIETDN1TH1X,1022600,20452,3681,0,NETBANKING,CAPTURED,2026-08-06T18:12:03
10000000-0000-4000-8000-000000000077,00000000-0000-4000-8000-000000000077,pay_7QNEZW9HEYCE4Q,257300,5146,926,0,CARD,CAPTURED,2026-08-23T15:52:34
10000000-0000-4000-8000-000000000078,00000000-0000-4000-8000-000000000078,pay_K1ZWUHYWM7S6NB,889700,17794,3203,0,WALLET,CAPTURED,2026-07-11T12:07:26
10000000-0000-4000-8000-000000000079,00000000-0000-4000-8000-000000000079,pay_6K8DJZR5SWK8TE,151200,3024,544,0,NETBANKING,CAPTURED,2026-07-02T03:10:57
10000000-0000-4000-8000-000000000080,00000000-0000-4000-8000-000000000080,pay_819Y207MERBYEA,1487800,29756,5356,0,CARD,CAPTURED,2026-07-23T17:15:31
10000000-0000-4000-8000-000000000081,00000000-0000-4000-8000-000000000081,pay_VHS21HD4Y89ORV,554600,11092,1997,0,UPI,CAPTURED,2026-07-15T03:22:31
10000000-0000-4000-8000-000000000082,00000000-0000-4000-8000-000000000082,pay_KR3KVR0I2FKXWE,324600,6492,1169,0,NETBANKING,CAPTURED,2026-08-12T07:15:31
10000000-0000-4000-8000-000000000083,00000000-0000-4000-8000-000000000083,pay_2JZNTMFEK2O7FH,1374500,27490,4948,0,CARD,CAPTURED,2026-07-19T11:31:13
10000000-0000-4000-8000-000000000084,00000000-0000-4000-8000-000000000084,pay_Q6BKADEVVHYBF0,991700,19834,3570,0,NETBANKING,CAPTURED,2026-06-06T18:42:01
10000000-0000-4000-8000-000000000085,00000000-0000-4000-8000-000000000085,pay_Q0Y4IO9P4627NA,650300,13006,2341,0,WALLET,CAPTURED,2026-06-27T04:13:09
10000000-0000-4000-8000-000000000086,00000000-0000-4000-8000-000000000086,pay_AGVLKW1XSRQKRS,836000,16720,3010,0,NETBANKING,CAPTURED,2026-08-23T02:29:28
10000000-0000-4000-8000-000000000087,00000000-0000-4000-8000-000000000087,pay_QALULDRYHR3YFK,53300,1066,192,0,WALLET,CAPTURED,2026-07-07T09:42:33
10000000-0000-4000-8000-000000000088,00000000-0000-4000-8000-000000000088,pay_34670CHQI014O4,1065000,21300,3834,0,UPI,CAPTURED,2026-07-01T09:45:39
10000000-0000-4000-8000-000000000089,00000000-0000-4000-8000-000000000089,pay_SEXU1SRDV1L303,955300,19106,3439,0,CARD,CAPTURED,2026-07-30T04:05:01
10000000-0000-4000-8000-000000000090,00000000-0000-4000-8000-000000000090,pay_71K4FPL3X2JC2R,512800,10256,1846,0,WALLET,CAPTURED,2026-07-10T09:18:43
10000000-0000-4000-8000-000000000091,00000000-0000-4000-8000-000000000091,pay_G585I87XW69HZG,699000,13980,2516,0,WALLET,CAPTURED,2026-08-04T03:04:42
10000000-0000-4000-8000-000000000092,00000000-0000-4000-8000-000000000092,pay_Z0JDCLI6978V0B,1188600,23772,4279,0,NETBANKING,CAPTURED,2026-06-03T07:43:52
10000000-0000-4000-8000-000000000093,00000000-0000-4000-8000-000000000093,pay_GQFQE6RP9UQEZF,109300,2186,393,0,NETBANKING,CAPTURED,2026-08-05T05:24:43
10000000-0000-4000-8000-000000000094,00000000-0000-4000-8000-000000000094,pay_2K20TVDJI1OAHN,366200,7324,1318,0,WALLET,CAPTURED,2026-06-18T04:42:40
10000000-0000-4000-8000-000000000095,00000000-0000-4000-8000-000000000095,pay_SKBCBDPDXUJJCS,1398600,27972,5035,1398600,UPI,REFUNDED,2026-08-13T10:56:39
10000000-0000-4000-8000-000000000096,00000000-0000-4000-8000-000000000096,pay_3ZGARFI44TD1FP,332500,6650,1197,0,UPI,CAPTURED,2026-08-12T00:30:24
10000000-0000-4000-8000-000000000097,00000000-0000-4000-8000-000000000097,pay_AKGMIH6MV4XEKZ,1162700,23254,4186,0,WALLET,CAPTURED,2026-07-16T16:19:49
10000000-0000-4000-8000-000000000098,00000000-0000-4000-8000-000000000098,pay_DB828192V4DUSG,1009900,20198,3636,0,UPI,CAPTURED,2026-06-02T18:46:20
10000000-0000-4000-8000-000000000099,00000000-0000-4000-8000-000000000099,pay_MO1POB7FU99259,133900,2678,482,0,WALLET,CAPTURED,2026-08-28T18:50:22
10000000-0000-4000-8000-000000000100,00000000-0000-4000-8000-000000000100,pay_CNWMBXEK0Q929U,200800,4016,723,0,CARD,CAPTURED,2026-07-06T18:23:59
10000000-0000-4000-8000-000000000101,00000000-0000-4000-8000-000000000101,pay_EHR07N8VOEUBFN,1434200,28684,5163,0,NETBANKING,CAPTURED,2026-05-31T18:41:14
10000000-0000-4000-8000-000000000102,00000000-0000-4000-8000-000000000102,pay_ZU2ZUEUGWUBUGR,164900,3298,594,82450,UPI,CAPTURED,2026-07-25T23:31:05
10000000-0000-4000-8000-000000000103,00000000-0000-4000-8000-000000000103,pay_1VR1NECQOROI5J,351700,7034,1266,175850,UPI,CAPTURED,2026-08-14T01:53:27
10000000-0000-4000-8000-000000000104,00000000-0000-4000-8000-000000000104,pay_8LYMJ1QI9MQVAY,1020000,20400,3672,0,UPI,CAPTURED,2026-07-05T07:40:56
10000000-0000-4000-8000-000000000105,00000000-0000-4000-8000-000000000105,pay_6ZHH3O5URTXUYU,479800,9596,1727,0,UPI,CAPTURED,2026-07-14T01:20:41
10000000-0000-4000-8000-000000000106,00000000-0000-4000-8000-000000000106,pay_HLCWBPA274IR83,141800,2836,510,70900,NETBANKING,CAPTURED,2026-08-01T15:26:07
10000000-0000-4000-8000-000000000107,00000000-0000-4000-8000-000000000107,pay_AZV46ESMRWGEBE,196800,3936,708,0,WALLET,CAPTURED,2026-06-15T07:00:45
10000000-0000-4000-8000-000000000108,00000000-0000-4000-8000-000000000108,pay_I08L0HG9NCBEKG,1042100,20842,3752,0,NETBANKING,CAPTURED,2026-07-31T16:59:11
10000000-0000-4000-8000-000000000109,00000000-0000-4000-8000-000000000109,pay_KFIWKESVR022WG,1419800,28396,5111,0,WALLET,CAPTURED,2026-06-15T06:53:30
10000000-0000-4000-8000-000000000110,00000000-0000-4000-8000-000000000110,pay_IXMC4SX27DCBHH,314100,6282,1131,0,NETBANKING,CAPTURED,2026-07-12T00:54:08
10000000-0000-4000-8000-000000000111,00000000-0000-4000-8000-000000000111,pay_VE4ZTJ1KM9831A,332200,6644,1196,0,CARD,CAPTURED,2026-07-22T10:00:02
10000000-0000-4000-8000-000000000112,00000000-0000-4000-8000-000000000112,pay_6UON8CNRL8XKGY,1329200,26584,4785,0,CARD,CAPTURED,2026-06-18T22:55:56
10000000-0000-4000-8000-000000000113,00000000-0000-4000-8000-000000000113,pay_5QU0K5QZZKW3GI,558700,11174,2011,0,WALLET,CAPTURED,2026-07-29T19:09:00
10000000-0000-4000-8000-000000000114,00000000-0000-4000-8000-000000000114,pay_CTI8F34GADKTOC,814100,16282,2931,0,UPI,CAPTURED,2026-06-05T16:54:31
10000000-0000-4000-8000-000000000115,00000000-0000-4000-8000-000000000115,pay_HT7EHMGOLOQC3X,330400,6608,1189,0,NETBANKING,CAPTURED,2026-06-19T22:49:16
10000000-0000-4000-8000-000000000116,00000000-0000-4000-8000-000000000116,pay_1R9Z27UJDLWN71,693400,13868,2496,0,CARD,CAPTURED,2026-08-21T07:57:38
10000000-0000-4000-8000-000000000117,00000000-0000-4000-8000-000000000117,pay_I0MHB792ZI5SGW,1249600,24992,4499,0,UPI,CAPTURED,2026-06-08T10:30:36
10000000-0000-4000-8000-000000000118,00000000-0000-4000-8000-000000000118,pay_TGNLKURLZH6A50,900000,18000,3240,0,NETBANKING,CAPTURED,2026-07-22T21:40:27
10000000-0000-4000-8000-000000000119,00000000-0000-4000-8000-000000000119,pay_1X7OV6SGP3JK8X,40100,802,144,0,WALLET,CAPTURED,2026-06-06T05:52:57
10000000-0000-4000-8000-000000000120,00000000-0000-4000-8000-000000000120,pay_FKNJMVRYDC1AU9,1442600,28852,5193,0,UPI,CAPTURED,2026-06-11T03:58:39
10000000-0000-4000-8000-000000000121,00000000-0000-4000-8000-000000000121,pay_580YIR02M77RXZ,1058200,21164,3810,0,UPI,CAPTURED,2026-07-19T00:36:43
10000000-0000-4000-8000-000000000122,00000000-0000-4000-8000-000000000122,pay_71VXNZ0NXU43IE,1448400,28968,5214,0,UPI,CAPTURED,2026-06-02T12:07:04
10000000-0000-4000-8000-000000000123,00000000-0000-4000-8000-000000000123,pay_UWHK8C3FZ47I07,467900,9358,1684,0,CARD,CAPTURED,2026-06-02T04:30:10
10000000-0000-4000-8000-000000000124,00000000-0000-4000-8000-000000000124,pay_47D9GB9XV8WOBI,719600,14392,2591,0,WALLET,CAPTURED,2026-08-11T13:42:45
10000000-0000-4000-8000-000000000125,00000000-0000-4000-8000-000000000125,pay_SVZ2E186GVGT2E,820300,16406,2953,0,CARD,CAPTURED,2026-06-22T19:18:18
10000000-0000-4000-8000-000000000126,00000000-0000-4000-8000-000000000126,pay_6OCJPZTC09ZGNX,645400,12908,2323,0,CARD,CAPTURED,2026-07-28T09:29:41
10000000-0000-4000-8000-000000000127,00000000-0000-4000-8000-000000000127,pay_N8IJTYOLD62F2J,1310600,26212,4718,0,UPI,CAPTURED,2026-08-10T11:31:18
10000000-0000-4000-8000-000000000128,00000000-0000-4000-8000-000000000128,pay_QPMQK8SZ7IWDL1,705100,14102,2538,352550,UPI,CAPTURED,2026-07-29T22:10:04
10000000-0000-4000-8000-000000000129,00000000-0000-4000-8000-000000000129,pay_RG8MY344KRJAWO,103300,2066,372,0,NETBANKING,CAPTURED,2026-06-25T12:52:16
10000000-0000-4000-8000-000000000130,00000000-0000-4000-8000-000000000130,pay_KEPLBX889ERRYE,201200,4024,724,0,WALLET,CAPTURED,2026-05-31T07:13:50
10000000-0000-4000-8000-000000000131,00000000-0000-4000-8000-000000000131,pay_97PWDBOLWIMRSX,82700,1654,298,0,NETBANKING,CAPTURED,2026-08-13T14:36:40
10000000-0000-4000-8000-000000000132,00000000-0000-4000-8000-000000000132,pay_7WKR1TFEPZ614U,181500,3630,653,0,NETBANKING,CAPTURED,2026-05-31T16:14:16
10000000-0000-4000-8000-000000000133,00000000-0000-4000-8000-000000000133,pay_9WAM0KJAX57U0Y,503000,10060,1811,0,NETBANKING,CAPTURED,2026-07-08T22:16:16
10000000-0000-4000-8000-000000000134,00000000-0000-4000-8000-000000000134,pay_31XBIDFWA88D0M,53800,1076,194,0,UPI,CAPTURED,2026-07-12T13:58:57
10000000-0000-4000-8000-000000000135,00000000-0000-4000-8000-000000000135,pay_TVYFYK3MD6X73Z,311600,6232,1122,0,UPI,CAPTURED,2026-06-13T05:30:31
10000000-0000-4000-8000-000000000136,00000000-0000-4000-8000-000000000136,pay_A9AU87CM453KF4,405200,8104,1459,0,WALLET,CAPTURED,2026-06-01T03:10:44
10000000-0000-4000-8000-000000000137,00000000-0000-4000-8000-000000000137,pay_Y5T37SZPF9S9EH,1384100,27682,4983,0,UPI,CAPTURED,2026-08-28T14:26:03
10000000-0000-4000-8000-000000000138,00000000-0000-4000-8000-000000000138,pay_H109ZDO0D3FVNV,672200,13444,2420,0,UPI,CAPTURED,2026-07-15T10:17:05
10000000-0000-4000-8000-000000000139,00000000-0000-4000-8000-000000000139,pay_FKNDG1JRJ5XFEU,297900,5958,1072,0,UPI,CAPTURED,2026-07-02T11:25:31
10000000-0000-4000-8000-000000000140,00000000-0000-4000-8000-000000000140,pay_7EN48NYSJ5YWX0,690000,13800,2484,0,CARD,CAPTURED,2026-07-24T14:36:14
10000000-0000-4000-8000-000000000141,00000000-0000-4000-8000-000000000141,pay_RYFZMYOA2VCYWL,706500,14130,2543,353250,NETBANKING,CAPTURED,2026-08-04T12:43:01
10000000-0000-4000-8000-000000000142,00000000-0000-4000-8000-000000000142,pay_QNTFPKXYWZ76DD,205600,4112,740,102800,UPI,CAPTURED,2026-06-24T12:13:40
10000000-0000-4000-8000-000000000143,00000000-0000-4000-8000-000000000143,pay_VM89I9GX32UEW9,1363400,27268,4908,0,CARD,CAPTURED,2026-07-13T18:53:54
10000000-0000-4000-8000-000000000144,00000000-0000-4000-8000-000000000144,pay_WWUDQVDK6DRN4O,155800,3116,561,0,WALLET,CAPTURED,2026-08-23T10:01:06
10000000-0000-4000-8000-000000000145,00000000-0000-4000-8000-000000000145,pay_TK0RSOGGY5KOV1,590900,11818,2127,0,NETBANKING,CAPTURED,2026-08-04T03:21:00
10000000-0000-4000-8000-000000000146,00000000-0000-4000-8000-000000000146,pay_UNVSDKV54C6P1L,1492400,29848,5373,0,NETBANKING,CAPTURED,2026-06-18T11:42:34
10000000-0000-4000-8000-000000000147,00000000-0000-4000-8000-000000000147,pay_BBADLYPGG6N697,1032300,20646,3716,0,UPI,CAPTURED,2026-08-14T13:36:57
10000000-0000-4000-8000-000000000148,00000000-0000-4000-8000-000000000148,pay_DHVS41LQFS6HN9,327700,6554,1180,0,CARD,CAPTURED,2026-07-01T14:01:35
10000000-0000-4000-8000-000000000149,00000000-0000-4000-8000-000000000149,pay_6UITJ5ZOOH3YRG,208600,4172,751,0,CARD,CAPTURED,2026-08-15T07:59:52
10000000-0000-4000-8000-000000000150,00000000-0000-4000-8000-000000000150,pay_MRMTXJQ3KMSX54,518900,10378,1868,0,WALLET,CAPTURED,2026-08-17T03:38:30
10000000-0000-4000-8000-000000000151,00000000-0000-4000-8000-000000000151,pay_RYQF8WXKK2ABKV,200400,4008,721,200400,UPI,REFUNDED,2026-07-16T10:30:18
10000000-0000-4000-8000-000000000152,00000000-0000-4000-8000-000000000152,pay_QG24DSYSYMMQ8Q,948300,18966,3414,0,UPI,CAPTURED,2026-08-19T10:49:57
10000000-0000-4000-8000-000000000153,00000000-0000-4000-8000-000000000153,pay_3WHCF5SIDASO7K,1198100,23962,4313,0,WALLET,CAPTURED,2026-06-10T11:19:15
10000000-0000-4000-8000-000000000154,00000000-0000-4000-8000-000000000154,pay_9M4SMZOCXMZMZ2,473500,9470,1705,0,NETBANKING,CAPTURED,2026-07-01T16:41:42
10000000-0000-4000-8000-000000000155,00000000-0000-4000-8000-000000000155,pay_NWBGDQEWUHRYI0,743300,14866,2676,0,WALLET,CAPTURED,2026-08-25T02:39:39
10000000-0000-4000-8000-000000000156,00000000-0000-4000-8000-000000000156,pay_8CU47SOCZDQ7JB,131200,2624,472,0,NETBANKING,CAPTURED,2026-07-11T13:02:05
10000000-0000-4000-8000-000000000157,00000000-0000-4000-8000-000000000157,pay_B1ZPPEP69NGPCI,925100,18502,3330,0,UPI,CAPTURED,2026-07-12T00:39:39
10000000-0000-4000-8000-000000000158,00000000-0000-4000-8000-000000000158,pay_RC64SKTE02BIP1,1175700,23514,4233,0,UPI,CAPTURED,2026-07-16T14:57:29
10000000-0000-4000-8000-000000000159,00000000-0000-4000-8000-000000000159,pay_QUUSFN07EA28DI,1426400,28528,5135,0,NETBANKING,CAPTURED,2026-06-04T10:28:03
10000000-0000-4000-8000-000000000160,00000000-0000-4000-8000-000000000160,pay_UBZCZJJY4MZVMC,1429800,28596,5147,0,WALLET,CAPTURED,2026-06-03T18:27:00
10000000-0000-4000-8000-000000000161,00000000-0000-4000-8000-000000000161,pay_W0TE52VXSLHU6L,844800,16896,3041,0,NETBANKING,CAPTURED,2026-08-01T20:35:16
10000000-0000-4000-8000-000000000162,00000000-0000-4000-8000-000000000162,pay_4AGCSTNPEZIKM3,1444400,28888,5200,0,NETBANKING,CAPTURED,2026-08-17T04:36:26
10000000-0000-4000-8000-000000000163,00000000-0000-4000-8000-000000000163,pay_UWDKEJP5K7917X,870400,17408,3133,0,CARD,CAPTURED,2026-08-03T15:40:35
10000000-0000-4000-8000-000000000164,00000000-0000-4000-8000-000000000164,pay_P72L4X5BWAEN7Y,1481700,29634,5334,0,NETBANKING,CAPTURED,2026-08-20T11:27:58
10000000-0000-4000-8000-000000000165,00000000-0000-4000-8000-000000000165,pay_8XMOE545VYBJH4,308500,6170,1111,0,WALLET,CAPTURED,2026-07-06T04:13:02
10000000-0000-4000-8000-000000000166,00000000-0000-4000-8000-000000000166,pay_OTIA41SS2BKAWY,632400,12648,2277,0,UPI,CAPTURED,2026-07-23T05:52:44
10000000-0000-4000-8000-000000000167,00000000-0000-4000-8000-000000000167,pay_TDI9OINUXL39DG,630500,12610,2270,0,WALLET,CAPTURED,2026-06-27T14:20:14
10000000-0000-4000-8000-000000000168,00000000-0000-4000-8000-000000000168,pay_WR0UI1JLMFLUOA,251400,5028,905,0,CARD,CAPTURED,2026-07-29T03:03:40
10000000-0000-4000-8000-000000000169,00000000-0000-4000-8000-000000000169,pay_HWZSJQ77Z4ES3A,877100,17542,3158,0,WALLET,CAPTURED,2026-08-11T10:34:02
10000000-0000-4000-8000-000000000170,00000000-0000-4000-8000-000000000170,pay_5YRG29D2FF5L6B,474100,9482,1707,0,WALLET,CAPTURED,2026-06-15T22:01:23
10000000-0000-4000-8000-000000000171,00000000-0000-4000-8000-000000000171,pay_13BB6F05EP4CWC,1248500,24970,4495,0,UPI,CAPTURED,2026-08-07T17:14:43
10000000-0000-4000-8000-000000000172,00000000-0000-4000-8000-000000000172,pay_0GV812HNC0I4X6,168200,3364,606,0,CARD,CAPTURED,2026-08-18T04:14:22
10000000-0000-4000-8000-000000000173,00000000-0000-4000-8000-000000000173,pay_J7SWRQLUX6LDM6,377400,7548,1359,0,CARD,CAPTURED,2026-08-03T09:24:18
10000000-0000-4000-8000-000000000174,00000000-0000-4000-8000-000000000174,pay_2BD2FMOQXHGLG4,1106800,22136,3984,0,WALLET,CAPTURED,2026-08-12T04:43:48
10000000-0000-4000-8000-000000000175,00000000-0000-4000-8000-000000000175,pay_RBKDNGFLYRJ8GO,396800,7936,1428,0,UPI,CAPTURED,2026-08-20T23:30:32
10000000-0000-4000-8000-000000000176,00000000-0000-4000-8000-000000000176,pay_KERN6YJMK3TGMA,99400,1988,358,0,NETBANKING,CAPTURED,2026-07-02T15:50:11
10000000-0000-4000-8000-000000000177,00000000-0000-4000-8000-000000000177,pay_U9WT2YBUH7JYGS,210600,4212,758,0,UPI,CAPTURED,2026-08-19T15:47:11
10000000-0000-4000-8000-000000000178,00000000-0000-4000-8000-000000000178,pay_C0TK1QQFVWUO11,939500,18790,3382,0,NETBANKING,CAPTURED,2026-06-10T17:43:09
10000000-0000-4000-8000-000000000179,00000000-0000-4000-8000-000000000179,pay_YDUPPGBIVSCUOA,1095000,21900,3942,0,CARD,CAPTURED,2026-07-18T16:53:46
10000000-0000-4000-8000-000000000180,00000000-0000-4000-8000-000000000180,pay_85TZV9ZP3C330B,135100,2702,486,0,WALLET,CAPTURED,2026-06-30T14:02:07
10000000-0000-4000-8000-000000000181,00000000-0000-4000-8000-000000000181,pay_RPK0ZFKNWBHKVJ,1058400,21168,3810,0,WALLET,CAPTURED,2026-08-09T20:40:17
10000000-0000-4000-8000-000000000182,00000000-0000-4000-8000-000000000182,pay_TC2QSI2G74IZG9,1406900,28138,5065,0,NETBANKING,CAPTURED,2026-06-20T19:28:29
10000000-0000-4000-8000-000000000183,00000000-0000-4000-8000-000000000183,pay_8K5IJULP98RL9Q,862300,17246,3104,0,CARD,CAPTURED,2026-06-26T17:35:50
10000000-0000-4000-8000-000000000184,00000000-0000-4000-8000-000000000184,pay_POP1O8M291AZHZ,756700,15134,2724,0,NETBANKING,CAPTURED,2026-07-15T11:29:20
10000000-0000-4000-8000-000000000185,00000000-0000-4000-8000-000000000185,pay_UPLTXU3YF15Z08,960400,19208,3457,0,NETBANKING,CAPTURED,2026-06-15T10:53:20
10000000-0000-4000-8000-000000000186,00000000-0000-4000-8000-000000000186,pay_11PJQ50XCXMSY3,1085100,21702,3906,0,WALLET,CAPTURED,2026-07-01T22:13:07
10000000-0000-4000-8000-000000000187,00000000-0000-4000-8000-000000000187,pay_E8A54HBPH1VE8S,1457800,29156,5248,0,UPI,CAPTURED,2026-08-26T05:00:03
10000000-0000-4000-8000-000000000188,00000000-0000-4000-8000-000000000188,pay_5XNOFG7803G5DF,1334500,26690,4804,0,WALLET,CAPTURED,2026-08-22T21:42:32
10000000-0000-4000-8000-000000000189,00000000-0000-4000-8000-000000000189,pay_02W29AW4IOAR4G,1226400,24528,4415,0,WALLET,CAPTURED,2026-08-11T21:05:53
10000000-0000-4000-8000-000000000190,00000000-0000-4000-8000-000000000190,pay_HA0MVF4S2NI8TN,252000,5040,907,0,UPI,CAPTURED,2026-06-25T07:06:05
10000000-0000-4000-8000-000000000191,00000000-0000-4000-8000-000000000191,pay_C8J6E07FPY1AEL,1386800,27736,4992,0,UPI,CAPTURED,2026-08-05T09:03:25
10000000-0000-4000-8000-000000000192,00000000-0000-4000-8000-000000000192,pay_LYJMAZRVHPJ93R,1068900,21378,3848,0,WALLET,CAPTURED,2026-07-25T09:10:06
10000000-0000-4000-8000-000000000193,00000000-0000-4000-8000-000000000193,pay_J2LZW1FU5X012G,597200,11944,2150,0,WALLET,CAPTURED,2026-06-03T12:32:03
10000000-0000-4000-8000-000000000194,00000000-0000-4000-8000-000000000194,pay_7D835KUC9PBTYJ,669900,13398,2412,0,WALLET,CAPTURED,2026-06-22T12:53:01
10000000-0000-4000-8000-000000000195,00000000-0000-4000-8000-000000000195,pay_TD3IMZ93IJ4QPV,1180400,23608,4249,0,UPI,CAPTURED,2026-08-17T18:28:38
10000000-0000-4000-8000-000000000196,00000000-0000-4000-8000-000000000196,pay_0IV1GGXRED8U8N,1216500,24330,4379,0,WALLET,CAPTURED,2026-06-23T15:03:58
10000000-0000-4000-8000-000000000197,00000000-0000-4000-8000-000000000197,pay_GP41S3QW752E77,632900,12658,2278,0,UPI,CAPTURED,2026-08-10T21:50:18
10000000-0000-4000-8000-000000000198,00000000-0000-4000-8000-000000000198,pay_QH7PPCADUVL911,544700,10894,1961,0,UPI,CAPTURED,2026-08-04T10:17:32
10000000-0000-4000-8000-000000000199,00000000-0000-4000-8000-000000000199,pay_N4BFIY5PU5WH50,658700,13174,2371,0,NETBANKING,CAPTURED,2026-07-18T06:27:01
10000000-0000-4000-8000-000000000200,00000000-0000-4000-8000-000000000200,pay_I3G13IWPFVB71G,199000,3980,716,0,CARD,CAPTURED,2026-06-30T17:26:23
10000000-0000-4000-8000-000000000201,00000000-0000-4000-8000-000000000201,pay_K08NJF0PKBO549,386600,7732,1392,0,CARD,CAPTURED,2026-06-22T13:07:10
10000000-0000-4000-8000-000000000202,00000000-0000-4000-8000-000000000202,pay_YNYJ0UFO2HOQ5E,745600,14912,2684,0,WALLET,CAPTURED,2026-07-05T06:34:05
10000000-0000-4000-8000-000000000203,00000000-0000-4000-8000-000000000203,pay_6DB5RR1V9NPUQA,1107500,22150,3987,0,WALLET,CAPTURED,2026-07-29T04:08:00
10000000-0000-4000-8000-000000000204,00000000-0000-4000-8000-000000000204,pay_B57AUKHQNZJNNS,565300,11306,2035,0,WALLET,CAPTURED,2026-06-06T02:55:31
10000000-0000-4000-8000-000000000205,00000000-0000-4000-8000-000000000205,pay_8A2IBCLTRH9VGK,170100,3402,612,0,UPI,CAPTURED,2026-08-19T06:45:38
10000000-0000-4000-8000-000000000206,00000000-0000-4000-8000-000000000206,pay_6NYYCJ4Q0RR1L9,983500,19670,3541,0,CARD,CAPTURED,2026-08-18T11:35:41
10000000-0000-4000-8000-000000000207,00000000-0000-4000-8000-000000000207,pay_RXMD8ZVFSRHR8W,732700,14654,2638,0,NETBANKING,CAPTURED,2026-06-27T15:45:56
10000000-0000-4000-8000-000000000208,00000000-0000-4000-8000-000000000208,pay_WCRV68JQ12JF4C,1249000,24980,4496,0,CARD,CAPTURED,2026-08-17T13:59:18
10000000-0000-4000-8000-000000000209,00000000-0000-4000-8000-000000000209,pay_HVKVLABLRF3NAP,766900,15338,2761,0,NETBANKING,CAPTURED,2026-08-16T09:57:48
10000000-0000-4000-8000-000000000210,00000000-0000-4000-8000-000000000210,pay_IBHIF5SL1YA1RY,1400800,28016,5043,0,WALLET,CAPTURED,2026-08-23T23:24:44
10000000-0000-4000-8000-000000000211,00000000-0000-4000-8000-000000000211,pay_3MBWU5JSLHGMRZ,1472500,29450,5301,0,NETBANKING,CAPTURED,2026-07-22T07:48:29
10000000-0000-4000-8000-000000000212,00000000-0000-4000-8000-000000000212,pay_GE0Q5ZJAUCYHON,1462100,29242,5264,0,UPI,CAPTURED,2026-06-03T01:06:36
10000000-0000-4000-8000-000000000213,00000000-0000-4000-8000-000000000213,pay_N91FY6YO8DJE7X,970500,19410,3494,0,WALLET,CAPTURED,2026-07-08T06:20:26
10000000-0000-4000-8000-000000000214,00000000-0000-4000-8000-000000000214,pay_XFY1Z682R6ZL1K,389800,7796,1403,0,CARD,CAPTURED,2026-06-02T03:52:47
10000000-0000-4000-8000-000000000215,00000000-0000-4000-8000-000000000215,pay_6RTC0Z7Q0I9BL1,818500,16370,2947,0,WALLET,CAPTURED,2026-07-12T01:24:35
10000000-0000-4000-8000-000000000216,00000000-0000-4000-8000-000000000216,pay_YVYBSCGJU2T0JE,175400,3508,631,0,WALLET,CAPTURED,2026-06-12T14:57:05
10000000-0000-4000-8000-000000000217,00000000-0000-4000-8000-000000000217,pay_UPCJ8MO765EFUX,476800,9536,1716,0,WALLET,CAPTURED,2026-06-30T01:13:37
10000000-0000-4000-8000-000000000218,00000000-0000-4000-8000-000000000218,pay_I14NIJCP52AY7O,947400,18948,3411,0,CARD,CAPTURED,2026-06-25T02:38:58
10000000-0000-4000-8000-000000000219,00000000-0000-4000-8000-000000000219,pay_WJJJKSL66UML3S,866900,17338,3121,0,WALLET,CAPTURED,2026-07-17T19:23:56
10000000-0000-4000-8000-000000000220,00000000-0000-4000-8000-000000000220,pay_VJUHBP9VRNEGN2,764900,15298,2754,0,UPI,CAPTURED,2026-07-28T18:01:29
10000000-0000-4000-8000-000000000221,00000000-0000-4000-8000-000000000221,pay_V67KAYP44QI4OP,416400,8328,1499,0,CARD,CAPTURED,2026-07-08T08:03:07
10000000-0000-4000-8000-000000000222,00000000-0000-4000-8000-000000000222,pay_06DJIN9RG4XV34,824200,16484,2967,0,WALLET,CAPTURED,2026-07-12T00:44:58
10000000-0000-4000-8000-000000000223,00000000-0000-4000-8000-000000000223,pay_0F7IA41SASCEBF,1266400,25328,4559,0,CARD,CAPTURED,2026-07-01T20:09:08
10000000-0000-4000-8000-000000000224,00000000-0000-4000-8000-000000000224,pay_NLHAPWF520XKIA,635800,12716,2289,0,CARD,CAPTURED,2026-07-08T13:56:13
10000000-0000-4000-8000-000000000225,00000000-0000-4000-8000-000000000225,pay_NOBK8HUP3FTJ6A,172500,3450,621,0,UPI,CAPTURED,2026-08-11T07:08:59
10000000-0000-4000-8000-000000000226,00000000-0000-4000-8000-000000000226,pay_T4H8QFDTN0PLCF,194300,3886,699,0,WALLET,CAPTURED,2026-07-22T09:23:19
10000000-0000-4000-8000-000000000227,00000000-0000-4000-8000-000000000227,pay_Y7ZXDFLD9CBA72,1402000,28040,5047,0,WALLET,CAPTURED,2026-08-12T10:37:04
10000000-0000-4000-8000-000000000228,00000000-0000-4000-8000-000000000228,pay_C1YUZPEX7TV7HR,264500,5290,952,0,UPI,CAPTURED,2026-07-03T04:35:41
10000000-0000-4000-8000-000000000229,00000000-0000-4000-8000-000000000229,pay_18HFY40JOTV7H1,191200,3824,688,0,UPI,CAPTURED,2026-07-17T00:06:13
10000000-0000-4000-8000-000000000230,00000000-0000-4000-8000-000000000230,pay_2XLVB9HXKEI9UL,1442900,28858,5194,0,CARD,CAPTURED,2026-08-27T18:16:06
10000000-0000-4000-8000-000000000231,00000000-0000-4000-8000-000000000231,pay_MDG3TJA622DCFF,1306800,26136,4704,1306800,CARD,REFUNDED,2026-06-12T10:08:13
10000000-0000-4000-8000-000000000232,00000000-0000-4000-8000-000000000232,pay_MWB4LL3K4BK8EJ,1209200,24184,4353,0,WALLET,CAPTURED,2026-06-20T20:05:04
10000000-0000-4000-8000-000000000233,00000000-0000-4000-8000-000000000233,pay_DL0ED8A6B3ODF7,1458300,29166,5250,0,CARD,CAPTURED,2026-08-24T11:21:23
10000000-0000-4000-8000-000000000234,00000000-0000-4000-8000-000000000234,pay_YU3U8IZIIBCO8J,1243400,24868,4476,0,UPI,CAPTURED,2026-06-15T06:57:55
10000000-0000-4000-8000-000000000235,00000000-0000-4000-8000-000000000235,pay_R1CQKIH548JRPE,1279900,25598,4608,0,CARD,CAPTURED,2026-08-07T15:31:17
10000000-0000-4000-8000-000000000236,00000000-0000-4000-8000-000000000236,pay_VWY8UMNW6L4M1T,1160200,23204,4177,0,WALLET,CAPTURED,2026-07-06T09:08:49
10000000-0000-4000-8000-000000000237,00000000-0000-4000-8000-000000000237,pay_3HOLDU7JPMMQZA,1399500,27990,5038,0,UPI,CAPTURED,2026-06-01T00:14:14
10000000-0000-4000-8000-000000000238,00000000-0000-4000-8000-000000000238,pay_6795F9TU8PV2KJ,1495900,29918,5385,0,CARD,CAPTURED,2026-06-19T19:20:11
10000000-0000-4000-8000-000000000239,00000000-0000-4000-8000-000000000239,pay_ZDFPPWC1QY9MBA,248800,4976,896,0,UPI,CAPTURED,2026-06-28T07:28:54
10000000-0000-4000-8000-000000000240,00000000-0000-4000-8000-000000000240,pay_LQSQBBX5NWD0JF,1311400,26228,4721,0,WALLET,CAPTURED,2026-06-26T22:38:20
10000000-0000-4000-8000-000000000241,00000000-0000-4000-8000-000000000241,pay_G8R7SN1TCJFCZW,1423900,28478,5126,0,NETBANKING,CAPTURED,2026-06-10T09:25:27
10000000-0000-4000-8000-000000000242,00000000-0000-4000-8000-000000000242,pay_H1M3JLZOHFDDVS,355100,7102,1278,0,UPI,CAPTURED,2026-07-23T08:42:00
10000000-0000-4000-8000-000000000243,00000000-0000-4000-8000-000000000243,pay_JK9E0OAWHN2ECL,1171400,23428,4217,0,UPI,CAPTURED,2026-06-30T23:11:37
10000000-0000-4000-8000-000000000244,00000000-0000-4000-8000-000000000244,pay_EE2ABG9SHO5D5A,1156400,23128,4163,0,CARD,CAPTURED,2026-08-24T18:54:52
10000000-0000-4000-8000-000000000245,00000000-0000-4000-8000-000000000245,pay_BYQYVBNUZ2KGA9,1205800,24116,4341,0,NETBANKING,CAPTURED,2026-07-13T22:22:43
10000000-0000-4000-8000-000000000246,00000000-0000-4000-8000-000000000246,pay_8BWAUFXQP6XGHU,943800,18876,3398,0,CARD,CAPTURED,2026-07-05T14:43:17
10000000-0000-4000-8000-000000000247,00000000-0000-4000-8000-000000000247,pay_513LM7E41OFV14,1120900,22418,4035,0,NETBANKING,CAPTURED,2026-07-06T03:34:59
10000000-0000-4000-8000-000000000248,00000000-0000-4000-8000-000000000248,pay_BNWJ6PVOC7501O,1047100,20942,3770,0,CARD,CAPTURED,2026-06-08T14:58:28
10000000-0000-4000-8000-000000000249,00000000-0000-4000-8000-000000000249,pay_HP39LQT9NGQ6TL,642200,12844,2312,0,UPI,CAPTURED,2026-08-09T00:01:24
10000000-0000-4000-8000-000000000250,00000000-0000-4000-8000-000000000250,pay_15I3IEST9OMUQ0,737400,14748,2655,0,WALLET,CAPTURED,2026-06-03T22:05:20
10000000-0000-4000-8000-000000000251,00000000-0000-4000-8000-000000000251,pay_U818UTYIWT258E,247200,4944,890,0,UPI,CAPTURED,2026-08-20T20:47:00
10000000-0000-4000-8000-000000000252,00000000-0000-4000-8000-000000000252,pay_RTNFW6SZF4LUR0,1107200,22144,3986,0,NETBANKING,CAPTURED,2026-08-21T22:51:51
10000000-0000-4000-8000-000000000253,00000000-0000-4000-8000-000000000253,pay_7MFCYLTM9R6MGU,914700,18294,3293,0,WALLET,CAPTURED,2026-08-01T07:05:21
10000000-0000-4000-8000-000000000254,00000000-0000-4000-8000-000000000254,pay_HLLQLLD0N53R4S,160800,3216,579,0,CARD,CAPTURED,2026-07-26T01:22:46
10000000-0000-4000-8000-000000000255,00000000-0000-4000-8000-000000000255,pay_K5EZS96KW0PN52,902800,18056,3250,0,NETBANKING,CAPTURED,2026-07-07T16:22:39
10000000-0000-4000-8000-000000000256,00000000-0000-4000-8000-000000000256,pay_9HQWP8XFANS0GN,838400,16768,3018,0,CARD,CAPTURED,2026-06-28T05:14:46
10000000-0000-4000-8000-000000000257,00000000-0000-4000-8000-000000000257,pay_FD340NXIDB5Z8X,73400,1468,264,0,CARD,CAPTURED,2026-08-10T20:47:53
10000000-0000-4000-8000-000000000258,00000000-0000-4000-8000-000000000258,pay_5H3K7UJJ31W0GQ,1227500,24550,4419,0,WALLET,CAPTURED,2026-06-08T16:51:30
10000000-0000-4000-8000-000000000259,00000000-0000-4000-8000-000000000259,pay_CBI6QSRER6LUU6,305500,6110,1100,0,CARD,CAPTURED,2026-08-06T20:47:32
10000000-0000-4000-8000-000000000260,00000000-0000-4000-8000-000000000260,pay_QM585U7D2XG770,545300,10906,1963,0,UPI,CAPTURED,2026-06-17T20:53:38
10000000-0000-4000-8000-000000000261,00000000-0000-4000-8000-000000000261,pay_X0GWHAOQHVD8FB,803000,16060,2891,0,CARD,CAPTURED,2026-07-22T07:14:46
10000000-0000-4000-8000-000000000262,00000000-0000-4000-8000-000000000262,pay_2GDAUOS74ULEVN,265000,5300,954,0,UPI,CAPTURED,2026-06-24T03:46:49
10000000-0000-4000-8000-000000000263,00000000-0000-4000-8000-000000000263,pay_9MN230A7ZUM2V3,1167800,23356,4204,0,UPI,CAPTURED,2026-06-15T07:03:10
10000000-0000-4000-8000-000000000264,00000000-0000-4000-8000-000000000264,pay_HZKIEW6OR6XN6L,1071800,21436,3858,0,UPI,CAPTURED,2026-08-09T23:00:14
10000000-0000-4000-8000-000000000265,00000000-0000-4000-8000-000000000265,pay_HBQIQICB5NTJK2,779200,15584,2805,0,CARD,CAPTURED,2026-05-31T02:12:53
10000000-0000-4000-8000-000000000266,00000000-0000-4000-8000-000000000266,pay_RQ6B0JI1T3UZZZ,752100,15042,2708,0,UPI,CAPTURED,2026-08-15T01:50:40
10000000-0000-4000-8000-000000000267,00000000-0000-4000-8000-000000000267,pay_U69QAZ6FP9XAQS,994900,19898,3582,0,CARD,CAPTURED,2026-06-25T21:31:04
10000000-0000-4000-8000-000000000268,00000000-0000-4000-8000-000000000268,pay_N7TCATPLX3GGUK,741300,14826,2669,370650,WALLET,CAPTURED,2026-07-31T20:47:36
10000000-0000-4000-8000-000000000269,00000000-0000-4000-8000-000000000269,pay_OKBVPX4NTZ7PJS,1117600,22352,4023,0,CARD,CAPTURED,2026-06-16T23:58:51
10000000-0000-4000-8000-000000000270,00000000-0000-4000-8000-000000000270,pay_95ZDHZ6M9BJUDL,1068600,21372,3847,0,UPI,CAPTURED,2026-06-06T21:50:32
10000000-0000-4000-8000-000000000271,00000000-0000-4000-8000-000000000271,pay_7W8TWT2I9OWP7N,1039800,20796,3743,0,NETBANKING,CAPTURED,2026-08-01T11:53:31
10000000-0000-4000-8000-000000000272,00000000-0000-4000-8000-000000000272,pay_3K8JB79YJ65WPO,957700,19154,3448,0,NETBANKING,CAPTURED,2026-06-07T23:43:16
10000000-0000-4000-8000-000000000273,00000000-0000-4000-8000-000000000273,pay_K82P5YRO1WODGZ,306400,6128,1103,0,UPI,CAPTURED,2026-08-06T04:18:43
10000000-0000-4000-8000-000000000274,00000000-0000-4000-8000-000000000274,pay_MVN1BT9WNJSLEU,393400,7868,1416,0,CARD,CAPTURED,2026-06-29T12:27:43
10000000-0000-4000-8000-000000000275,00000000-0000-4000-8000-000000000275,pay_GCRZXC4VNIBLWB,641600,12832,2310,0,CARD,CAPTURED,2026-06-19T19:37:25
10000000-0000-4000-8000-000000000276,00000000-0000-4000-8000-000000000276,pay_VFQSX502UPVSF5,414600,8292,1493,0,UPI,CAPTURED,2026-06-07T11:40:18
10000000-0000-4000-8000-000000000277,00000000-0000-4000-8000-000000000277,pay_FBEGGACSQNBB4V,367300,7346,1322,0,WALLET,CAPTURED,2026-06-17T20:17:16
10000000-0000-4000-8000-000000000278,00000000-0000-4000-8000-000000000278,pay_L6BP6OJC6ON5ZZ,736700,14734,2652,0,CARD,CAPTURED,2026-06-15T13:48:31
10000000-0000-4000-8000-000000000279,00000000-0000-4000-8000-000000000279,pay_U6AVE7E51M4WU3,1402500,28050,5049,0,CARD,CAPTURED,2026-07-14T16:30:58
10000000-0000-4000-8000-000000000280,00000000-0000-4000-8000-000000000280,pay_N6DTYN4BPSAUE5,1201100,24022,4324,0,WALLET,CAPTURED,2026-05-31T09:37:53
10000000-0000-4000-8000-000000000281,00000000-0000-4000-8000-000000000281,pay_7X1CENAGQ39XLP,1308100,26162,4709,0,UPI,CAPTURED,2026-08-21T02:09:06
10000000-0000-4000-8000-000000000282,00000000-0000-4000-8000-000000000282,pay_3C60CJBMUVHGQK,351100,7022,1264,0,NETBANKING,CAPTURED,2026-08-11T17:16:00
10000000-0000-4000-8000-000000000283,00000000-0000-4000-8000-000000000283,pay_U0AB76LBWLA9DI,281100,5622,1012,0,UPI,CAPTURED,2026-07-14T14:27:28
10000000-0000-4000-8000-000000000284,00000000-0000-4000-8000-000000000284,pay_YVP6MPB4DPGEVB,1327200,26544,4778,0,NETBANKING,CAPTURED,2026-08-06T12:38:28
10000000-0000-4000-8000-000000000285,00000000-0000-4000-8000-000000000285,pay_NCC8UUXOP63CTZ,259900,5198,936,0,WALLET,CAPTURED,2026-06-18T12:23:54
10000000-0000-4000-8000-000000000286,00000000-0000-4000-8000-000000000286,pay_4C0BB6PYMA1T6S,524000,10480,1886,0,CARD,CAPTURED,2026-08-01T08:03:30
10000000-0000-4000-8000-000000000287,00000000-0000-4000-8000-000000000287,pay_DMFZTGP8D20GM6,748800,14976,2696,0,UPI,CAPTURED,2026-08-13T00:02:40
10000000-0000-4000-8000-000000000288,00000000-0000-4000-8000-000000000288,pay_9E0RAGHKE79E8C,1096900,21938,3949,0,UPI,CAPTURED,2026-07-21T01:56:50
10000000-0000-4000-8000-000000000289,00000000-0000-4000-8000-000000000289,pay_U8H7BI8TJWOFC5,1429900,28598,5148,0,UPI,CAPTURED,2026-06-13T01:29:31
10000000-0000-4000-8000-000000000290,00000000-0000-4000-8000-000000000290,pay_J2X707TLYDSS5B,504000,10080,1814,0,WALLET,CAPTURED,2026-08-14T03:13:34
10000000-0000-4000-8000-000000000291,00000000-0000-4000-8000-000000000291,pay_2OYYR2OZZ9Z76M,1434700,28694,5165,0,CARD,CAPTURED,2026-07-26T13:28:01
10000000-0000-4000-8000-000000000292,00000000-0000-4000-8000-000000000292,pay_Z9JN7K98XVI673,622700,12454,2242,0,NETBANKING,CAPTURED,2026-08-12T08:43:49
10000000-0000-4000-8000-000000000293,00000000-0000-4000-8000-000000000293,pay_7YYOM0F6QEPYOH,1444800,28896,5201,0,UPI,CAPTURED,2026-06-08T05:57:27
10000000-0000-4000-8000-000000000294,00000000-0000-4000-8000-000000000294,pay_WMF1GZVG042MZ8,344400,6888,1240,0,NETBANKING,CAPTURED,2026-08-04T04:26:08
10000000-0000-4000-8000-000000000295,00000000-0000-4000-8000-000000000295,pay_EOM43T6UU8Z8R2,43000,860,155,0,WALLET,CAPTURED,2026-08-25T03:36:02
10000000-0000-4000-8000-000000000296,00000000-0000-4000-8000-000000000296,pay_CXTJYRDIRL481X,1436200,28724,5170,0,NETBANKING,CAPTURED,2026-06-09T17:26:00
10000000-0000-4000-8000-000000000297,00000000-0000-4000-8000-000000000297,pay_23AG9XC5REXFCH,118500,2370,427,0,CARD,CAPTURED,2026-07-15T06:44:15
10000000-0000-4000-8000-000000000298,00000000-0000-4000-8000-000000000298,pay_0UMIFFVMAM3JKX,859500,17190,3094,0,NETBANKING,CAPTURED,2026-08-05T01:07:43
10000000-0000-4000-8000-000000000299,00000000-0000-4000-8000-000000000299,pay_HZVZGMFFOHK94W,384800,7696,1385,0,NETBANKING,CAPTURED,2026-06-01T13:50:47
10000000-0000-4000-8000-000000000300,00000000-0000-4000-8000-000000000300,pay_3X5U7DF891QCG4,962900,19258,3466,0,UPI,CAPTURED,2026-06-29T07:57:38
10000000-0000-4000-8000-000000000301,00000000-0000-4000-8000-000000000301,pay_7V7JMKJLNDITN5,724800,14496,2609,0,NETBANKING,CAPTURED,2026-08-29T20:13:43
10000000-0000-4000-8000-000000000302,00000000-0000-4000-8000-000000000302,pay_9K4CI248F3VKOG,451600,9032,1626,0,NETBANKING,CAPTURED,2026-08-21T16:57:59
10000000-0000-4000-8000-000000000303,00000000-0000-4000-8000-000000000303,pay_UJRIHZ8EEKC8U0,1223600,24472,4405,0,UPI,CAPTURED,2026-08-07T08:24:18
10000000-0000-4000-8000-000000000304,00000000-0000-4000-8000-000000000304,pay_2MOTZ60FIIGU72,85600,1712,308,0,UPI,CAPTURED,2026-07-20T21:48:10
10000000-0000-4000-8000-000000000305,00000000-0000-4000-8000-000000000305,pay_A4FEGYYJ5N860A,317700,6354,1144,0,CARD,CAPTURED,2026-06-19T16:32:46
10000000-0000-4000-8000-000000000306,00000000-0000-4000-8000-000000000306,pay_COTFVAN0FVEL57,48600,972,175,0,WALLET,CAPTURED,2026-06-18T05:35:41
10000000-0000-4000-8000-000000000307,00000000-0000-4000-8000-000000000307,pay_KX5ZT5TT9KA1DL,629500,12590,2266,0,UPI,CAPTURED,2026-08-07T02:46:49
10000000-0000-4000-8000-000000000308,00000000-0000-4000-8000-000000000308,pay_77U55D5Q3OV9JY,1220400,24408,4393,0,UPI,CAPTURED,2026-08-15T10:15:05
10000000-0000-4000-8000-000000000309,00000000-0000-4000-8000-000000000309,pay_174GU65S6Y5H3O,1367700,27354,4924,0,UPI,CAPTURED,2026-07-05T05:58:34
10000000-0000-4000-8000-000000000310,00000000-0000-4000-8000-000000000310,pay_WNUA6TDXJ1WQQO,712100,14242,2564,0,WALLET,CAPTURED,2026-06-07T01:35:24
10000000-0000-4000-8000-000000000311,00000000-0000-4000-8000-000000000311,pay_JR1OV9CPWRUTVL,56700,1134,204,0,WALLET,CAPTURED,2026-06-16T22:07:58
10000000-0000-4000-8000-000000000312,00000000-0000-4000-8000-000000000312,pay_6ATJ4MDHUTT52L,925700,18514,3333,0,NETBANKING,CAPTURED,2026-07-09T10:33:36
10000000-0000-4000-8000-000000000313,00000000-0000-4000-8000-000000000313,pay_RZAEQOXBE1P5EI,843400,16868,3036,0,NETBANKING,CAPTURED,2026-06-18T01:53:17
10000000-0000-4000-8000-000000000314,00000000-0000-4000-8000-000000000314,pay_VLD3IIA38K0HF3,998400,19968,3594,0,UPI,CAPTURED,2026-07-19T13:33:27
10000000-0000-4000-8000-000000000315,00000000-0000-4000-8000-000000000315,pay_QJINH1K504K34E,443100,8862,1595,0,NETBANKING,CAPTURED,2026-06-14T03:22:59
10000000-0000-4000-8000-000000000316,00000000-0000-4000-8000-000000000316,pay_EVJN2J6BVVBBBV,1352900,27058,4870,0,NETBANKING,CAPTURED,2026-08-01T07:38:48
10000000-0000-4000-8000-000000000317,00000000-0000-4000-8000-000000000317,pay_443KTX6QCALUK8,1101700,22034,3966,0,NETBANKING,CAPTURED,2026-06-22T22:11:15
10000000-0000-4000-8000-000000000318,00000000-0000-4000-8000-000000000318,pay_3NWX0TAZ8A4LEO,360200,7204,1297,0,UPI,CAPTURED,2026-07-06T21:18:27
10000000-0000-4000-8000-000000000319,00000000-0000-4000-8000-000000000319,pay_IWZWT994PN8QIX,362300,7246,1304,0,WALLET,CAPTURED,2026-06-18T08:56:24
10000000-0000-4000-8000-000000000320,00000000-0000-4000-8000-000000000320,pay_3BNEGUARHJRHE4,510700,10214,1839,0,UPI,CAPTURED,2026-06-22T23:06:55
10000000-0000-4000-8000-000000000321,00000000-0000-4000-8000-000000000321,pay_14311BKHSSCRTP,216200,4324,778,108100,NETBANKING,CAPTURED,2026-06-20T20:23:30
10000000-0000-4000-8000-000000000322,00000000-0000-4000-8000-000000000322,pay_HJ9ITCWZL87FJ8,183200,3664,660,0,UPI,CAPTURED,2026-05-31T09:54:45
10000000-0000-4000-8000-000000000323,00000000-0000-4000-8000-000000000323,pay_OJ7OGN942GA3YY,267300,5346,962,0,CARD,CAPTURED,2026-06-19T17:17:09
10000000-0000-4000-8000-000000000324,00000000-0000-4000-8000-000000000324,pay_G2XGDH3U0RCOFE,775900,15518,2793,0,NETBANKING,CAPTURED,2026-08-02T22:24:24
10000000-0000-4000-8000-000000000325,00000000-0000-4000-8000-000000000325,pay_HGXMD7QCQ3ZA8E,1030800,20616,3711,0,NETBANKING,CAPTURED,2026-08-06T13:41:27
10000000-0000-4000-8000-000000000326,00000000-0000-4000-8000-000000000326,pay_WUDKBU0T369O8W,823800,16476,2966,0,CARD,CAPTURED,2026-06-17T01:11:29
10000000-0000-4000-8000-000000000327,00000000-0000-4000-8000-000000000327,pay_UDJOAU4DU0FIYH,1278300,25566,4602,0,WALLET,CAPTURED,2026-06-24T20:49:22
10000000-0000-4000-8000-000000000328,00000000-0000-4000-8000-000000000328,pay_8L9GJ4ANLIOBL7,1263800,25276,4550,0,NETBANKING,CAPTURED,2026-06-26T05:09:19
10000000-0000-4000-8000-000000000329,00000000-0000-4000-8000-000000000329,pay_FD18TLTY7W29MA,502600,10052,1809,0,WALLET,CAPTURED,2026-08-27T00:18:27
10000000-0000-4000-8000-000000000330,00000000-0000-4000-8000-000000000330,pay_9PHWN8DDINZ298,311000,6220,1120,0,NETBANKING,CAPTURED,2026-07-21T23:51:20
10000000-0000-4000-8000-000000000331,00000000-0000-4000-8000-000000000331,pay_XNB9DSSRKFI53L,967100,19342,3482,0,NETBANKING,CAPTURED,2026-06-06T05:49:08
10000000-0000-4000-8000-000000000332,00000000-0000-4000-8000-000000000332,pay_2T9O5A439GF5LX,474100,9482,1707,0,NETBANKING,CAPTURED,2026-06-23T18:49:03
10000000-0000-4000-8000-000000000333,00000000-0000-4000-8000-000000000333,pay_EOL0TA8RD05N9H,1434100,28682,5163,0,UPI,CAPTURED,2026-08-06T09:00:15
10000000-0000-4000-8000-000000000334,00000000-0000-4000-8000-000000000334,pay_EHPITZA7UY4SAE,35300,706,127,0,WALLET,CAPTURED,2026-07-18T13:16:56
10000000-0000-4000-8000-000000000335,00000000-0000-4000-8000-000000000335,pay_77DBEOKFCRAHB7,1161800,23236,4182,0,NETBANKING,CAPTURED,2026-06-17T13:17:07
10000000-0000-4000-8000-000000000336,00000000-0000-4000-8000-000000000336,pay_1FS324ERTL15E1,709000,14180,2552,0,WALLET,CAPTURED,2026-07-25T18:09:51
10000000-0000-4000-8000-000000000337,00000000-0000-4000-8000-000000000337,pay_CDL9T15KCK4ZYN,1108700,22174,3991,0,CARD,CAPTURED,2026-07-31T17:31:24
10000000-0000-4000-8000-000000000338,00000000-0000-4000-8000-000000000338,pay_ICMNIA2Y7VFHPD,988700,19774,3559,0,NETBANKING,CAPTURED,2026-06-24T14:19:41
10000000-0000-4000-8000-000000000339,00000000-0000-4000-8000-000000000339,pay_DF2F5NK4OTBGDP,217600,4352,783,0,UPI,CAPTURED,2026-07-06T22:05:34
10000000-0000-4000-8000-000000000340,00000000-0000-4000-8000-000000000340,pay_FKP96AIU01LC5W,1433800,28676,5162,0,NETBANKING,CAPTURED,2026-08-01T04:07:12
10000000-0000-4000-8000-000000000341,00000000-0000-4000-8000-000000000341,pay_GTX7U4GBGCN3K3,1406700,28134,5064,0,UPI,CAPTURED,2026-07-14T15:01:53
10000000-0000-4000-8000-000000000342,00000000-0000-4000-8000-000000000342,pay_ATM0TXE321D5C2,719000,14380,2588,0,WALLET,CAPTURED,2026-08-09T21:33:38
10000000-0000-4000-8000-000000000343,00000000-0000-4000-8000-000000000343,pay_PQ1AUF0TJ5JGZC,1478600,29572,5323,0,CARD,CAPTURED,2026-08-11T00:55:57
10000000-0000-4000-8000-000000000344,00000000-0000-4000-8000-000000000344,pay_1V9PD57FQTKPCS,362200,7244,1304,0,NETBANKING,CAPTURED,2026-06-17T07:13:32
10000000-0000-4000-8000-000000000345,00000000-0000-4000-8000-000000000345,pay_XD82IJKUV2VXO3,1463000,29260,5267,0,WALLET,CAPTURED,2026-06-15T09:10:25
10000000-0000-4000-8000-000000000346,00000000-0000-4000-8000-000000000346,pay_RPEKZZMALQHPQP,1381300,27626,4973,0,CARD,CAPTURED,2026-06-03T15:13:34
10000000-0000-4000-8000-000000000347,00000000-0000-4000-8000-000000000347,pay_TAD4WUGZBGUQJJ,183800,3676,662,0,WALLET,CAPTURED,2026-07-19T12:23:14
10000000-0000-4000-8000-000000000348,00000000-0000-4000-8000-000000000348,pay_RCYBRXODHS6JHB,1299500,25990,4678,0,WALLET,CAPTURED,2026-08-25T21:10:28
10000000-0000-4000-8000-000000000349,00000000-0000-4000-8000-000000000349,pay_IIJPSHOXXAOZ5E,572700,11454,2062,0,CARD,CAPTURED,2026-07-06T01:12:46
10000000-0000-4000-8000-000000000350,00000000-0000-4000-8000-000000000350,pay_6X1W1QXPH1Y3BQ,692100,13842,2492,692100,CARD,REFUNDED,2026-08-06T15:19:11
10000000-0000-4000-8000-000000000351,00000000-0000-4000-8000-000000000351,pay_44C937RUPL5H2Q,310400,6208,1117,0,WALLET,CAPTURED,2026-06-16T21:10:23
10000000-0000-4000-8000-000000000352,00000000-0000-4000-8000-000000000352,pay_3Z2Y3C0EQ4AW8J,1308200,26164,4710,0,CARD,CAPTURED,2026-07-25T23:59:17
10000000-0000-4000-8000-000000000353,00000000-0000-4000-8000-000000000353,pay_KKS1B4QSX88GXW,1445500,28910,5204,0,UPI,CAPTURED,2026-08-07T23:42:47
10000000-0000-4000-8000-000000000354,00000000-0000-4000-8000-000000000354,pay_F5HVV7FINATJQ3,253500,5070,913,0,UPI,CAPTURED,2026-06-06T23:57:00
10000000-0000-4000-8000-000000000355,00000000-0000-4000-8000-000000000355,pay_N3VWTKCNL384XG,720900,14418,2595,0,UPI,CAPTURED,2026-08-13T08:24:23
10000000-0000-4000-8000-000000000356,00000000-0000-4000-8000-000000000356,pay_HTG1D9OB6KB9Z7,176600,3532,636,0,CARD,CAPTURED,2026-06-13T09:00:04
10000000-0000-4000-8000-000000000357,00000000-0000-4000-8000-000000000357,pay_WJ6O6U9179B9NT,1017000,20340,3661,0,UPI,CAPTURED,2026-07-06T15:35:15
10000000-0000-4000-8000-000000000358,00000000-0000-4000-8000-000000000358,pay_30V0VSGQG034L4,1158600,23172,4171,0,NETBANKING,CAPTURED,2026-08-24T05:20:34
10000000-0000-4000-8000-000000000359,00000000-0000-4000-8000-000000000359,pay_03L4JZWYIX7BRR,1235500,24710,4448,0,UPI,CAPTURED,2026-07-16T19:49:52
10000000-0000-4000-8000-000000000360,00000000-0000-4000-8000-000000000360,pay_HHIZEBG9K4SSB1,1182000,23640,4255,591000,WALLET,CAPTURED,2026-07-24T15:55:37
10000000-0000-4000-8000-000000000361,00000000-0000-4000-8000-000000000361,pay_YR8NKRZ25YYEXH,1003900,20078,3614,0,WALLET,CAPTURED,2026-07-20T08:13:52
10000000-0000-4000-8000-000000000362,00000000-0000-4000-8000-000000000362,pay_WJATE4VV9C0XFE,163600,3272,589,0,NETBANKING,CAPTURED,2026-06-23T23:20:37
10000000-0000-4000-8000-000000000363,00000000-0000-4000-8000-000000000363,pay_MH541OO5VYFRRL,589800,11796,2123,0,WALLET,CAPTURED,2026-06-14T14:10:37
10000000-0000-4000-8000-000000000364,00000000-0000-4000-8000-000000000364,pay_CNJ0HYL77VLQU0,949100,18982,3417,0,WALLET,CAPTURED,2026-07-21T16:06:32
10000000-0000-4000-8000-000000000365,00000000-0000-4000-8000-000000000365,pay_9OJGUEIFO28N4X,364500,7290,1312,0,NETBANKING,CAPTURED,2026-08-02T04:51:12
10000000-0000-4000-8000-000000000366,00000000-0000-4000-8000-000000000366,pay_7FZ5XBIGUJ9CWI,407800,8156,1468,0,CARD,CAPTURED,2026-07-04T17:14:26
10000000-0000-4000-8000-000000000367,00000000-0000-4000-8000-000000000367,pay_KB6JY5R1SPPN74,794700,15894,2861,0,WALLET,CAPTURED,2026-08-25T23:19:14
10000000-0000-4000-8000-000000000368,00000000-0000-4000-8000-000000000368,pay_H31PHEIV6DDZV7,1170300,23406,4213,585150,UPI,CAPTURED,2026-07-24T21:45:00
10000000-0000-4000-8000-000000000369,00000000-0000-4000-8000-000000000369,pay_9H0UNL0UT5JAYS,1162700,23254,4186,0,WALLET,CAPTURED,2026-08-23T14:00:06
10000000-0000-4000-8000-000000000370,00000000-0000-4000-8000-000000000370,pay_M2OTEYMOMLF65J,878000,17560,3161,0,WALLET,CAPTURED,2026-08-23T14:04:38
10000000-0000-4000-8000-000000000371,00000000-0000-4000-8000-000000000371,pay_RR43UR4MFJHOJA,1369400,27388,4930,0,NETBANKING,CAPTURED,2026-06-09T02:25:08
10000000-0000-4000-8000-000000000372,00000000-0000-4000-8000-000000000372,pay_Z3JUFXH8P0MTZ1,1451500,29030,5225,0,CARD,CAPTURED,2026-06-08T18:56:12
10000000-0000-4000-8000-000000000373,00000000-0000-4000-8000-000000000373,pay_CZ29LJ2TWC5KQQ,1132800,22656,4078,1132800,NETBANKING,REFUNDED,2026-07-31T17:10:26
10000000-0000-4000-8000-000000000374,00000000-0000-4000-8000-000000000374,pay_2VWMD5TFU2SNX1,207500,4150,747,0,CARD,CAPTURED,2026-08-16T06:34:33
10000000-0000-4000-8000-000000000375,00000000-0000-4000-8000-000000000375,pay_014X5DLWY1P6MX,744400,14888,2680,0,WALLET,CAPTURED,2026-08-28T17:43:50
10000000-0000-4000-8000-000000000376,00000000-0000-4000-8000-000000000376,pay_SJ9UK693P483CH,605000,12100,2178,0,CARD,CAPTURED,2026-06-10T09:43:37
10000000-0000-4000-8000-000000000377,00000000-0000-4000-8000-000000000377,pay_DUC4K9I14YN6ZJ,861400,17228,3101,0,CARD,CAPTURED,2026-08-08T02:48:25
10000000-0000-4000-8000-000000000378,00000000-0000-4000-8000-000000000378,pay_ZHWTC908T6RWAR,238800,4776,860,0,WALLET,CAPTURED,2026-08-12T04:39:57
10000000-0000-4000-8000-000000000379,00000000-0000-4000-8000-000000000379,pay_H423L90MCZH782,93500,1870,337,0,NETBANKING,CAPTURED,2026-07-22T22:08:21
10000000-0000-4000-8000-000000000380,00000000-0000-4000-8000-000000000380,pay_ZRILUL7JPTGD2R,183500,3670,661,0,UPI,CAPTURED,2026-08-23T02:10:52
10000000-0000-4000-8000-000000000381,00000000-0000-4000-8000-000000000381,pay_RDCLVFD4PI4SE4,681300,13626,2453,0,NETBANKING,CAPTURED,2026-08-10T00:59:41
10000000-0000-4000-8000-000000000382,00000000-0000-4000-8000-000000000382,pay_VPGGB38I1WR63J,303700,6074,1093,0,NETBANKING,CAPTURED,2026-07-06T00:10:58
10000000-0000-4000-8000-000000000383,00000000-0000-4000-8000-000000000383,pay_W1TMIK5Z9RVKMC,228400,4568,822,0,WALLET,CAPTURED,2026-06-16T14:51:08
10000000-0000-4000-8000-000000000384,00000000-0000-4000-8000-000000000384,pay_QF3ADTPRTZUF0U,641700,12834,2310,320850,UPI,CAPTURED,2026-06-30T04:45:49
10000000-0000-4000-8000-000000000385,00000000-0000-4000-8000-000000000385,pay_O6ILVB8DM1AOZU,1121200,22424,4036,0,NETBANKING,CAPTURED,2026-07-08T16:26:42
10000000-0000-4000-8000-000000000386,00000000-0000-4000-8000-000000000386,pay_3PPE690CWBKE4H,887600,17752,3195,0,NETBANKING,CAPTURED,2026-08-25T05:28:59
10000000-0000-4000-8000-000000000387,00000000-0000-4000-8000-000000000387,pay_KERZ1V8RSRKPVI,772500,15450,2781,0,UPI,CAPTURED,2026-08-13T19:25:44
10000000-0000-4000-8000-000000000388,00000000-0000-4000-8000-000000000388,pay_S6PVS9V9BD9ZMQ,471900,9438,1699,0,WALLET,CAPTURED,2026-05-31T22:20:30
10000000-0000-4000-8000-000000000389,00000000-0000-4000-8000-000000000389,pay_92DEFQGSEM2FIT,1121400,22428,4037,0,CARD,CAPTURED,2026-06-14T02:08:58
10000000-0000-4000-8000-000000000390,00000000-0000-4000-8000-000000000390,pay_1SB7AC6DK57ICL,86900,1738,313,0,CARD,CAPTURED,2026-06-28T20:16:10
10000000-0000-4000-8000-000000000391,00000000-0000-4000-8000-000000000391,pay_62VL1TKU04VPWY,549300,10986,1977,0,NETBANKING,CAPTURED,2026-07-18T20:07:32
10000000-0000-4000-8000-000000000392,00000000-0000-4000-8000-000000000392,pay_AJNC9HXWMVM74L,942400,18848,3393,0,CARD,CAPTURED,2026-08-07T18:10:20
10000000-0000-4000-8000-000000000393,00000000-0000-4000-8000-000000000393,pay_FPYBUXHWRRVAXG,32300,646,116,0,NETBANKING,CAPTURED,2026-06-22T13:02:56
10000000-0000-4000-8000-000000000394,00000000-0000-4000-8000-000000000394,pay_7Y9PPPCGQ6PE2F,1165600,23312,4196,0,UPI,CAPTURED,2026-08-04T22:22:21
10000000-0000-4000-8000-000000000395,00000000-0000-4000-8000-000000000395,pay_1I1UZ5ZCFPVW4N,1380000,27600,4968,0,CARD,CAPTURED,2026-07-29T16:30:53
10000000-0000-4000-8000-000000000396,00000000-0000-4000-8000-000000000396,pay_NQOTSVFK2KNELW,534300,10686,1923,0,NETBANKING,CAPTURED,2026-06-04T14:16:54
10000000-0000-4000-8000-000000000397,00000000-0000-4000-8000-000000000397,pay_90Q5N5KXQHXTDQ,489900,9798,1764,0,CARD,CAPTURED,2026-06-01T00:14:04
10000000-0000-4000-8000-000000000398,00000000-0000-4000-8000-000000000398,pay_YN8S7YVR0DHAMY,1411000,28220,5080,0,NETBANKING,CAPTURED,2026-08-02T15:24:14
10000000-0000-4000-8000-000000000399,00000000-0000-4000-8000-000000000399,pay_IMNSCHLSXJXRQM,120500,2410,434,0,UPI,CAPTURED,2026-08-22T10:15:49
10000000-0000-4000-8000-000000000400,00000000-0000-4000-8000-000000000400,pay_Z5L9HGMTVPPFNN,1444900,28898,5202,0,CARD,CAPTURED,2026-08-21T17:21:02
10000000-0000-4000-8000-000000000401,00000000-0000-4000-8000-000000000401,pay_AT37A67EZAQ3UZ,194300,3886,699,0,CARD,CAPTURED,2026-07-22T15:31:54
10000000-0000-4000-8000-000000000402,00000000-0000-4000-8000-000000000402,pay_RNZP1OQKV0N4H2,974300,19486,3507,0,UPI,CAPTURED,2026-08-14T21:06:13
10000000-0000-4000-8000-000000000403,00000000-0000-4000-8000-000000000403,pay_UZY46V57HLSZM6,677400,13548,2439,0,CARD,CAPTURED,2026-08-25T04:53:59
10000000-0000-4000-8000-000000000404,00000000-0000-4000-8000-000000000404,pay_XNADA1K3RE8HCX,161300,3226,581,0,CARD,CAPTURED,2026-07-10T01:48:33
10000000-0000-4000-8000-000000000405,00000000-0000-4000-8000-000000000405,pay_IPG6A2C9YPC45U,715700,14314,2577,0,WALLET,CAPTURED,2026-07-04T15:11:46
10000000-0000-4000-8000-000000000406,00000000-0000-4000-8000-000000000406,pay_O6XT8OIT6YA0O1,831300,16626,2993,0,CARD,CAPTURED,2026-08-17T18:32:22
10000000-0000-4000-8000-000000000407,00000000-0000-4000-8000-000000000407,pay_BCZ7EP62LTGC3V,60200,1204,217,0,NETBANKING,CAPTURED,2026-07-13T19:23:04
10000000-0000-4000-8000-000000000408,00000000-0000-4000-8000-000000000408,pay_FGIGV3WAGB2RH7,1004100,20082,3615,0,NETBANKING,CAPTURED,2026-06-06T23:25:22
10000000-0000-4000-8000-000000000409,00000000-0000-4000-8000-000000000409,pay_Q76KF5O2UXXK50,617700,12354,2224,0,NETBANKING,CAPTURED,2026-07-02T17:13:13
10000000-0000-4000-8000-000000000410,00000000-0000-4000-8000-000000000410,pay_YWKMX8DHIC6V1Y,1128400,22568,4062,0,CARD,CAPTURED,2026-07-15T01:24:26
10000000-0000-4000-8000-000000000411,00000000-0000-4000-8000-000000000411,pay_DR6K3LYYZ7PRTD,400200,8004,1441,0,WALLET,CAPTURED,2026-08-19T21:17:11
10000000-0000-4000-8000-000000000412,00000000-0000-4000-8000-000000000412,pay_3T7EY0PYDG1KI1,1201300,24026,4325,0,UPI,CAPTURED,2026-08-25T12:00:54
10000000-0000-4000-8000-000000000413,00000000-0000-4000-8000-000000000413,pay_EXLOYEYQE6836H,812500,16250,2925,0,CARD,CAPTURED,2026-08-09T21:18:47
10000000-0000-4000-8000-000000000414,00000000-0000-4000-8000-000000000414,pay_TBH7W5GLO1BXBA,938100,18762,3377,0,CARD,CAPTURED,2026-06-24T08:53:15
10000000-0000-4000-8000-000000000415,00000000-0000-4000-8000-000000000415,pay_IUYD7RINA0VLRR,700300,14006,2521,0,UPI,CAPTURED,2026-07-08T08:05:34
10000000-0000-4000-8000-000000000416,00000000-0000-4000-8000-000000000416,pay_YS14IMD01N1T7N,1147200,22944,4130,0,WALLET,CAPTURED,2026-06-03T04:14:14
10000000-0000-4000-8000-000000000417,00000000-0000-4000-8000-000000000417,pay_NN9NSRANU8AKHY,64400,1288,232,0,CARD,CAPTURED,2026-07-27T17:27:02
10000000-0000-4000-8000-000000000418,00000000-0000-4000-8000-000000000418,pay_SJU6UQVL7ERDTO,1214400,24288,4372,0,NETBANKING,CAPTURED,2026-06-23T22:18:57
10000000-0000-4000-8000-000000000419,00000000-0000-4000-8000-000000000419,pay_T8ZEH3RPRGYGO2,107600,2152,387,0,CARD,CAPTURED,2026-06-16T21:18:43
10000000-0000-4000-8000-000000000420,00000000-0000-4000-8000-000000000420,pay_5C098JRPG739ZO,548500,10970,1975,0,UPI,CAPTURED,2026-06-14T06:42:34
10000000-0000-4000-8000-000000000421,00000000-0000-4000-8000-000000000421,pay_C5HWGPBYEXZ9ZG,676000,13520,2434,0,CARD,CAPTURED,2026-08-18T15:14:39
10000000-0000-4000-8000-000000000422,00000000-0000-4000-8000-000000000422,pay_CM9A2KLMWWCGBL,717500,14350,2583,0,CARD,CAPTURED,2026-06-05T18:44:39
10000000-0000-4000-8000-000000000423,00000000-0000-4000-8000-000000000423,pay_WS3NC62AHNWGU9,1141100,22822,4108,0,UPI,CAPTURED,2026-07-19T03:24:15
10000000-0000-4000-8000-000000000424,00000000-0000-4000-8000-000000000424,pay_D8SPW0S1NKK0G7,794200,15884,2859,0,CARD,CAPTURED,2026-07-28T07:36:11
10000000-0000-4000-8000-000000000425,00000000-0000-4000-8000-000000000425,pay_JM3UM94W739V57,54000,1080,194,0,UPI,CAPTURED,2026-07-18T12:30:34
10000000-0000-4000-8000-000000000426,00000000-0000-4000-8000-000000000426,pay_4W6C8HS287QMRM,104200,2084,375,0,WALLET,CAPTURED,2026-07-05T21:16:41
10000000-0000-4000-8000-000000000427,00000000-0000-4000-8000-000000000427,pay_TGLQKBEC54T59P,1382100,27642,4976,0,CARD,CAPTURED,2026-08-20T17:10:42
10000000-0000-4000-8000-000000000428,00000000-0000-4000-8000-000000000428,pay_NOBGPJYHVO2N0I,1480500,29610,5330,0,UPI,CAPTURED,2026-06-30T01:46:50
10000000-0000-4000-8000-000000000429,00000000-0000-4000-8000-000000000429,pay_MG025582RQUKJF,246500,4930,887,0,WALLET,CAPTURED,2026-06-26T12:10:29
10000000-0000-4000-8000-000000000430,00000000-0000-4000-8000-000000000430,pay_JB90C03V1NPCYV,1431700,28634,5154,0,WALLET,CAPTURED,2026-06-05T00:29:53
10000000-0000-4000-8000-000000000431,00000000-0000-4000-8000-000000000431,pay_GZR64L4YWP6CBC,25800,516,93,0,UPI,CAPTURED,2026-06-02T08:26:08
10000000-0000-4000-8000-000000000432,00000000-0000-4000-8000-000000000432,pay_YAMNJ8PL3M871N,144900,2898,522,0,CARD,CAPTURED,2026-08-03T13:20:56
10000000-0000-4000-8000-000000000433,00000000-0000-4000-8000-000000000433,pay_LXN48LBCLAPDZ6,428600,8572,1543,0,WALLET,CAPTURED,2026-08-18T07:09:46
10000000-0000-4000-8000-000000000434,00000000-0000-4000-8000-000000000434,pay_XE0OF37FD3MWG2,236800,4736,852,0,WALLET,CAPTURED,2026-06-23T23:10:25
10000000-0000-4000-8000-000000000435,00000000-0000-4000-8000-000000000435,pay_A768O3BTG7GA24,1469200,29384,5289,0,WALLET,CAPTURED,2026-06-04T18:38:01
10000000-0000-4000-8000-000000000436,00000000-0000-4000-8000-000000000436,pay_925UAK3J16CUAS,57600,1152,207,0,CARD,CAPTURED,2026-08-12T21:32:30
10000000-0000-4000-8000-000000000437,00000000-0000-4000-8000-000000000437,pay_NXVG17TG5SFTA1,1387400,27748,4995,0,CARD,CAPTURED,2026-06-23T15:04:11
10000000-0000-4000-8000-000000000438,00000000-0000-4000-8000-000000000438,pay_KSY9FP14X2WPMJ,1176200,23524,4234,0,WALLET,CAPTURED,2026-08-18T02:20:49
10000000-0000-4000-8000-000000000439,00000000-0000-4000-8000-000000000439,pay_58J2HKA4MH0N5O,155500,3110,560,0,WALLET,CAPTURED,2026-06-07T01:47:47
10000000-0000-4000-8000-000000000440,00000000-0000-4000-8000-000000000440,pay_HIARMLE6NPHVOX,1393500,27870,5017,0,NETBANKING,CAPTURED,2026-07-19T23:37:56
10000000-0000-4000-8000-000000000441,00000000-0000-4000-8000-000000000441,pay_L0J2H4I1TXD42G,50600,1012,182,0,CARD,CAPTURED,2026-08-25T17:32:03
10000000-0000-4000-8000-000000000442,00000000-0000-4000-8000-000000000442,pay_T5NHXF4T8MA102,175900,3518,633,0,NETBANKING,CAPTURED,2026-06-28T11:15:19
10000000-0000-4000-8000-000000000443,00000000-0000-4000-8000-000000000443,pay_ZRKZOEAVNAQWB4,88200,1764,318,0,UPI,CAPTURED,2026-06-17T12:23:05
10000000-0000-4000-8000-000000000444,00000000-0000-4000-8000-000000000444,pay_31WCGV6LRLWP47,1332000,26640,4795,0,NETBANKING,CAPTURED,2026-08-02T08:23:45
10000000-0000-4000-8000-000000000445,00000000-0000-4000-8000-000000000445,pay_Y82FJXLFN7V2T3,164800,3296,593,0,CARD,CAPTURED,2026-06-16T03:46:57
10000000-0000-4000-8000-000000000446,00000000-0000-4000-8000-000000000446,pay_57JYF8JSHL96EP,1295500,25910,4664,0,CARD,CAPTURED,2026-08-17T19:33:43
10000000-0000-4000-8000-000000000447,00000000-0000-4000-8000-000000000447,pay_QBT0NUG9FO8QG8,1175200,23504,4231,587600,CARD,CAPTURED,2026-06-06T04:10:09
10000000-0000-4000-8000-000000000448,00000000-0000-4000-8000-000000000448,pay_50K61FTGUN8URU,219900,4398,792,0,CARD,CAPTURED,2026-05-31T12:34:11
10000000-0000-4000-8000-000000000449,00000000-0000-4000-8000-000000000449,pay_YIC11BIJ200Q69,1127900,22558,4060,0,NETBANKING,CAPTURED,2026-06-15T16:34:31
10000000-0000-4000-8000-000000000450,00000000-0000-4000-8000-000000000450,pay_FNUKM7Y1UVJYTM,1314600,26292,4733,0,WALLET,CAPTURED,2026-06-25T20:34:52
10000000-0000-4000-8000-000000000451,00000000-0000-4000-8000-000000000451,pay_XBT66KFG7I2HVI,302300,6046,1088,0,NETBANKING,CAPTURED,2026-06-14T15:16:30
10000000-0000-4000-8000-000000000452,00000000-0000-4000-8000-000000000452,pay_N86TAIP1KELBU8,439200,8784,1581,0,WALLET,CAPTURED,2026-06-24T00:21:43
10000000-0000-4000-8000-000000000453,00000000-0000-4000-8000-000000000453,pay_JRE5C5JO5L02MO,129300,2586,465,0,WALLET,CAPTURED,2026-07-14T09:53:26
10000000-0000-4000-8000-000000000454,00000000-0000-4000-8000-000000000454,pay_99YAECEEUTZEIF,833100,16662,2999,0,WALLET,CAPTURED,2026-06-18T15:44:47
10000000-0000-4000-8000-000000000455,00000000-0000-4000-8000-000000000455,pay_GX8860I7P2R5JG,1155400,23108,4159,0,NETBANKING,CAPTURED,2026-06-21T08:39:27
10000000-0000-4000-8000-000000000456,00000000-0000-4000-8000-000000000456,pay_83EJFBOVB1ZJ39,1157800,23156,4168,0,UPI,CAPTURED,2026-07-09T13:54:44
10000000-0000-4000-8000-000000000457,00000000-0000-4000-8000-000000000457,pay_AGP60Q2OAZFUUZ,428100,8562,1541,0,UPI,CAPTURED,2026-08-19T12:51:10
10000000-0000-4000-8000-000000000458,00000000-0000-4000-8000-000000000458,pay_UIQI2S6I7IMW4H,861000,17220,3100,0,CARD,CAPTURED,2026-07-16T06:21:22
10000000-0000-4000-8000-000000000459,00000000-0000-4000-8000-000000000459,pay_34EI2BRSV43056,275900,5518,993,137950,NETBANKING,CAPTURED,2026-06-15T22:36:12
10000000-0000-4000-8000-000000000460,00000000-0000-4000-8000-000000000460,pay_BVXSMXVQCGH8A7,493600,9872,1777,0,UPI,CAPTURED,2026-07-20T01:31:08
10000000-0000-4000-8000-000000000461,00000000-0000-4000-8000-000000000461,pay_GBRFR309EY5QWQ,642800,12856,2314,0,NETBANKING,CAPTURED,2026-06-22T05:50:26
10000000-0000-4000-8000-000000000462,00000000-0000-4000-8000-000000000462,pay_I1S6XH7ABM4ML2,359400,7188,1294,0,CARD,CAPTURED,2026-07-14T14:38:58
10000000-0000-4000-8000-000000000463,00000000-0000-4000-8000-000000000463,pay_DHH2KS1CBCIFL7,527500,10550,1899,0,UPI,CAPTURED,2026-06-29T04:55:24
10000000-0000-4000-8000-000000000464,00000000-0000-4000-8000-000000000464,pay_55ACOBTEGURT1R,291800,5836,1050,0,UPI,CAPTURED,2026-06-24T22:54:27
10000000-0000-4000-8000-000000000465,00000000-0000-4000-8000-000000000465,pay_DJ725U0332W04N,30300,606,109,0,CARD,CAPTURED,2026-06-17T14:53:26
10000000-0000-4000-8000-000000000466,00000000-0000-4000-8000-000000000466,pay_D3M6JR8FL9V2QJ,55500,1110,200,0,CARD,CAPTURED,2026-08-02T02:31:18
10000000-0000-4000-8000-000000000467,00000000-0000-4000-8000-000000000467,pay_FIB7AKKSQKU1W3,1309000,26180,4712,0,NETBANKING,CAPTURED,2026-07-23T14:49:23
10000000-0000-4000-8000-000000000468,00000000-0000-4000-8000-000000000468,pay_PKIXSX097NFUD1,1411200,28224,5080,0,UPI,CAPTURED,2026-07-15T12:10:29
10000000-0000-4000-8000-000000000469,00000000-0000-4000-8000-000000000469,pay_TXJC7IU26RVPBA,1350300,27006,4861,0,NETBANKING,CAPTURED,2026-06-29T23:59:35
10000000-0000-4000-8000-000000000470,00000000-0000-4000-8000-000000000470,pay_V4BA7OBBC83Y0C,547700,10954,1972,0,NETBANKING,CAPTURED,2026-08-10T13:11:17
10000000-0000-4000-8000-000000000471,00000000-0000-4000-8000-000000000471,pay_4780CE91TEFO1S,1049000,20980,3776,0,WALLET,CAPTURED,2026-06-10T08:55:41
10000000-0000-4000-8000-000000000472,00000000-0000-4000-8000-000000000472,pay_4FGGW1JYK820PZ,949900,18998,3420,0,WALLET,CAPTURED,2026-06-13T22:44:46
10000000-0000-4000-8000-000000000473,00000000-0000-4000-8000-000000000473,pay_GSC2GLXV8QIQ7U,374300,7486,1347,0,NETBANKING,CAPTURED,2026-07-10T00:49:23
10000000-0000-4000-8000-000000000474,00000000-0000-4000-8000-000000000474,pay_Q84GD5YSHGPZ91,248100,4962,893,0,NETBANKING,CAPTURED,2026-06-09T20:20:37
10000000-0000-4000-8000-000000000475,00000000-0000-4000-8000-000000000475,pay_IB0TA6YY5XHQ3U,240400,4808,865,0,WALLET,CAPTURED,2026-08-28T16:27:22
10000000-0000-4000-8000-000000000476,00000000-0000-4000-8000-000000000476,pay_EDMLAV3W9O01E4,25700,514,93,0,NETBANKING,CAPTURED,2026-08-08T18:46:49
10000000-0000-4000-8000-000000000477,00000000-0000-4000-8000-000000000477,pay_E2TBST9XWI7084,1160700,23214,4179,0,NETBANKING,CAPTURED,2026-08-09T08:54:28
10000000-0000-4000-8000-000000000478,00000000-0000-4000-8000-000000000478,pay_5HN1D613LY4QZT,576700,11534,2076,0,CARD,CAPTURED,2026-07-09T06:21:06
10000000-0000-4000-8000-000000000479,00000000-0000-4000-8000-000000000479,pay_92IZ1Q8PJ1YDOT,1306400,26128,4703,0,NETBANKING,CAPTURED,2026-08-16T06:51:46
10000000-0000-4000-8000-000000000480,00000000-0000-4000-8000-000000000480,pay_OB24HY05Y5FNX7,557800,11156,2008,0,WALLET,CAPTURED,2026-08-16T23:03:58
10000000-0000-4000-8000-000000000481,00000000-0000-4000-8000-000000000481,pay_U7HWLWZUB3ZUPS,428600,8572,1543,0,NETBANKING,CAPTURED,2026-08-26T09:26:17
10000000-0000-4000-8000-000000000482,00000000-0000-4000-8000-000000000482,pay_VETYBGD9E32LFI,972800,19456,3502,486400,NETBANKING,CAPTURED,2026-08-05T14:53:28
10000000-0000-4000-8000-000000000483,00000000-0000-4000-8000-000000000483,pay_024LPO6GF9XXWN,802400,16048,2889,0,NETBANKING,CAPTURED,2026-06-09T05:22:19
10000000-0000-4000-8000-000000000484,00000000-0000-4000-8000-000000000484,pay_8GCP8YOQVP7Q7C,48300,966,174,0,NETBANKING,CAPTURED,2026-07-06T20:29:50
10000000-0000-4000-8000-000000000485,00000000-0000-4000-8000-000000000485,pay_2LWL0TQFTFOFYS,317800,6356,1144,0,UPI,CAPTURED,2026-07-04T10:11:07
10000000-0000-4000-8000-000000000486,00000000-0000-4000-8000-000000000486,pay_6SV8FLOCVS96YC,161400,3228,581,0,WALLET,CAPTURED,2026-08-23T15:48:11
10000000-0000-4000-8000-000000000487,00000000-0000-4000-8000-000000000487,pay_USAZQY2YR6NBQD,1135500,22710,4088,0,UPI,CAPTURED,2026-06-12T20:15:40
10000000-0000-4000-8000-000000000488,00000000-0000-4000-8000-000000000488,pay_RXYX4MIVL590J1,1042800,20856,3754,0,NETBANKING,CAPTURED,2026-06-30T13:16:17
10000000-0000-4000-8000-000000000489,00000000-0000-4000-8000-000000000489,pay_SWOSJVBC82SG0Y,1330500,26610,4790,0,WALLET,CAPTURED,2026-06-06T01:41:34
10000000-0000-4000-8000-000000000490,00000000-0000-4000-8000-000000000490,pay_BFXPFW8XEMLTFU,1457700,29154,5248,0,WALLET,CAPTURED,2026-06-22T00:18:39
10000000-0000-4000-8000-000000000491,00000000-0000-4000-8000-000000000491,pay_9S7LKS518IA77E,765300,15306,2755,0,CARD,CAPTURED,2026-06-07T22:31:42
10000000-0000-4000-8000-000000000492,00000000-0000-4000-8000-000000000492,pay_58DBZQ7IB48G5X,869300,17386,3129,0,WALLET,CAPTURED,2026-06-12T09:11:15
10000000-0000-4000-8000-000000000493,00000000-0000-4000-8000-000000000493,pay_NV6L8JVZSLT694,1174700,23494,4229,0,NETBANKING,CAPTURED,2026-08-08T19:03:26
10000000-0000-4000-8000-000000000494,00000000-0000-4000-8000-000000000494,pay_PC0OXIHWM518ZR,1381600,27632,4974,0,NETBANKING,CAPTURED,2026-06-19T08:15:16
10000000-0000-4000-8000-000000000495,00000000-0000-4000-8000-000000000495,pay_KDRU4C2P2K5QS4,1083600,21672,3901,0,NETBANKING,CAPTURED,2026-07-03T16:41:04
10000000-0000-4000-8000-000000000496,00000000-0000-4000-8000-000000000496,pay_BEZSD1FIMTB6T9,963400,19268,3468,0,UPI,CAPTURED,2026-08-01T08:55:22
10000000-0000-4000-8000-000000000497,00000000-0000-4000-8000-000000000497,pay_6UW7YE46F7761X,1454000,29080,5234,0,CARD,CAPTURED,2026-06-25T13:16:47
10000000-0000-4000-8000-000000000498,00000000-0000-4000-8000-000000000498,pay_42UD2DTBZXMUUC,494300,9886,1779,0,UPI,CAPTURED,2026-07-05T08:30:22
10000000-0000-4000-8000-000000000499,00000000-0000-4000-8000-000000000499,pay_9BK4UFSVUXZUYK,843100,16862,3035,0,NETBANKING,CAPTURED,2026-05-31T07:25:20
10000000-0000-4000-8000-000000000500,00000000-0000-4000-8000-000000000500,pay_5I8JNBRJS1M3RM,57400,1148,207,57400,CARD,REFUNDED,2026-08-03T05:47:17
10000000-0000-4000-8000-000000000501,00000000-0000-4000-8000-000000000501,pay_QBDYSAAR6JBPIH,377300,7546,1358,0,CARD,CAPTURED,2026-08-12T09:01:50
10000000-0000-4000-8000-000000000502,00000000-0000-4000-8000-000000000502,pay_TROUWFIAJIJNLP,938700,18774,3379,0,NETBANKING,CAPTURED,2026-06-27T19:45:44
10000000-0000-4000-8000-000000000503,00000000-0000-4000-8000-000000000503,pay_ALMWNMJ0SISJ42,1246200,24924,4486,0,CARD,CAPTURED,2026-08-08T14:33:21
10000000-0000-4000-8000-000000000504,00000000-0000-4000-8000-000000000504,pay_WA2GBZUO7MTCOY,552100,11042,1988,0,NETBANKING,CAPTURED,2026-08-22T21:09:31
10000000-0000-4000-8000-000000000505,00000000-0000-4000-8000-000000000505,pay_65ZC9HLU2ZLGLE,699600,13992,2519,0,WALLET,CAPTURED,2026-08-28T04:05:35
10000000-0000-4000-8000-000000000506,00000000-0000-4000-8000-000000000506,pay_HGTQMOR9EH7OLJ,350800,7016,1263,0,WALLET,CAPTURED,2026-08-10T19:44:00
10000000-0000-4000-8000-000000000507,00000000-0000-4000-8000-000000000507,pay_18GRZRKY8RAQUE,915400,18308,3295,0,CARD,CAPTURED,2026-06-05T18:47:47
10000000-0000-4000-8000-000000000508,00000000-0000-4000-8000-000000000508,pay_3R1SS07ZP3UFR4,752200,15044,2708,0,UPI,CAPTURED,2026-06-15T00:46:34
10000000-0000-4000-8000-000000000509,00000000-0000-4000-8000-000000000509,pay_O9IH4O8JG78IA6,736600,14732,2652,0,UPI,CAPTURED,2026-08-22T06:46:21
10000000-0000-4000-8000-000000000510,00000000-0000-4000-8000-000000000510,pay_RGMUDIIQ1Z5AYL,1486600,29732,5352,0,CARD,CAPTURED,2026-07-01T05:05:34
10000000-0000-4000-8000-000000000511,00000000-0000-4000-8000-000000000511,pay_AHI1YWT3HKO1CM,1237300,24746,4454,0,WALLET,CAPTURED,2026-08-25T07:27:01
10000000-0000-4000-8000-000000000512,00000000-0000-4000-8000-000000000512,pay_WJ8SUWUHQ6Q6Y5,887100,17742,3194,0,CARD,CAPTURED,2026-07-06T19:01:14
10000000-0000-4000-8000-000000000513,00000000-0000-4000-8000-000000000513,pay_NFLUO6PHYOVJMV,1423200,28464,5124,0,UPI,CAPTURED,2026-07-21T05:20:26
10000000-0000-4000-8000-000000000514,00000000-0000-4000-8000-000000000514,pay_VKSO8AP90OK11U,222800,4456,802,0,CARD,CAPTURED,2026-08-17T21:07:57
10000000-0000-4000-8000-000000000515,00000000-0000-4000-8000-000000000515,pay_OM9TP2KQDT1S9J,1099900,21998,3960,0,NETBANKING,CAPTURED,2026-06-17T01:05:43
10000000-0000-4000-8000-000000000516,00000000-0000-4000-8000-000000000516,pay_OPQ0UX5PGEM9IU,367100,7342,1322,0,WALLET,CAPTURED,2026-06-15T02:08:23
10000000-0000-4000-8000-000000000517,00000000-0000-4000-8000-000000000517,pay_B0XDKUUGO2N5MU,633900,12678,2282,0,CARD,CAPTURED,2026-06-21T03:22:49
10000000-0000-4000-8000-000000000518,00000000-0000-4000-8000-000000000518,pay_UNZJAOC78GO9EB,614900,12298,2214,0,CARD,CAPTURED,2026-06-30T18:04:05
10000000-0000-4000-8000-000000000519,00000000-0000-4000-8000-000000000519,pay_45ZWUOT8MMDFBH,1406400,28128,5063,0,WALLET,CAPTURED,2026-06-26T22:02:19
10000000-0000-4000-8000-000000000520,00000000-0000-4000-8000-000000000520,pay_6MXRF9CFWAWQ4X,1064600,21292,3833,0,WALLET,CAPTURED,2026-06-03T22:30:39
10000000-0000-4000-8000-000000000521,00000000-0000-4000-8000-000000000521,pay_WKOODVMBO4KF9O,1124900,22498,4050,0,WALLET,CAPTURED,2026-07-20T06:56:23
10000000-0000-4000-8000-000000000522,00000000-0000-4000-8000-000000000522,pay_L6E2YE38D1N1TP,1478300,29566,5322,0,CARD,CAPTURED,2026-06-04T13:40:04
10000000-0000-4000-8000-000000000523,00000000-0000-4000-8000-000000000523,pay_MFW66L1GEJ7AW3,1411200,28224,5080,0,CARD,CAPTURED,2026-08-16T13:10:53
10000000-0000-4000-8000-000000000524,00000000-0000-4000-8000-000000000524,pay_6SSX82UFL9MQ11,946900,18938,3409,0,WALLET,CAPTURED,2026-06-28T22:40:45
10000000-0000-4000-8000-000000000525,00000000-0000-4000-8000-000000000525,pay_NNBETRLZSCXCRH,794500,15890,2860,0,CARD,CAPTURED,2026-07-04T14:27:00
10000000-0000-4000-8000-000000000526,00000000-0000-4000-8000-000000000526,pay_7FPWBABHWIKVNZ,1306800,26136,4704,0,NETBANKING,CAPTURED,2026-07-29T10:04:45
10000000-0000-4000-8000-000000000527,00000000-0000-4000-8000-000000000527,pay_ULQ4JQHN49MAYQ,1326600,26532,4776,0,CARD,CAPTURED,2026-06-23T07:57:04
10000000-0000-4000-8000-000000000528,00000000-0000-4000-8000-000000000528,pay_9S0U9D8X92MFJE,453400,9068,1632,0,WALLET,CAPTURED,2026-07-28T23:47:50
10000000-0000-4000-8000-000000000529,00000000-0000-4000-8000-000000000529,pay_PH1DJVVH3T8X2G,611100,12222,2200,0,WALLET,CAPTURED,2026-06-18T07:38:20
10000000-0000-4000-8000-000000000530,00000000-0000-4000-8000-000000000530,pay_66WQX1N6PH1RAE,738800,14776,2660,0,NETBANKING,CAPTURED,2026-06-18T20:36:24
10000000-0000-4000-8000-000000000531,00000000-0000-4000-8000-000000000531,pay_5V320SXNW3W90M,715000,14300,2574,0,CARD,CAPTURED,2026-06-27T23:57:15
10000000-0000-4000-8000-000000000532,00000000-0000-4000-8000-000000000532,pay_73BHH85DA5H3Z4,90100,1802,324,0,NETBANKING,CAPTURED,2026-07-22T19:06:38
10000000-0000-4000-8000-000000000533,00000000-0000-4000-8000-000000000533,pay_LO9J5RWHHI4PJH,1137300,22746,4094,0,NETBANKING,CAPTURED,2026-06-22T04:00:55
10000000-0000-4000-8000-000000000534,00000000-0000-4000-8000-000000000534,pay_86IOSA6S9RCB2O,1166500,23330,4199,0,NETBANKING,CAPTURED,2026-07-22T03:43:52
10000000-0000-4000-8000-000000000535,00000000-0000-4000-8000-000000000535,pay_W3895TX69VA98B,553300,11066,1992,276650,NETBANKING,CAPTURED,2026-06-27T18:54:34
10000000-0000-4000-8000-000000000536,00000000-0000-4000-8000-000000000536,pay_D9LAEC8FB947E6,605200,12104,2179,0,NETBANKING,CAPTURED,2026-06-10T22:11:13
10000000-0000-4000-8000-000000000537,00000000-0000-4000-8000-000000000537,pay_Y12XC6VI7EP03L,1079100,21582,3885,0,NETBANKING,CAPTURED,2026-07-14T13:17:47
10000000-0000-4000-8000-000000000538,00000000-0000-4000-8000-000000000538,pay_7JUGKZESFKV3RQ,1048100,20962,3773,0,UPI,CAPTURED,2026-07-03T16:27:28
10000000-0000-4000-8000-000000000539,00000000-0000-4000-8000-000000000539,pay_8YHD6WBM8MIKM8,483600,9672,1741,0,NETBANKING,CAPTURED,2026-08-04T02:17:35
10000000-0000-4000-8000-000000000540,00000000-0000-4000-8000-000000000540,pay_7PRB6X6TWS79CT,1179200,23584,4245,0,CARD,CAPTURED,2026-08-05T08:38:48
10000000-0000-4000-8000-000000000541,00000000-0000-4000-8000-000000000541,pay_JULSXL8NV9UZI3,1371200,27424,4936,0,NETBANKING,CAPTURED,2026-06-30T16:09:33
10000000-0000-4000-8000-000000000542,00000000-0000-4000-8000-000000000542,pay_ZHO7Z98RI72LN2,653600,13072,2353,0,NETBANKING,CAPTURED,2026-07-26T01:56:39
10000000-0000-4000-8000-000000000543,00000000-0000-4000-8000-000000000543,pay_ICUUSYX2OWIL4L,244800,4896,881,0,UPI,CAPTURED,2026-08-17T13:25:41
10000000-0000-4000-8000-000000000544,00000000-0000-4000-8000-000000000544,pay_RZMWDEKL93B7AR,1408000,28160,5069,0,NETBANKING,CAPTURED,2026-08-27T12:09:09
10000000-0000-4000-8000-000000000545,00000000-0000-4000-8000-000000000545,pay_YO60F0EA86477T,1485000,29700,5346,0,UPI,CAPTURED,2026-07-02T05:03:32
10000000-0000-4000-8000-000000000546,00000000-0000-4000-8000-000000000546,pay_2WY0UFBC16LKS2,1248400,24968,4494,0,UPI,CAPTURED,2026-07-27T15:00:38
10000000-0000-4000-8000-000000000547,00000000-0000-4000-8000-000000000547,pay_0DX4NTQVNMD8IY,1362900,27258,4906,0,CARD,CAPTURED,2026-08-02T22:50:59
10000000-0000-4000-8000-000000000548,00000000-0000-4000-8000-000000000548,pay_5Q5LF7GDXFAE7W,662000,13240,2383,0,WALLET,CAPTURED,2026-06-17T09:30:30
10000000-0000-4000-8000-000000000549,00000000-0000-4000-8000-000000000549,pay_PX06LBRHLVO2Y9,942500,18850,3393,0,CARD,CAPTURED,2026-08-17T03:49:51
10000000-0000-4000-8000-000000000550,00000000-0000-4000-8000-000000000550,pay_LTNVV1GFBCHZ6P,1092400,21848,3933,0,UPI,CAPTURED,2026-06-04T12:07:44
10000000-0000-4000-8000-000000000551,00000000-0000-4000-8000-000000000551,pay_92EHPQP6AIXY3P,397900,7958,1432,0,UPI,CAPTURED,2026-08-14T16:27:43
10000000-0000-4000-8000-000000000552,00000000-0000-4000-8000-000000000552,pay_TLO1I7XJ2CZAFR,1341400,26828,4829,0,WALLET,CAPTURED,2026-07-02T00:10:33
10000000-0000-4000-8000-000000000553,00000000-0000-4000-8000-000000000553,pay_K76K9AGEIZ2WZF,649600,12992,2339,0,CARD,CAPTURED,2026-06-03T05:52:50
10000000-0000-4000-8000-000000000554,00000000-0000-4000-8000-000000000554,pay_XD06JGYPM2FM72,734400,14688,2644,0,UPI,CAPTURED,2026-06-13T12:17:19
10000000-0000-4000-8000-000000000555,00000000-0000-4000-8000-000000000555,pay_3BQ6FWSKLWS8ON,1377800,27556,4960,0,NETBANKING,CAPTURED,2026-08-29T04:23:59
10000000-0000-4000-8000-000000000556,00000000-0000-4000-8000-000000000556,pay_RCI2AFI41JIP23,305200,6104,1099,0,WALLET,CAPTURED,2026-07-28T14:22:05
10000000-0000-4000-8000-000000000557,00000000-0000-4000-8000-000000000557,pay_2EJPKC0XTYVR41,1327700,26554,4780,0,CARD,CAPTURED,2026-08-11T10:19:58
10000000-0000-4000-8000-000000000558,00000000-0000-4000-8000-000000000558,pay_HX2G7U6X8W1QXS,1165600,23312,4196,0,WALLET,CAPTURED,2026-06-20T11:37:29
10000000-0000-4000-8000-000000000559,00000000-0000-4000-8000-000000000559,pay_8ECTALUC2JKM0F,701700,14034,2526,0,NETBANKING,CAPTURED,2026-07-12T18:22:33
10000000-0000-4000-8000-000000000560,00000000-0000-4000-8000-000000000560,pay_9H8YH3ESP553XU,1442600,28852,5193,0,CARD,CAPTURED,2026-06-26T16:58:27
10000000-0000-4000-8000-000000000561,00000000-0000-4000-8000-000000000561,pay_8ZY7ESKZADBS9C,507800,10156,1828,507800,WALLET,REFUNDED,2026-05-31T15:12:18
10000000-0000-4000-8000-000000000562,00000000-0000-4000-8000-000000000562,pay_P4YEDN2Z2V17TZ,997600,19952,3591,0,WALLET,CAPTURED,2026-08-13T08:27:07
10000000-0000-4000-8000-000000000563,00000000-0000-4000-8000-000000000563,pay_WD52SW6D9WIOFN,426100,8522,1534,0,NETBANKING,CAPTURED,2026-06-04T01:27:56
10000000-0000-4000-8000-000000000564,00000000-0000-4000-8000-000000000564,pay_IGCUJ7ILPQFBQW,333100,6662,1199,0,NETBANKING,CAPTURED,2026-07-21T21:52:54
10000000-0000-4000-8000-000000000565,00000000-0000-4000-8000-000000000565,pay_KDPYTA7D589TOC,1301600,26032,4686,0,WALLET,CAPTURED,2026-08-21T04:32:46
10000000-0000-4000-8000-000000000566,00000000-0000-4000-8000-000000000566,pay_PV07UJ4FQKSD7G,185500,3710,668,0,UPI,CAPTURED,2026-07-31T18:41:52
10000000-0000-4000-8000-000000000567,00000000-0000-4000-8000-000000000567,pay_XAAD0XH2MECYJX,989600,19792,3563,0,WALLET,CAPTURED,2026-08-21T04:08:28
10000000-0000-4000-8000-000000000568,00000000-0000-4000-8000-000000000568,pay_TV3SY80W5GSM7R,339100,6782,1221,0,UPI,CAPTURED,2026-08-05T04:52:14
10000000-0000-4000-8000-000000000569,00000000-0000-4000-8000-000000000569,pay_MXK2ADE5JQ4J90,393200,7864,1416,0,WALLET,CAPTURED,2026-07-01T21:36:58
10000000-0000-4000-8000-000000000570,00000000-0000-4000-8000-000000000570,pay_U0M2V0MW405G00,989000,19780,3560,0,WALLET,CAPTURED,2026-08-18T18:11:17
10000000-0000-4000-8000-000000000571,00000000-0000-4000-8000-000000000571,pay_1KWVG8SZE26R2G,81900,1638,295,0,CARD,CAPTURED,2026-06-13T05:53:56
10000000-0000-4000-8000-000000000572,00000000-0000-4000-8000-000000000572,pay_UUCQB39BW4Q46D,317200,6344,1142,317200,CARD,REFUNDED,2026-08-26T12:58:14
10000000-0000-4000-8000-000000000573,00000000-0000-4000-8000-000000000573,pay_66SQMQQWHH3TT2,1348100,26962,4853,0,UPI,CAPTURED,2026-08-20T11:56:41
10000000-0000-4000-8000-000000000574,00000000-0000-4000-8000-000000000574,pay_MG2K87BSTRMZRM,129700,2594,467,0,NETBANKING,CAPTURED,2026-06-13T10:18:15
10000000-0000-4000-8000-000000000575,00000000-0000-4000-8000-000000000575,pay_1NJBUYYZU05Z4M,717400,14348,2583,0,NETBANKING,CAPTURED,2026-07-24T03:53:09
10000000-0000-4000-8000-000000000576,00000000-0000-4000-8000-000000000576,pay_N2GPZV1417H80Q,1392800,27856,5014,1392800,CARD,REFUNDED,2026-08-21T18:32:01
10000000-0000-4000-8000-000000000577,00000000-0000-4000-8000-000000000577,pay_VL0TWY9PZP802P,329600,6592,1187,0,UPI,CAPTURED,2026-07-17T23:49:28
10000000-0000-4000-8000-000000000578,00000000-0000-4000-8000-000000000578,pay_JRNICD0SQPZYGW,523800,10476,1886,0,CARD,CAPTURED,2026-06-21T18:11:13
10000000-0000-4000-8000-000000000579,00000000-0000-4000-8000-000000000579,pay_O7381ONRPOJ9BM,741000,14820,2668,0,UPI,CAPTURED,2026-07-21T13:29:50
10000000-0000-4000-8000-000000000580,00000000-0000-4000-8000-000000000580,pay_I2DIGTGU6IAC72,976900,19538,3517,0,NETBANKING,CAPTURED,2026-07-05T07:22:00
10000000-0000-4000-8000-000000000581,00000000-0000-4000-8000-000000000581,pay_JQTF8NBEWUD30E,736400,14728,2651,0,WALLET,CAPTURED,2026-05-31T19:34:01
10000000-0000-4000-8000-000000000582,00000000-0000-4000-8000-000000000582,pay_4NCBJM2GK9JYFD,223300,4466,804,0,NETBANKING,CAPTURED,2026-08-17T04:41:10
10000000-0000-4000-8000-000000000583,00000000-0000-4000-8000-000000000583,pay_V9MSK0NLYDJIXL,1055600,21112,3800,0,NETBANKING,CAPTURED,2026-07-08T07:54:14
10000000-0000-4000-8000-000000000584,00000000-0000-4000-8000-000000000584,pay_PMPCEM8ML7K7GO,381300,7626,1373,0,WALLET,CAPTURED,2026-06-10T23:24:52
10000000-0000-4000-8000-000000000585,00000000-0000-4000-8000-000000000585,pay_9MIZNQ782D0PY9,199500,3990,718,0,UPI,CAPTURED,2026-06-02T21:52:17
10000000-0000-4000-8000-000000000586,00000000-0000-4000-8000-000000000586,pay_1HAV6XH9M0P875,328500,6570,1183,0,NETBANKING,CAPTURED,2026-06-13T07:57:05
10000000-0000-4000-8000-000000000587,00000000-0000-4000-8000-000000000587,pay_A2X17ZQLG40SWD,555900,11118,2001,0,CARD,CAPTURED,2026-06-16T14:52:14
10000000-0000-4000-8000-000000000588,00000000-0000-4000-8000-000000000588,pay_6UA2YY3HBTTH9K,950100,19002,3420,0,WALLET,CAPTURED,2026-06-04T11:07:50
10000000-0000-4000-8000-000000000589,00000000-0000-4000-8000-000000000589,pay_73VF80JG2YJJ5P,1196000,23920,4306,0,WALLET,CAPTURED,2026-06-10T11:04:32
10000000-0000-4000-8000-000000000590,00000000-0000-4000-8000-000000000590,pay_HSNBWIDFCH3O1H,145600,2912,524,0,UPI,CAPTURED,2026-08-09T01:00:54
10000000-0000-4000-8000-000000000591,00000000-0000-4000-8000-000000000591,pay_E6LZKWE9CZTART,1294700,25894,4661,0,CARD,CAPTURED,2026-08-02T18:35:16
10000000-0000-4000-8000-000000000592,00000000-0000-4000-8000-000000000592,pay_H6RA0DQD29Q3T0,886800,17736,3192,0,UPI,CAPTURED,2026-07-23T06:01:54
10000000-0000-4000-8000-000000000593,00000000-0000-4000-8000-000000000593,pay_AXIAQJKB7IL6D6,101000,2020,364,0,WALLET,CAPTURED,2026-06-12T17:55:11
10000000-0000-4000-8000-000000000594,00000000-0000-4000-8000-000000000594,pay_U8WD62JC0VLKY7,733600,14672,2641,0,UPI,CAPTURED,2026-07-04T20:38:22
10000000-0000-4000-8000-000000000595,00000000-0000-4000-8000-000000000595,pay_0C7WXGJURIZR98,1432200,28644,5156,0,CARD,CAPTURED,2026-08-12T11:44:50
10000000-0000-4000-8000-000000000596,00000000-0000-4000-8000-000000000596,pay_7WCDPI2EYENYJY,1486100,29722,5350,0,NETBANKING,CAPTURED,2026-07-30T11:21:06
10000000-0000-4000-8000-000000000597,00000000-0000-4000-8000-000000000597,pay_JRV6XKV59GPHH6,221400,4428,797,0,WALLET,CAPTURED,2026-06-11T04:03:12
10000000-0000-4000-8000-000000000598,00000000-0000-4000-8000-000000000598,pay_OP0VEA3VO06V5F,460000,9200,1656,0,UPI,CAPTURED,2026-06-09T02:35:24
10000000-0000-4000-8000-000000000599,00000000-0000-4000-8000-000000000599,pay_1W31Q5F7XKKJJA,1033200,20664,3720,0,WALLET,CAPTURED,2026-08-25T16:49:35
10000000-0000-4000-8000-000000000600,00000000-0000-4000-8000-000000000600,pay_TL13ICI9PAEMTO,1215500,24310,4376,0,WALLET,CAPTURED,2026-06-13T09:55:43
10000000-0000-4000-8000-000000000601,00000000-0000-4000-8000-000000000601,pay_1L6R4U0000LG77,1136900,22738,4093,0,NETBANKING,CAPTURED,2026-07-03T15:11:57
10000000-0000-4000-8000-000000000602,00000000-0000-4000-8000-000000000602,pay_HZMZH75NIFKCEP,1476300,29526,5315,0,CARD,CAPTURED,2026-07-20T17:06:16
10000000-0000-4000-8000-000000000603,00000000-0000-4000-8000-000000000603,pay_GAVHI6T0YCU7R9,108700,2174,391,108700,WALLET,REFUNDED,2026-06-07T15:39:21
10000000-0000-4000-8000-000000000604,00000000-0000-4000-8000-000000000604,pay_FJP2PNKDWE3LSP,780900,15618,2811,0,UPI,CAPTURED,2026-07-17T01:02:44
10000000-0000-4000-8000-000000000605,00000000-0000-4000-8000-000000000605,pay_YMU0ZJ4O99P1F3,155100,3102,558,0,UPI,CAPTURED,2026-06-13T13:02:35
10000000-0000-4000-8000-000000000606,00000000-0000-4000-8000-000000000606,pay_J4BIOHK0VEYD5M,831300,16626,2993,0,NETBANKING,CAPTURED,2026-08-25T23:08:09
10000000-0000-4000-8000-000000000607,00000000-0000-4000-8000-000000000607,pay_O5CHM9GJNCFOOV,215500,4310,776,0,UPI,CAPTURED,2026-07-13T11:25:07
10000000-0000-4000-8000-000000000608,00000000-0000-4000-8000-000000000608,pay_VUSPQYASYINPFG,196700,3934,708,0,WALLET,CAPTURED,2026-07-11T07:25:19
10000000-0000-4000-8000-000000000609,00000000-0000-4000-8000-000000000609,pay_OOZWRSXF8LSMG9,714400,14288,2572,0,WALLET,CAPTURED,2026-06-09T14:15:09
10000000-0000-4000-8000-000000000610,00000000-0000-4000-8000-000000000610,pay_M2VSS666CEVPOU,138200,2764,498,0,CARD,CAPTURED,2026-06-21T21:58:52
10000000-0000-4000-8000-000000000611,00000000-0000-4000-8000-000000000611,pay_ZVZ0SFHZ92N7VG,1413800,28276,5090,0,UPI,CAPTURED,2026-08-25T21:13:15
10000000-0000-4000-8000-000000000612,00000000-0000-4000-8000-000000000612,pay_AXUZMXL244VRBJ,708800,14176,2552,0,WALLET,CAPTURED,2026-07-12T13:10:02
10000000-0000-4000-8000-000000000613,00000000-0000-4000-8000-000000000613,pay_1AA6Y87QS7JP1I,1016600,20332,3660,0,NETBANKING,CAPTURED,2026-08-14T11:29:35
10000000-0000-4000-8000-000000000614,00000000-0000-4000-8000-000000000614,pay_3BY1FUZY9OP9NF,1043600,20872,3757,0,NETBANKING,CAPTURED,2026-07-03T22:38:03
10000000-0000-4000-8000-000000000615,00000000-0000-4000-8000-000000000615,pay_M3OQCEZ5XTEBI7,699700,13994,2519,0,WALLET,CAPTURED,2026-06-30T18:32:53
10000000-0000-4000-8000-000000000616,00000000-0000-4000-8000-000000000616,pay_FP4V8Z3ND73LP6,1422400,28448,5121,0,CARD,CAPTURED,2026-06-22T05:19:42
10000000-0000-4000-8000-000000000617,00000000-0000-4000-8000-000000000617,pay_L5MQT8EGT3HFJY,575300,11506,2071,0,CARD,CAPTURED,2026-07-03T01:57:20
10000000-0000-4000-8000-000000000618,00000000-0000-4000-8000-000000000618,pay_9OMYJ06MMK4WL6,1440400,28808,5185,0,CARD,CAPTURED,2026-06-25T00:02:10
10000000-0000-4000-8000-000000000619,00000000-0000-4000-8000-000000000619,pay_U4TGVXKQ5HHOI4,365400,7308,1315,0,NETBANKING,CAPTURED,2026-06-22T06:22:09
10000000-0000-4000-8000-000000000620,00000000-0000-4000-8000-000000000620,pay_LW78F6M1DALPB0,893800,17876,3218,0,WALLET,CAPTURED,2026-07-23T00:06:12
10000000-0000-4000-8000-000000000621,00000000-0000-4000-8000-000000000621,pay_2XAQGSAIX9W04P,775000,15500,2790,0,UPI,CAPTURED,2026-07-28T00:30:42
10000000-0000-4000-8000-000000000622,00000000-0000-4000-8000-000000000622,pay_RIZK7C5KB3YGB1,1263800,25276,4550,0,WALLET,CAPTURED,2026-08-24T11:55:49
10000000-0000-4000-8000-000000000623,00000000-0000-4000-8000-000000000623,pay_4EEHRDWRKQYUYQ,977600,19552,3519,0,WALLET,CAPTURED,2026-08-16T12:11:03
10000000-0000-4000-8000-000000000624,00000000-0000-4000-8000-000000000624,pay_HINOEVZRPE7PKU,27600,552,99,0,UPI,CAPTURED,2026-06-10T10:16:14
10000000-0000-4000-8000-000000000625,00000000-0000-4000-8000-000000000625,pay_JRYX4B18B9QCL3,765800,15316,2757,0,WALLET,CAPTURED,2026-06-28T11:05:49
10000000-0000-4000-8000-000000000626,00000000-0000-4000-8000-000000000626,pay_LQII1EJ4PUZQ67,185100,3702,666,0,WALLET,CAPTURED,2026-06-17T21:25:06
10000000-0000-4000-8000-000000000627,00000000-0000-4000-8000-000000000627,pay_PWJT7D0AC0BQOF,827700,16554,2980,0,UPI,CAPTURED,2026-06-27T00:47:39
10000000-0000-4000-8000-000000000628,00000000-0000-4000-8000-000000000628,pay_664L90FXV2YREL,1112400,22248,4005,0,WALLET,CAPTURED,2026-06-19T08:51:42
10000000-0000-4000-8000-000000000629,00000000-0000-4000-8000-000000000629,pay_D6OO7G5B0L8O9I,917300,18346,3302,0,UPI,CAPTURED,2026-08-03T18:38:03
10000000-0000-4000-8000-000000000630,00000000-0000-4000-8000-000000000630,pay_WXYOUHIF806QXN,474900,9498,1710,0,UPI,CAPTURED,2026-06-09T06:30:38
10000000-0000-4000-8000-000000000631,00000000-0000-4000-8000-000000000631,pay_G7UV5IPBXMMNR1,730900,14618,2631,0,WALLET,CAPTURED,2026-06-21T21:27:47
10000000-0000-4000-8000-000000000632,00000000-0000-4000-8000-000000000632,pay_DTDUPWTB4V8JQ2,175100,3502,630,0,NETBANKING,CAPTURED,2026-06-04T18:34:32
10000000-0000-4000-8000-000000000633,00000000-0000-4000-8000-000000000633,pay_GDICOOKAEWF8KP,82200,1644,296,0,WALLET,CAPTURED,2026-06-15T21:29:58
10000000-0000-4000-8000-000000000634,00000000-0000-4000-8000-000000000634,pay_9TRJ7O6YU37NJT,1483500,29670,5341,0,UPI,CAPTURED,2026-08-11T09:52:45
10000000-0000-4000-8000-000000000635,00000000-0000-4000-8000-000000000635,pay_HI5BHJ3KFXSMTS,1421100,28422,5116,0,CARD,CAPTURED,2026-08-28T11:45:25
10000000-0000-4000-8000-000000000636,00000000-0000-4000-8000-000000000636,pay_K5A0XUJINHD5XZ,232800,4656,838,0,UPI,CAPTURED,2026-08-26T15:18:36
10000000-0000-4000-8000-000000000637,00000000-0000-4000-8000-000000000637,pay_HIWEE5RQGQNYB9,238200,4764,858,0,NETBANKING,CAPTURED,2026-07-24T05:11:19
10000000-0000-4000-8000-000000000638,00000000-0000-4000-8000-000000000638,pay_97LCPXXVK0QQXC,109300,2186,393,0,WALLET,CAPTURED,2026-06-08T23:15:57
10000000-0000-4000-8000-000000000639,00000000-0000-4000-8000-000000000639,pay_TXAB0G3YVOLLLM,53200,1064,192,0,NETBANKING,CAPTURED,2026-08-10T04:55:41
10000000-0000-4000-8000-000000000640,00000000-0000-4000-8000-000000000640,pay_H7L8QYYRH62E21,1436500,28730,5171,0,WALLET,CAPTURED,2026-06-07T07:54:32
10000000-0000-4000-8000-000000000641,00000000-0000-4000-8000-000000000641,pay_MH74UZ5LQ0NH0R,377100,7542,1358,0,UPI,CAPTURED,2026-07-29T01:50:32
10000000-0000-4000-8000-000000000642,00000000-0000-4000-8000-000000000642,pay_CJQQ08ZX54SD0N,607500,12150,2187,0,CARD,CAPTURED,2026-08-14T01:58:01
10000000-0000-4000-8000-000000000643,00000000-0000-4000-8000-000000000643,pay_OUQJACPTTCRDEV,367400,7348,1323,0,UPI,CAPTURED,2026-06-01T03:49:22
10000000-0000-4000-8000-000000000644,00000000-0000-4000-8000-000000000644,pay_K7OX4ROYLQFSDA,1083000,21660,3899,0,UPI,CAPTURED,2026-07-16T21:48:01
10000000-0000-4000-8000-000000000645,00000000-0000-4000-8000-000000000645,pay_P0OI8U4F5Y7GE7,511900,10238,1843,0,NETBANKING,CAPTURED,2026-08-01T08:31:07
10000000-0000-4000-8000-000000000646,00000000-0000-4000-8000-000000000646,pay_SS3SVY65QI2WJJ,1077500,21550,3879,0,WALLET,CAPTURED,2026-06-12T16:03:54
10000000-0000-4000-8000-000000000647,00000000-0000-4000-8000-000000000647,pay_B0CIKGO40Q9GI7,616800,12336,2220,0,UPI,CAPTURED,2026-07-19T20:03:03
10000000-0000-4000-8000-000000000648,00000000-0000-4000-8000-000000000648,pay_OUX9SLMA5BXJNB,1405200,28104,5059,0,CARD,CAPTURED,2026-07-29T15:55:43
10000000-0000-4000-8000-000000000649,00000000-0000-4000-8000-000000000649,pay_SALLHTAHOWRPHW,848900,16978,3056,0,NETBANKING,CAPTURED,2026-06-05T01:14:57
10000000-0000-4000-8000-000000000650,00000000-0000-4000-8000-000000000650,pay_J7H4217PFTPYBO,688300,13766,2478,0,WALLET,CAPTURED,2026-08-02T01:13:01
10000000-0000-4000-8000-000000000651,00000000-0000-4000-8000-000000000651,pay_DCQ81UENSE13DW,1319100,26382,4749,0,WALLET,CAPTURED,2026-08-15T00:36:05
10000000-0000-4000-8000-000000000652,00000000-0000-4000-8000-000000000652,pay_16DB0IC1KXGJW2,614300,12286,2211,0,WALLET,CAPTURED,2026-08-08T11:05:11
10000000-0000-4000-8000-000000000653,00000000-0000-4000-8000-000000000653,pay_W7RNTWXWQQIH11,836100,16722,3010,0,UPI,CAPTURED,2026-06-16T12:55:15
10000000-0000-4000-8000-000000000654,00000000-0000-4000-8000-000000000654,pay_3PV70LGRPZRXEP,330100,6602,1188,0,NETBANKING,CAPTURED,2026-08-27T21:57:09
10000000-0000-4000-8000-000000000655,00000000-0000-4000-8000-000000000655,pay_LYGWR70IOFIFOQ,328100,6562,1181,0,WALLET,CAPTURED,2026-08-10T14:15:02
10000000-0000-4000-8000-000000000656,00000000-0000-4000-8000-000000000656,pay_EZ15RVMK6TTGDL,143800,2876,518,0,UPI,CAPTURED,2026-08-25T06:58:22
10000000-0000-4000-8000-000000000657,00000000-0000-4000-8000-000000000657,pay_GF5RXE78D29F8P,692200,13844,2492,0,UPI,CAPTURED,2026-08-25T05:08:46
10000000-0000-4000-8000-000000000658,00000000-0000-4000-8000-000000000658,pay_HAWV8AB40OOBAG,479500,9590,1726,0,NETBANKING,CAPTURED,2026-07-02T03:01:03
10000000-0000-4000-8000-000000000659,00000000-0000-4000-8000-000000000659,pay_BGPFWCINVSKHD1,1030900,20618,3711,0,WALLET,CAPTURED,2026-07-01T01:08:47
10000000-0000-4000-8000-000000000660,00000000-0000-4000-8000-000000000660,pay_VWNTVZA33OP3WF,1269000,25380,4568,0,WALLET,CAPTURED,2026-08-24T12:10:44
10000000-0000-4000-8000-000000000661,00000000-0000-4000-8000-000000000661,pay_9LQ6W67VZO05D8,287300,5746,1034,0,NETBANKING,CAPTURED,2026-06-04T12:40:24
10000000-0000-4000-8000-000000000662,00000000-0000-4000-8000-000000000662,pay_5EYQT4XS3DF78Q,357800,7156,1288,0,WALLET,CAPTURED,2026-07-11T03:47:58
10000000-0000-4000-8000-000000000663,00000000-0000-4000-8000-000000000663,pay_CC7JBS8VMWMFKY,226800,4536,816,0,WALLET,CAPTURED,2026-07-06T10:42:06
10000000-0000-4000-8000-000000000664,00000000-0000-4000-8000-000000000664,pay_2S9JZL4KKLRIZN,202500,4050,729,0,WALLET,CAPTURED,2026-07-12T01:57:02
10000000-0000-4000-8000-000000000665,00000000-0000-4000-8000-000000000665,pay_B80VWGC7DV5BY0,672300,13446,2420,0,WALLET,CAPTURED,2026-08-10T14:13:18
10000000-0000-4000-8000-000000000666,00000000-0000-4000-8000-000000000666,pay_RZGHXIRJ6D60AJ,1316100,26322,4738,0,UPI,CAPTURED,2026-08-05T10:10:19
10000000-0000-4000-8000-000000000667,00000000-0000-4000-8000-000000000667,pay_FIDXWIHDRG8YGJ,229000,4580,824,0,NETBANKING,CAPTURED,2026-06-03T02:36:21
10000000-0000-4000-8000-000000000668,00000000-0000-4000-8000-000000000668,pay_HCDI74KZT22THW,1031200,20624,3712,0,WALLET,CAPTURED,2026-06-24T00:14:44
10000000-0000-4000-8000-000000000669,00000000-0000-4000-8000-000000000669,pay_8S0HCN1D53I0QA,1271200,25424,4576,0,WALLET,CAPTURED,2026-06-15T20:09:00
10000000-0000-4000-8000-000000000670,00000000-0000-4000-8000-000000000670,pay_R3O3QYEPJRF57C,232200,4644,836,0,WALLET,CAPTURED,2026-07-13T18:50:22
10000000-0000-4000-8000-000000000671,00000000-0000-4000-8000-000000000671,pay_3QKG8J7W6977XP,1297500,25950,4671,0,NETBANKING,CAPTURED,2026-06-01T19:36:40
10000000-0000-4000-8000-000000000672,00000000-0000-4000-8000-000000000672,pay_MNA9TV4OEPC8TZ,1346500,26930,4847,0,NETBANKING,CAPTURED,2026-07-23T19:30:11
10000000-0000-4000-8000-000000000673,00000000-0000-4000-8000-000000000673,pay_OCN8DS7KVK1XV1,976600,19532,3516,0,NETBANKING,CAPTURED,2026-07-29T04:26:05
10000000-0000-4000-8000-000000000674,00000000-0000-4000-8000-000000000674,pay_RA81RXYR24QHTL,1234600,24692,4445,0,NETBANKING,CAPTURED,2026-07-23T20:24:34
10000000-0000-4000-8000-000000000675,00000000-0000-4000-8000-000000000675,pay_3OBKJQ879JMQ48,1088300,21766,3918,0,UPI,CAPTURED,2026-08-02T21:31:36
10000000-0000-4000-8000-000000000676,00000000-0000-4000-8000-000000000676,pay_AQQ0EWZFOLSUCZ,373400,7468,1344,0,NETBANKING,CAPTURED,2026-06-18T12:26:23
10000000-0000-4000-8000-000000000677,00000000-0000-4000-8000-000000000677,pay_8PM4Y2MGBNCPRC,658200,13164,2370,0,CARD,CAPTURED,2026-06-15T04:04:07
10000000-0000-4000-8000-000000000678,00000000-0000-4000-8000-000000000678,pay_9XAGI30CN89YXJ,591500,11830,2129,0,CARD,CAPTURED,2026-07-15T21:29:27
10000000-0000-4000-8000-000000000679,00000000-0000-4000-8000-000000000679,pay_BAN52V58NG0DLH,1030000,20600,3708,0,UPI,CAPTURED,2026-06-22T13:57:57
10000000-0000-4000-8000-000000000680,00000000-0000-4000-8000-000000000680,pay_G6QOARIGD794QQ,470800,9416,1695,0,CARD,CAPTURED,2026-08-21T16:47:53
10000000-0000-4000-8000-000000000681,00000000-0000-4000-8000-000000000681,pay_B607ZUL867WC8R,516000,10320,1858,0,CARD,CAPTURED,2026-08-26T01:11:31
10000000-0000-4000-8000-000000000682,00000000-0000-4000-8000-000000000682,pay_RRPBL64LFQAJGO,1325100,26502,4770,0,NETBANKING,CAPTURED,2026-06-01T09:59:02
10000000-0000-4000-8000-000000000683,00000000-0000-4000-8000-000000000683,pay_10RWTCMBLEPSO1,1042400,20848,3753,0,CARD,CAPTURED,2026-07-25T05:00:23
10000000-0000-4000-8000-000000000684,00000000-0000-4000-8000-000000000684,pay_8ZTA66TGKNQDW7,589800,11796,2123,0,WALLET,CAPTURED,2026-06-02T16:39:06
10000000-0000-4000-8000-000000000685,00000000-0000-4000-8000-000000000685,pay_ED02G1K5JAW2DF,720900,14418,2595,0,CARD,CAPTURED,2026-08-24T15:47:19
10000000-0000-4000-8000-000000000686,00000000-0000-4000-8000-000000000686,pay_GBXZQINMM5DEPN,1453400,29068,5232,1453400,UPI,REFUNDED,2026-08-21T14:41:32
10000000-0000-4000-8000-000000000687,00000000-0000-4000-8000-000000000687,pay_19XPLKK88412IA,1481400,29628,5333,0,UPI,CAPTURED,2026-06-09T10:28:13
10000000-0000-4000-8000-000000000688,00000000-0000-4000-8000-000000000688,pay_6T86LR6SAKRAFF,1489700,29794,5363,0,NETBANKING,CAPTURED,2026-06-10T01:49:30
10000000-0000-4000-8000-000000000689,00000000-0000-4000-8000-000000000689,pay_PV4H1RZF1U6VQS,130800,2616,471,0,CARD,CAPTURED,2026-07-25T13:36:21
10000000-0000-4000-8000-000000000690,00000000-0000-4000-8000-000000000690,pay_EBTLDKZ27DQTRO,924100,18482,3327,0,CARD,CAPTURED,2026-07-13T15:19:11
10000000-0000-4000-8000-000000000691,00000000-0000-4000-8000-000000000691,pay_H9GCTS8H5BQD2U,67300,1346,242,0,CARD,CAPTURED,2026-07-08T18:20:00
10000000-0000-4000-8000-000000000692,00000000-0000-4000-8000-000000000692,pay_P1YVFKXVQVAEUT,844900,16898,3042,0,NETBANKING,CAPTURED,2026-07-12T11:44:52
10000000-0000-4000-8000-000000000693,00000000-0000-4000-8000-000000000693,pay_U4HS7XM7IDP5SR,836900,16738,3013,0,NETBANKING,CAPTURED,2026-08-26T19:20:55
10000000-0000-4000-8000-000000000694,00000000-0000-4000-8000-000000000694,pay_QONEWRX4ME6XKJ,563900,11278,2030,0,WALLET,CAPTURED,2026-08-28T04:11:17
10000000-0000-4000-8000-000000000695,00000000-0000-4000-8000-000000000695,pay_JTULR7Z3UORWAO,630900,12618,2271,0,UPI,CAPTURED,2026-07-14T14:37:22
10000000-0000-4000-8000-000000000696,00000000-0000-4000-8000-000000000696,pay_TS6Y3C1HD9N1O5,1109700,22194,3995,0,UPI,CAPTURED,2026-08-13T12:22:52
10000000-0000-4000-8000-000000000697,00000000-0000-4000-8000-000000000697,pay_G46TZMV6RL7GJC,1457100,29142,5246,0,NETBANKING,CAPTURED,2026-07-13T20:52:15
10000000-0000-4000-8000-000000000698,00000000-0000-4000-8000-000000000698,pay_Z6R222H1D2OW25,1272400,25448,4581,0,UPI,CAPTURED,2026-06-09T23:10:23
10000000-0000-4000-8000-000000000699,00000000-0000-4000-8000-000000000699,pay_ZQA1OXC0VVKLQ0,470800,9416,1695,0,NETBANKING,CAPTURED,2026-08-03T09:39:53
10000000-0000-4000-8000-000000000700,00000000-0000-4000-8000-000000000700,pay_QA1VB0BS90XP7R,720100,14402,2592,0,NETBANKING,CAPTURED,2026-08-04T04:44:05
10000000-0000-4000-8000-000000000701,00000000-0000-4000-8000-000000000701,pay_GH9Q7I2HKR65WP,1223400,24468,4404,0,UPI,CAPTURED,2026-06-08T12:04:37
10000000-0000-4000-8000-000000000702,00000000-0000-4000-8000-000000000702,pay_4NGOSVLD0MY1HR,490000,9800,1764,0,UPI,CAPTURED,2026-05-31T18:08:00
10000000-0000-4000-8000-000000000703,00000000-0000-4000-8000-000000000703,pay_7DTQ9RUJ3NP6W3,1314700,26294,4733,1314700,WALLET,REFUNDED,2026-06-08T04:19:25
10000000-0000-4000-8000-000000000704,00000000-0000-4000-8000-000000000704,pay_ZW5448M46H4AH5,212000,4240,763,0,NETBANKING,CAPTURED,2026-06-01T06:46:01
10000000-0000-4000-8000-000000000705,00000000-0000-4000-8000-000000000705,pay_W35F5SAYRSZQUS,775500,15510,2792,0,CARD,CAPTURED,2026-08-23T20:00:33
10000000-0000-4000-8000-000000000706,00000000-0000-4000-8000-000000000706,pay_3LV323XQPLUYG3,501200,10024,1804,0,CARD,CAPTURED,2026-06-22T06:39:04
10000000-0000-4000-8000-000000000707,00000000-0000-4000-8000-000000000707,pay_AS98BP7C8K4PW5,997200,19944,3590,0,WALLET,CAPTURED,2026-07-05T19:28:35
10000000-0000-4000-8000-000000000708,00000000-0000-4000-8000-000000000708,pay_PXDJ8MSH9CUCE5,1058100,21162,3809,0,WALLET,CAPTURED,2026-06-12T11:03:41
10000000-0000-4000-8000-000000000709,00000000-0000-4000-8000-000000000709,pay_A1VIQ63F9HKJF0,790800,15816,2847,0,NETBANKING,CAPTURED,2026-08-09T07:27:47
10000000-0000-4000-8000-000000000710,00000000-0000-4000-8000-000000000710,pay_CMEYP17X89NADH,51700,1034,186,0,CARD,CAPTURED,2026-08-02T13:51:37
10000000-0000-4000-8000-000000000711,00000000-0000-4000-8000-000000000711,pay_NHX2O3LFLN7FT5,1147000,22940,4129,0,CARD,CAPTURED,2026-07-18T16:29:48
10000000-0000-4000-8000-000000000712,00000000-0000-4000-8000-000000000712,pay_GANL816LBUWCHG,710500,14210,2558,0,UPI,CAPTURED,2026-08-22T08:56:35
10000000-0000-4000-8000-000000000713,00000000-0000-4000-8000-000000000713,pay_C7BKSKI19UR8NZ,1191500,23830,4289,0,NETBANKING,CAPTURED,2026-08-01T02:38:49
10000000-0000-4000-8000-000000000714,00000000-0000-4000-8000-000000000714,pay_5GOTUAMDB93QXG,583600,11672,2101,0,NETBANKING,CAPTURED,2026-08-15T13:52:28
10000000-0000-4000-8000-000000000715,00000000-0000-4000-8000-000000000715,pay_NEOGE9B4UNEI5N,414700,8294,1493,0,UPI,CAPTURED,2026-07-16T08:20:00
10000000-0000-4000-8000-000000000716,00000000-0000-4000-8000-000000000716,pay_LSXJN82IJW95MZ,171400,3428,617,0,NETBANKING,CAPTURED,2026-07-14T01:35:53
10000000-0000-4000-8000-000000000717,00000000-0000-4000-8000-000000000717,pay_YMT0W3X2FFA489,1221400,24428,4397,0,UPI,CAPTURED,2026-07-24T07:09:15
10000000-0000-4000-8000-000000000718,00000000-0000-4000-8000-000000000718,pay_8VU7JCSJPKB4PP,172000,3440,619,0,UPI,CAPTURED,2026-07-08T22:54:44
10000000-0000-4000-8000-000000000719,00000000-0000-4000-8000-000000000719,pay_PXM8EC4NNZ49NQ,1332800,26656,4798,0,NETBANKING,CAPTURED,2026-06-21T05:57:40
10000000-0000-4000-8000-000000000720,00000000-0000-4000-8000-000000000720,pay_2T2G43154MAPHA,1430700,28614,5151,0,CARD,CAPTURED,2026-06-22T04:27:21
10000000-0000-4000-8000-000000000721,00000000-0000-4000-8000-000000000721,pay_OPL6WUGOFRGJI1,1240600,24812,4466,0,CARD,CAPTURED,2026-06-09T11:33:47
10000000-0000-4000-8000-000000000722,00000000-0000-4000-8000-000000000722,pay_BHC9GCMYZ20FED,428400,8568,1542,0,NETBANKING,CAPTURED,2026-08-02T16:50:35
10000000-0000-4000-8000-000000000723,00000000-0000-4000-8000-000000000723,pay_62JCYB8EKOZU2P,887400,17748,3195,0,WALLET,CAPTURED,2026-08-28T18:54:04
10000000-0000-4000-8000-000000000724,00000000-0000-4000-8000-000000000724,pay_5FRZUUN6XGYTBG,1083100,21662,3899,0,CARD,CAPTURED,2026-07-31T17:18:00
10000000-0000-4000-8000-000000000725,00000000-0000-4000-8000-000000000725,pay_UIL3PSF81BGKSD,468600,9372,1687,0,UPI,CAPTURED,2026-06-24T03:30:47
10000000-0000-4000-8000-000000000726,00000000-0000-4000-8000-000000000726,pay_AO1WXLCIU4BMRC,772200,15444,2780,0,WALLET,CAPTURED,2026-08-13T16:27:56
10000000-0000-4000-8000-000000000727,00000000-0000-4000-8000-000000000727,pay_G3OXF93GL8T661,551300,11026,1985,0,UPI,CAPTURED,2026-07-26T09:43:21
10000000-0000-4000-8000-000000000728,00000000-0000-4000-8000-000000000728,pay_C7NNLKNWT9YXY1,1497300,29946,5390,0,NETBANKING,CAPTURED,2026-08-06T13:04:23
10000000-0000-4000-8000-000000000729,00000000-0000-4000-8000-000000000729,pay_J2NG1GAG5T3LZ8,1407500,28150,5067,0,WALLET,CAPTURED,2026-07-02T12:06:21
10000000-0000-4000-8000-000000000730,00000000-0000-4000-8000-000000000730,pay_VV7RMN41R7CX7M,1382000,27640,4975,0,CARD,CAPTURED,2026-07-19T12:01:55
10000000-0000-4000-8000-000000000731,00000000-0000-4000-8000-000000000731,pay_U8INR1S4VUVA1S,752000,15040,2707,0,CARD,CAPTURED,2026-07-12T21:24:50
10000000-0000-4000-8000-000000000732,00000000-0000-4000-8000-000000000732,pay_O8VE6UXTRAZMDU,394000,7880,1418,0,CARD,CAPTURED,2026-06-19T01:08:08
10000000-0000-4000-8000-000000000733,00000000-0000-4000-8000-000000000733,pay_O3JRBLOJ8IJUMD,434100,8682,1563,0,UPI,CAPTURED,2026-08-26T22:13:00
10000000-0000-4000-8000-000000000734,00000000-0000-4000-8000-000000000734,pay_QS9D3R3040HIIL,1158900,23178,4172,0,NETBANKING,CAPTURED,2026-06-25T09:43:30
10000000-0000-4000-8000-000000000735,00000000-0000-4000-8000-000000000735,pay_9QGJYCV3SG96EK,479300,9586,1725,0,CARD,CAPTURED,2026-08-01T19:43:41
10000000-0000-4000-8000-000000000736,00000000-0000-4000-8000-000000000736,pay_MEOAWPD8Z1QXFI,704200,14084,2535,0,UPI,CAPTURED,2026-07-20T09:48:43
10000000-0000-4000-8000-000000000737,00000000-0000-4000-8000-000000000737,pay_35KRNM7TH9IIUK,1207400,24148,4347,0,UPI,CAPTURED,2026-07-13T12:36:17
10000000-0000-4000-8000-000000000738,00000000-0000-4000-8000-000000000738,pay_SMQP72T4YUR03I,150000,3000,540,0,WALLET,CAPTURED,2026-06-16T12:47:16
10000000-0000-4000-8000-000000000739,00000000-0000-4000-8000-000000000739,pay_2VBQKUW37J9GGF,432900,8658,1558,0,NETBANKING,CAPTURED,2026-08-13T01:40:09
10000000-0000-4000-8000-000000000740,00000000-0000-4000-8000-000000000740,pay_61GXCNWSGL97C8,194200,3884,699,0,NETBANKING,CAPTURED,2026-06-21T09:01:44
10000000-0000-4000-8000-000000000741,00000000-0000-4000-8000-000000000741,pay_XQ01JWY0TN1QAI,1210000,24200,4356,0,CARD,CAPTURED,2026-06-22T01:41:46
10000000-0000-4000-8000-000000000742,00000000-0000-4000-8000-000000000742,pay_HZW22DPTMD4F9H,751700,15034,2706,0,CARD,CAPTURED,2026-07-17T09:32:33
10000000-0000-4000-8000-000000000743,00000000-0000-4000-8000-000000000743,pay_96EM7R3QCQAOOX,700700,14014,2523,0,NETBANKING,CAPTURED,2026-08-17T16:31:44
10000000-0000-4000-8000-000000000744,00000000-0000-4000-8000-000000000744,pay_23M9DVNY0FCL6F,1132100,22642,4076,0,WALLET,CAPTURED,2026-06-08T02:14:59
10000000-0000-4000-8000-000000000745,00000000-0000-4000-8000-000000000745,pay_8VZYWI2SKO793Y,612000,12240,2203,0,UPI,CAPTURED,2026-06-01T03:20:02
10000000-0000-4000-8000-000000000746,00000000-0000-4000-8000-000000000746,pay_OREXFT0SAZWVMP,53600,1072,193,0,CARD,CAPTURED,2026-07-23T08:47:40
10000000-0000-4000-8000-000000000747,00000000-0000-4000-8000-000000000747,pay_YFTLXBWLWM5JLS,425400,8508,1531,0,UPI,CAPTURED,2026-07-01T03:48:08
10000000-0000-4000-8000-000000000748,00000000-0000-4000-8000-000000000748,pay_YCGU3I2SK9ZYER,1069900,21398,3852,0,CARD,CAPTURED,2026-08-01T20:41:40
10000000-0000-4000-8000-000000000749,00000000-0000-4000-8000-000000000749,pay_QEAGTNP9BAAUA5,542500,10850,1953,0,UPI,CAPTURED,2026-07-07T23:18:01
10000000-0000-4000-8000-000000000750,00000000-0000-4000-8000-000000000750,pay_EX3ZL3FUHT4LG5,764200,15284,2751,0,CARD,CAPTURED,2026-06-04T04:37:29
10000000-0000-4000-8000-000000000751,00000000-0000-4000-8000-000000000751,pay_PUWFBQ2SYYJ47C,507500,10150,1827,0,UPI,CAPTURED,2026-08-22T22:12:15
10000000-0000-4000-8000-000000000752,00000000-0000-4000-8000-000000000752,pay_PAYJ30AMXE2NFZ,1450600,29012,5222,1450600,NETBANKING,REFUNDED,2026-07-16T13:36:29
10000000-0000-4000-8000-000000000753,00000000-0000-4000-8000-000000000753,pay_CAJ1BFHL5RMI93,1281900,25638,4615,0,CARD,CAPTURED,2026-07-21T22:51:24
10000000-0000-4000-8000-000000000754,00000000-0000-4000-8000-000000000754,pay_L0HHBVMDCDOETP,629100,12582,2265,0,NETBANKING,CAPTURED,2026-06-02T11:20:32
10000000-0000-4000-8000-000000000755,00000000-0000-4000-8000-000000000755,pay_O8THSCWD7X2N8L,1290500,25810,4646,0,UPI,CAPTURED,2026-06-09T11:08:15
10000000-0000-4000-8000-000000000756,00000000-0000-4000-8000-000000000756,pay_ZIULGI0JUGGNS8,198800,3976,716,0,CARD,CAPTURED,2026-07-03T07:38:16
10000000-0000-4000-8000-000000000757,00000000-0000-4000-8000-000000000757,pay_OCOG2XR3LDZ5JX,1207000,24140,4345,0,CARD,CAPTURED,2026-08-03T08:56:48
10000000-0000-4000-8000-000000000758,00000000-0000-4000-8000-000000000758,pay_BNU69IM8OSVC1U,849800,16996,3059,0,CARD,CAPTURED,2026-07-26T01:52:50
10000000-0000-4000-8000-000000000759,00000000-0000-4000-8000-000000000759,pay_KBICICDBPU4D4N,350700,7014,1263,0,CARD,CAPTURED,2026-08-12T05:58:01
10000000-0000-4000-8000-000000000760,00000000-0000-4000-8000-000000000760,pay_4UZIIFLNWROV6Z,1069600,21392,3851,0,NETBANKING,CAPTURED,2026-07-18T02:14:18
10000000-0000-4000-8000-000000000761,00000000-0000-4000-8000-000000000761,pay_5H0GK8FKFFGFTI,1179300,23586,4245,0,UPI,CAPTURED,2026-06-17T17:08:21
10000000-0000-4000-8000-000000000762,00000000-0000-4000-8000-000000000762,pay_E74T355HSS7NW0,772000,15440,2779,0,UPI,CAPTURED,2026-08-04T23:24:13
10000000-0000-4000-8000-000000000763,00000000-0000-4000-8000-000000000763,pay_4Q77AG3YN2YJW2,243300,4866,876,0,UPI,CAPTURED,2026-07-12T20:48:40
10000000-0000-4000-8000-000000000764,00000000-0000-4000-8000-000000000764,pay_F4J2BCY7TXB60I,136500,2730,491,0,UPI,CAPTURED,2026-08-03T17:25:36
10000000-0000-4000-8000-000000000765,00000000-0000-4000-8000-000000000765,pay_JCB80PZY037GBU,61700,1234,222,0,CARD,CAPTURED,2026-06-07T00:43:09
10000000-0000-4000-8000-000000000766,00000000-0000-4000-8000-000000000766,pay_DME6P5QDHNGEOX,656000,13120,2362,0,WALLET,CAPTURED,2026-07-31T19:39:34
10000000-0000-4000-8000-000000000767,00000000-0000-4000-8000-000000000767,pay_ZJC3WSFZW7D2EZ,181000,3620,652,0,CARD,CAPTURED,2026-08-20T21:30:51
10000000-0000-4000-8000-000000000768,00000000-0000-4000-8000-000000000768,pay_QSAAYE8S2WCZ5G,1106500,22130,3983,0,UPI,CAPTURED,2026-06-24T08:30:27
10000000-0000-4000-8000-000000000769,00000000-0000-4000-8000-000000000769,pay_P5H3V8BOO9P2MA,1288800,25776,4640,0,UPI,CAPTURED,2026-07-08T00:45:26
10000000-0000-4000-8000-000000000770,00000000-0000-4000-8000-000000000770,pay_HRJAE8QK4Z91PL,1457300,29146,5246,728650,UPI,CAPTURED,2026-07-21T22:15:47
10000000-0000-4000-8000-000000000771,00000000-0000-4000-8000-000000000771,pay_T1ZHT4EIF5S4JD,112800,2256,406,0,WALLET,CAPTURED,2026-08-16T06:13:05
10000000-0000-4000-8000-000000000772,00000000-0000-4000-8000-000000000772,pay_MLFDTLT365W64Y,515100,10302,1854,0,WALLET,CAPTURED,2026-06-24T23:39:25
10000000-0000-4000-8000-000000000773,00000000-0000-4000-8000-000000000773,pay_K0XL26F1POASVB,1407500,28150,5067,0,UPI,CAPTURED,2026-07-17T05:43:20
10000000-0000-4000-8000-000000000774,00000000-0000-4000-8000-000000000774,pay_9GU65M7AA62DBK,1320200,26404,4753,0,WALLET,CAPTURED,2026-06-13T14:43:46
10000000-0000-4000-8000-000000000775,00000000-0000-4000-8000-000000000775,pay_5MBL8L24W3ZXOQ,752600,15052,2709,0,CARD,CAPTURED,2026-06-25T15:34:46
10000000-0000-4000-8000-000000000776,00000000-0000-4000-8000-000000000776,pay_Y26Y7XPESW8RRL,556300,11126,2003,0,UPI,CAPTURED,2026-06-15T05:38:52
10000000-0000-4000-8000-000000000777,00000000-0000-4000-8000-000000000777,pay_4JBJJ5M5ZV9Z8C,1143500,22870,4117,0,WALLET,CAPTURED,2026-08-08T06:36:03
10000000-0000-4000-8000-000000000778,00000000-0000-4000-8000-000000000778,pay_C4SL05SC51SJ92,289200,5784,1041,0,CARD,CAPTURED,2026-06-02T22:05:19
10000000-0000-4000-8000-000000000779,00000000-0000-4000-8000-000000000779,pay_E5F0H74ISRCAXH,579200,11584,2085,0,UPI,CAPTURED,2026-06-22T03:06:10
10000000-0000-4000-8000-000000000780,00000000-0000-4000-8000-000000000780,pay_G89VB92G1IPJJ9,627000,12540,2257,0,WALLET,CAPTURED,2026-07-02T19:33:03
10000000-0000-4000-8000-000000000781,00000000-0000-4000-8000-000000000781,pay_F8ZQ1VKVV411QI,74000,1480,266,0,WALLET,CAPTURED,2026-08-07T03:13:26
10000000-0000-4000-8000-000000000782,00000000-0000-4000-8000-000000000782,pay_2J5UFVFCWGQ8X2,1364500,27290,4912,0,NETBANKING,CAPTURED,2026-08-26T13:43:37
10000000-0000-4000-8000-000000000783,00000000-0000-4000-8000-000000000783,pay_YZ5SCZH36HIAMJ,1436100,28722,5170,0,CARD,CAPTURED,2026-08-26T00:13:27
10000000-0000-4000-8000-000000000784,00000000-0000-4000-8000-000000000784,pay_ANHKW9X6REAVBE,1235400,24708,4447,0,CARD,CAPTURED,2026-07-17T07:53:32
10000000-0000-4000-8000-000000000785,00000000-0000-4000-8000-000000000785,pay_HDAS1CO1RYWYMC,355500,7110,1280,0,NETBANKING,CAPTURED,2026-06-09T20:36:15
10000000-0000-4000-8000-000000000786,00000000-0000-4000-8000-000000000786,pay_VYEJL0TI4NRBBJ,56600,1132,204,0,NETBANKING,CAPTURED,2026-08-05T09:20:09
10000000-0000-4000-8000-000000000787,00000000-0000-4000-8000-000000000787,pay_8EGJ7A0KLL5ZNL,1205600,24112,4340,0,NETBANKING,CAPTURED,2026-06-06T03:58:41
10000000-0000-4000-8000-000000000788,00000000-0000-4000-8000-000000000788,pay_CFH9APUN9WOQIH,118700,2374,427,0,CARD,CAPTURED,2026-06-01T23:12:00
10000000-0000-4000-8000-000000000789,00000000-0000-4000-8000-000000000789,pay_S45NMTVZ2GPILE,1444000,28880,5198,0,WALLET,CAPTURED,2026-07-16T16:46:14
10000000-0000-4000-8000-000000000790,00000000-0000-4000-8000-000000000790,pay_GKQRYY8NXW068A,515200,10304,1855,0,CARD,CAPTURED,2026-07-24T15:27:06
10000000-0000-4000-8000-000000000791,00000000-0000-4000-8000-000000000791,pay_L5UBEVSZLCDNTQ,523500,10470,1885,0,CARD,CAPTURED,2026-06-11T17:10:41
10000000-0000-4000-8000-000000000792,00000000-0000-4000-8000-000000000792,pay_LN7OGKH50K2T9Z,830400,16608,2989,0,CARD,CAPTURED,2026-08-22T07:11:09
10000000-0000-4000-8000-000000000793,00000000-0000-4000-8000-000000000793,pay_KQKP90NE6YIWDS,1076000,21520,3874,0,UPI,CAPTURED,2026-06-28T16:02:32
10000000-0000-4000-8000-000000000794,00000000-0000-4000-8000-000000000794,pay_6F4DQWML7O610H,580100,11602,2088,0,NETBANKING,CAPTURED,2026-07-14T13:19:40
10000000-0000-4000-8000-000000000795,00000000-0000-4000-8000-000000000795,pay_Z96SJMHJ6C6AB5,205800,4116,741,0,CARD,CAPTURED,2026-07-11T22:52:43
10000000-0000-4000-8000-000000000796,00000000-0000-4000-8000-000000000796,pay_GO7F0BRO5XYT86,850000,17000,3060,0,UPI,CAPTURED,2026-06-14T12:06:22
10000000-0000-4000-8000-000000000797,00000000-0000-4000-8000-000000000797,pay_N31LYCFVP1XNKV,146700,2934,528,0,UPI,CAPTURED,2026-07-22T13:52:27
10000000-0000-4000-8000-000000000798,00000000-0000-4000-8000-000000000798,pay_GVGQ2UOKFF5V7I,571600,11432,2058,0,NETBANKING,CAPTURED,2026-06-28T18:31:16
10000000-0000-4000-8000-000000000799,00000000-0000-4000-8000-000000000799,pay_BB3RNWYXAQAFB6,570200,11404,2053,0,WALLET,CAPTURED,2026-07-13T15:11:33
10000000-0000-4000-8000-000000000800,00000000-0000-4000-8000-000000000800,pay_A23BT0JWI0P91L,1109000,22180,3992,1109000,CARD,REFUNDED,2026-07-07T02:44:36
10000000-0000-4000-8000-000000000801,00000000-0000-4000-8000-000000000801,pay_3LFUOK8CYSH6XQ,1224800,24496,4409,0,CARD,CAPTURED,2026-07-06T00:10:33
10000000-0000-4000-8000-000000000802,00000000-0000-4000-8000-000000000802,pay_AJ5JFV4FHRQJ6F,757600,15152,2727,0,CARD,CAPTURED,2026-07-23T08:32:19
10000000-0000-4000-8000-000000000803,00000000-0000-4000-8000-000000000803,pay_8V886N7HMQDMJ9,1161400,23228,4181,0,CARD,CAPTURED,2026-08-01T02:23:27
10000000-0000-4000-8000-000000000804,00000000-0000-4000-8000-000000000804,pay_78DIQKNPPAJIYR,348000,6960,1253,0,CARD,CAPTURED,2026-07-17T03:38:15
10000000-0000-4000-8000-000000000805,00000000-0000-4000-8000-000000000805,pay_MPVCKJMXCMHYCS,570800,11416,2055,0,NETBANKING,CAPTURED,2026-07-12T17:21:36
10000000-0000-4000-8000-000000000806,00000000-0000-4000-8000-000000000806,pay_1MHJNBXSM2EJO2,581000,11620,2092,0,UPI,CAPTURED,2026-08-02T23:11:42
10000000-0000-4000-8000-000000000807,00000000-0000-4000-8000-000000000807,pay_P72I82XP3RCXUO,431900,8638,1555,215950,NETBANKING,CAPTURED,2026-08-04T13:24:43
10000000-0000-4000-8000-000000000808,00000000-0000-4000-8000-000000000808,pay_W6MZKNTK3IH714,65600,1312,236,0,NETBANKING,CAPTURED,2026-06-02T22:30:35
10000000-0000-4000-8000-000000000809,00000000-0000-4000-8000-000000000809,pay_F2Y5XU8C7QWSYX,1044800,20896,3761,522400,UPI,CAPTURED,2026-08-10T03:38:28
10000000-0000-4000-8000-000000000810,00000000-0000-4000-8000-000000000810,pay_CLVVAGY1E6WWI8,585100,11702,2106,0,UPI,CAPTURED,2026-06-30T23:04:18
10000000-0000-4000-8000-000000000811,00000000-0000-4000-8000-000000000811,pay_D0Y4Q9YG0QLWE1,113100,2262,407,0,CARD,CAPTURED,2026-07-03T09:52:22
10000000-0000-4000-8000-000000000812,00000000-0000-4000-8000-000000000812,pay_F4HN6MGWNOMFUG,487900,9758,1756,0,NETBANKING,CAPTURED,2026-08-08T17:48:55
10000000-0000-4000-8000-000000000813,00000000-0000-4000-8000-000000000813,pay_23SBKP1L4WFXFM,850900,17018,3063,0,UPI,CAPTURED,2026-07-11T08:01:30
10000000-0000-4000-8000-000000000814,00000000-0000-4000-8000-000000000814,pay_IM1XZFTRYC9UBT,987100,19742,3554,987100,WALLET,REFUNDED,2026-08-21T15:46:49
10000000-0000-4000-8000-000000000815,00000000-0000-4000-8000-000000000815,pay_5GW8LU3TGLZLM5,502200,10044,1808,0,UPI,CAPTURED,2026-06-04T18:32:04
10000000-0000-4000-8000-000000000816,00000000-0000-4000-8000-000000000816,pay_NY6VPASGPAGI3X,1364400,27288,4912,0,UPI,CAPTURED,2026-06-06T04:01:42
10000000-0000-4000-8000-000000000817,00000000-0000-4000-8000-000000000817,pay_DIJWPY51FS1OIS,361400,7228,1301,0,UPI,CAPTURED,2026-06-05T05:49:37
10000000-0000-4000-8000-000000000818,00000000-0000-4000-8000-000000000818,pay_42IRJJI6CMYUL3,1378400,27568,4962,0,UPI,CAPTURED,2026-06-21T23:47:48
10000000-0000-4000-8000-000000000819,00000000-0000-4000-8000-000000000819,pay_SIS1BWMF8YWT9O,422800,8456,1522,0,UPI,CAPTURED,2026-08-01T08:07:07
10000000-0000-4000-8000-000000000820,00000000-0000-4000-8000-000000000820,pay_J6V0PMQF6BR2LE,440200,8804,1585,0,UPI,CAPTURED,2026-06-16T21:36:43
10000000-0000-4000-8000-000000000821,00000000-0000-4000-8000-000000000821,pay_SWRR90909JFJFL,577300,11546,2078,0,UPI,CAPTURED,2026-06-11T18:11:00
10000000-0000-4000-8000-000000000822,00000000-0000-4000-8000-000000000822,pay_8SK9150UMSZU9Y,390700,7814,1407,0,UPI,CAPTURED,2026-08-07T15:07:12
10000000-0000-4000-8000-000000000823,00000000-0000-4000-8000-000000000823,pay_NHKIXXX1GJS407,388400,7768,1398,0,UPI,CAPTURED,2026-08-19T16:44:22
10000000-0000-4000-8000-000000000824,00000000-0000-4000-8000-000000000824,pay_J91QOE5IOMQD9A,106100,2122,382,0,WALLET,CAPTURED,2026-06-22T01:46:00
10000000-0000-4000-8000-000000000825,00000000-0000-4000-8000-000000000825,pay_IAB2YU7YF9UL42,643500,12870,2317,0,NETBANKING,CAPTURED,2026-08-23T05:37:22
10000000-0000-4000-8000-000000000826,00000000-0000-4000-8000-000000000826,pay_2J9NVTNIC487BX,609700,12194,2195,0,NETBANKING,CAPTURED,2026-06-02T01:34:54
10000000-0000-4000-8000-000000000827,00000000-0000-4000-8000-000000000827,pay_Q1QU1RE07WXC1K,1058000,21160,3809,0,WALLET,CAPTURED,2026-07-19T09:34:37
10000000-0000-4000-8000-000000000828,00000000-0000-4000-8000-000000000828,pay_MH6AAF28NWNL2U,272700,5454,982,0,WALLET,CAPTURED,2026-06-12T21:36:31
10000000-0000-4000-8000-000000000829,00000000-0000-4000-8000-000000000829,pay_QTOQCQ2IHW922Q,65700,1314,237,65700,CARD,REFUNDED,2026-05-31T17:38:45
10000000-0000-4000-8000-000000000830,00000000-0000-4000-8000-000000000830,pay_1660U20E26PSRC,1383400,27668,4980,0,UPI,CAPTURED,2026-08-25T04:26:26
10000000-0000-4000-8000-000000000831,00000000-0000-4000-8000-000000000831,pay_BZ8W8A5K8XEH8G,1062700,21254,3826,0,UPI,CAPTURED,2026-07-19T09:35:43
10000000-0000-4000-8000-000000000832,00000000-0000-4000-8000-000000000832,pay_SREYGAADH2EI2O,544700,10894,1961,544700,WALLET,REFUNDED,2026-07-01T22:55:18
10000000-0000-4000-8000-000000000833,00000000-0000-4000-8000-000000000833,pay_06MQ8I3WEHGSUW,842500,16850,3033,0,CARD,CAPTURED,2026-07-19T23:13:54
10000000-0000-4000-8000-000000000834,00000000-0000-4000-8000-000000000834,pay_HNSFE1V0ONRNVW,1204800,24096,4337,0,UPI,CAPTURED,2026-07-21T12:07:39
10000000-0000-4000-8000-000000000835,00000000-0000-4000-8000-000000000835,pay_3V2E5NB7UDBUJH,1473100,29462,5303,0,UPI,CAPTURED,2026-08-27T13:26:26
10000000-0000-4000-8000-000000000836,00000000-0000-4000-8000-000000000836,pay_5KH0405CRZETVL,1216800,24336,4380,0,NETBANKING,CAPTURED,2026-07-12T09:22:29
10000000-0000-4000-8000-000000000837,00000000-0000-4000-8000-000000000837,pay_PWN79PG2IMI74B,1201600,24032,4326,0,CARD,CAPTURED,2026-06-07T01:08:49
10000000-0000-4000-8000-000000000838,00000000-0000-4000-8000-000000000838,pay_7I85H6YYDCM3T1,134400,2688,484,0,CARD,CAPTURED,2026-06-20T17:19:08
10000000-0000-4000-8000-000000000839,00000000-0000-4000-8000-000000000839,pay_KP3ID6DNWTLBN4,946200,18924,3406,0,UPI,CAPTURED,2026-06-24T12:00:22
10000000-0000-4000-8000-000000000840,00000000-0000-4000-8000-000000000840,pay_XKP43MDHOHGN48,496600,9932,1788,0,CARD,CAPTURED,2026-06-28T17:04:39
10000000-0000-4000-8000-000000000841,00000000-0000-4000-8000-000000000841,pay_PK4L2NA5TYASDW,340100,6802,1224,0,UPI,CAPTURED,2026-08-28T09:28:17
10000000-0000-4000-8000-000000000842,00000000-0000-4000-8000-000000000842,pay_C8HH41QKIIE80Y,572000,11440,2059,0,WALLET,CAPTURED,2026-07-09T15:53:56
10000000-0000-4000-8000-000000000843,00000000-0000-4000-8000-000000000843,pay_MH1NBZOYW7YHRJ,1280600,25612,4610,1280600,WALLET,REFUNDED,2026-08-22T07:56:34
10000000-0000-4000-8000-000000000844,00000000-0000-4000-8000-000000000844,pay_V601S9BAY6B0M1,432600,8652,1557,0,CARD,CAPTURED,2026-06-03T20:20:43
10000000-0000-4000-8000-000000000845,00000000-0000-4000-8000-000000000845,pay_V6GIZ2DTX42681,108600,2172,391,0,WALLET,CAPTURED,2026-06-08T22:17:26
10000000-0000-4000-8000-000000000846,00000000-0000-4000-8000-000000000846,pay_ZRKLSPPCZUONEW,289500,5790,1042,0,CARD,CAPTURED,2026-06-10T20:39:19
10000000-0000-4000-8000-000000000847,00000000-0000-4000-8000-000000000847,pay_KWES65O412Q4X0,529900,10598,1908,0,NETBANKING,CAPTURED,2026-06-09T05:26:07
10000000-0000-4000-8000-000000000848,00000000-0000-4000-8000-000000000848,pay_PSF14PN1QY8ECV,1497300,29946,5390,0,CARD,CAPTURED,2026-06-02T19:21:05
10000000-0000-4000-8000-000000000849,00000000-0000-4000-8000-000000000849,pay_RJZZAZFN4OQXHN,1086700,21734,3912,0,WALLET,CAPTURED,2026-07-22T21:53:19
10000000-0000-4000-8000-000000000850,00000000-0000-4000-8000-000000000850,pay_PHT28C8CFL1ZYP,824800,16496,2969,0,UPI,CAPTURED,2026-06-06T09:13:33
10000000-0000-4000-8000-000000000851,00000000-0000-4000-8000-000000000851,pay_R9IWEUSNS7VBHH,1028600,20572,3703,0,NETBANKING,CAPTURED,2026-05-31T23:00:18
10000000-0000-4000-8000-000000000852,00000000-0000-4000-8000-000000000852,pay_IKURGMTJVW31CF,1181800,23636,4254,0,NETBANKING,CAPTURED,2026-08-14T02:00:53
10000000-0000-4000-8000-000000000853,00000000-0000-4000-8000-000000000853,pay_QIZRJ48L94WOZR,844300,16886,3039,0,WALLET,CAPTURED,2026-08-26T11:18:27
10000000-0000-4000-8000-000000000854,00000000-0000-4000-8000-000000000854,pay_5BO46Y8N5MU56F,835700,16714,3009,0,CARD,CAPTURED,2026-08-10T01:22:20
10000000-0000-4000-8000-000000000855,00000000-0000-4000-8000-000000000855,pay_KZSEQGAN2ITCLT,1415100,28302,5094,0,WALLET,CAPTURED,2026-08-12T18:53:37
10000000-0000-4000-8000-000000000856,00000000-0000-4000-8000-000000000856,pay_JQTBOFA204OAXL,1146000,22920,4126,0,WALLET,CAPTURED,2026-06-08T01:52:50
10000000-0000-4000-8000-000000000857,00000000-0000-4000-8000-000000000857,pay_21073AEEP2R61L,155300,3106,559,0,NETBANKING,CAPTURED,2026-07-19T05:33:18
10000000-0000-4000-8000-000000000858,00000000-0000-4000-8000-000000000858,pay_87BBMUX7ZHEQN6,1245200,24904,4483,0,UPI,CAPTURED,2026-06-22T01:14:53
10000000-0000-4000-8000-000000000859,00000000-0000-4000-8000-000000000859,pay_TK2YI5YH7RPV6W,721400,14428,2597,0,UPI,CAPTURED,2026-07-10T14:14:00
10000000-0000-4000-8000-000000000860,00000000-0000-4000-8000-000000000860,pay_9UGGG150RNV8OF,522400,10448,1881,0,CARD,CAPTURED,2026-08-05T10:49:14
10000000-0000-4000-8000-000000000861,00000000-0000-4000-8000-000000000861,pay_NE8ITA84DQ6XNV,494000,9880,1778,0,UPI,CAPTURED,2026-06-16T04:35:30
10000000-0000-4000-8000-000000000862,00000000-0000-4000-8000-000000000862,pay_TGRHT8QVPC5BJ6,608300,12166,2190,0,UPI,CAPTURED,2026-06-02T23:43:27
10000000-0000-4000-8000-000000000863,00000000-0000-4000-8000-000000000863,pay_C3FX6LBQMLFP36,1424100,28482,5127,0,NETBANKING,CAPTURED,2026-07-06T22:19:40
10000000-0000-4000-8000-000000000864,00000000-0000-4000-8000-000000000864,pay_Z75GBOTXXGSH4V,1267000,25340,4561,0,CARD,CAPTURED,2026-08-23T23:20:23
10000000-0000-4000-8000-000000000865,00000000-0000-4000-8000-000000000865,pay_XYJCKS3MY11QUS,1307700,26154,4708,0,CARD,CAPTURED,2026-06-27T12:58:58
10000000-0000-4000-8000-000000000866,00000000-0000-4000-8000-000000000866,pay_3F6ZHMNG4PSEFM,1331900,26638,4795,0,NETBANKING,CAPTURED,2026-08-20T01:25:02
10000000-0000-4000-8000-000000000867,00000000-0000-4000-8000-000000000867,pay_3UGB5MCQGZDKMQ,1195000,23900,4302,0,WALLET,CAPTURED,2026-08-03T07:00:13
10000000-0000-4000-8000-000000000868,00000000-0000-4000-8000-000000000868,pay_XBKNE4L1667HHF,1000600,20012,3602,0,WALLET,CAPTURED,2026-06-06T03:02:22
10000000-0000-4000-8000-000000000869,00000000-0000-4000-8000-000000000869,pay_OUW91TVV95KJFD,561400,11228,2021,0,NETBANKING,CAPTURED,2026-08-11T16:47:22
10000000-0000-4000-8000-000000000870,00000000-0000-4000-8000-000000000870,pay_GOQLJHU5KH7O4E,138100,2762,497,0,UPI,CAPTURED,2026-07-07T09:16:36
10000000-0000-4000-8000-000000000871,00000000-0000-4000-8000-000000000871,pay_LCQXIPE46IVAOL,1381400,27628,4973,0,CARD,CAPTURED,2026-07-15T03:42:00
10000000-0000-4000-8000-000000000872,00000000-0000-4000-8000-000000000872,pay_GNQRBEIIA7G8U3,921500,18430,3317,0,NETBANKING,CAPTURED,2026-06-29T12:35:11
10000000-0000-4000-8000-000000000873,00000000-0000-4000-8000-000000000873,pay_7LG1EFLHLX03V1,156600,3132,564,0,CARD,CAPTURED,2026-08-04T11:58:26
10000000-0000-4000-8000-000000000874,00000000-0000-4000-8000-000000000874,pay_O3OKQFC6O8Y7HR,1011400,20228,3641,0,WALLET,CAPTURED,2026-08-13T13:51:22
10000000-0000-4000-8000-000000000875,00000000-0000-4000-8000-000000000875,pay_3SGFSUZC21UNC7,672500,13450,2421,0,CARD,CAPTURED,2026-07-19T05:28:31
10000000-0000-4000-8000-000000000876,00000000-0000-4000-8000-000000000876,pay_FBHNTIUWMDEI1W,781200,15624,2812,0,WALLET,CAPTURED,2026-08-10T01:17:17
10000000-0000-4000-8000-000000000877,00000000-0000-4000-8000-000000000877,pay_QFTQ973IATKE13,906300,18126,3263,0,WALLET,CAPTURED,2026-06-30T08:52:26
10000000-0000-4000-8000-000000000878,00000000-0000-4000-8000-000000000878,pay_91K8BKI5P3VU58,573000,11460,2063,0,CARD,CAPTURED,2026-08-27T22:47:08
10000000-0000-4000-8000-000000000879,00000000-0000-4000-8000-000000000879,pay_2IRC2O2KP3JR3G,593200,11864,2136,0,UPI,CAPTURED,2026-08-03T19:10:20
10000000-0000-4000-8000-000000000880,00000000-0000-4000-8000-000000000880,pay_QOUQ6TJQ128T4H,100200,2004,361,0,CARD,CAPTURED,2026-07-12T14:23:31
10000000-0000-4000-8000-000000000881,00000000-0000-4000-8000-000000000881,pay_PZVIMCDNXHBA14,987700,19754,3556,0,UPI,CAPTURED,2026-08-27T03:20:00
10000000-0000-4000-8000-000000000882,00000000-0000-4000-8000-000000000882,pay_8CAXJYKD0FG6BP,61800,1236,222,0,WALLET,CAPTURED,2026-07-09T05:33:50
10000000-0000-4000-8000-000000000883,00000000-0000-4000-8000-000000000883,pay_ASXYW1GNPW325G,83700,1674,301,0,NETBANKING,CAPTURED,2026-08-14T05:06:40
10000000-0000-4000-8000-000000000884,00000000-0000-4000-8000-000000000884,pay_KBR3PT47XXA6BM,945700,18914,3405,0,NETBANKING,CAPTURED,2026-08-02T00:21:22
10000000-0000-4000-8000-000000000885,00000000-0000-4000-8000-000000000885,pay_O7UKYGND4ZWQT0,323300,6466,1164,0,NETBANKING,CAPTURED,2026-07-02T11:35:21
10000000-0000-4000-8000-000000000886,00000000-0000-4000-8000-000000000886,pay_324H90T1C6AOLT,472800,9456,1702,0,CARD,CAPTURED,2026-08-17T08:46:22
10000000-0000-4000-8000-000000000887,00000000-0000-4000-8000-000000000887,pay_23436OPQVNDBZM,1057300,21146,3806,0,CARD,CAPTURED,2026-06-12T23:20:29
10000000-0000-4000-8000-000000000888,00000000-0000-4000-8000-000000000888,pay_QEIRO08XGYH6K9,544800,10896,1961,0,CARD,CAPTURED,2026-06-01T00:48:15
10000000-0000-4000-8000-000000000889,00000000-0000-4000-8000-000000000889,pay_TEXY8DMGS9HDTR,454600,9092,1637,0,WALLET,CAPTURED,2026-06-18T08:48:57
10000000-0000-4000-8000-000000000890,00000000-0000-4000-8000-000000000890,pay_3OJODZ41MDC6YI,307300,6146,1106,0,CARD,CAPTURED,2026-07-23T14:41:40
10000000-0000-4000-8000-000000000891,00000000-0000-4000-8000-000000000891,pay_7ETF7G2QEHCBF0,1320600,26412,4754,0,UPI,CAPTURED,2026-06-19T16:28:10
10000000-0000-4000-8000-000000000892,00000000-0000-4000-8000-000000000892,pay_DXQWJK4SMTWBCO,252000,5040,907,0,UPI,CAPTURED,2026-07-18T15:33:05
10000000-0000-4000-8000-000000000893,00000000-0000-4000-8000-000000000893,pay_MHSBKDNL9RAT6R,1141800,22836,4110,0,NETBANKING,CAPTURED,2026-08-12T23:30:00
10000000-0000-4000-8000-000000000894,00000000-0000-4000-8000-000000000894,pay_Q3Z0Z3G4JZM08L,758000,15160,2729,0,WALLET,CAPTURED,2026-08-27T15:01:18
10000000-0000-4000-8000-000000000895,00000000-0000-4000-8000-000000000895,pay_DAI237S4BI976Z,520700,10414,1875,0,NETBANKING,CAPTURED,2026-08-10T14:09:48
10000000-0000-4000-8000-000000000896,00000000-0000-4000-8000-000000000896,pay_TKN4E45K5G336W,886800,17736,3192,0,UPI,CAPTURED,2026-07-11T01:48:06
10000000-0000-4000-8000-000000000897,00000000-0000-4000-8000-000000000897,pay_PKTNOWXZO4EFSA,1237500,24750,4455,0,UPI,CAPTURED,2026-07-28T23:09:13
10000000-0000-4000-8000-000000000898,00000000-0000-4000-8000-000000000898,pay_AMD9TNXJVIH88S,102500,2050,369,0,UPI,CAPTURED,2026-08-24T23:43:22
10000000-0000-4000-8000-000000000899,00000000-0000-4000-8000-000000000899,pay_GI809QC588I4RB,919600,18392,3311,0,UPI,CAPTURED,2026-07-22T03:58:39
10000000-0000-4000-8000-000000000900,00000000-0000-4000-8000-000000000900,pay_KM3ARIHNEJ57SV,843400,16868,3036,0,UPI,CAPTURED,2026-06-29T11:24:30
10000000-0000-4000-8000-000000000901,00000000-0000-4000-8000-000000000901,pay_46P9743P2KR4WG,159800,3196,575,0,UPI,CAPTURED,2026-06-21T08:44:34
10000000-0000-4000-8000-000000000902,00000000-0000-4000-8000-000000000902,pay_DXU0CF17JIQPKN,954900,19098,3438,0,NETBANKING,CAPTURED,2026-07-29T23:23:52
10000000-0000-4000-8000-000000000903,00000000-0000-4000-8000-000000000903,pay_N445095YYSWZNQ,970600,19412,3494,0,NETBANKING,CAPTURED,2026-06-03T22:28:17
10000000-0000-4000-8000-000000000904,00000000-0000-4000-8000-000000000904,pay_A0MCQ5HCHWSPUG,1396300,27926,5027,0,UPI,CAPTURED,2026-07-13T09:31:23
10000000-0000-4000-8000-000000000905,00000000-0000-4000-8000-000000000905,pay_Z1FVW3NJP3948J,223100,4462,803,0,WALLET,CAPTURED,2026-07-10T17:46:31
10000000-0000-4000-8000-000000000906,00000000-0000-4000-8000-000000000906,pay_BB7N5WRK7RZ6K4,1081300,21626,3893,0,NETBANKING,CAPTURED,2026-06-19T21:12:57
10000000-0000-4000-8000-000000000907,00000000-0000-4000-8000-000000000907,pay_W3HC2F8J7JVYLM,815200,16304,2935,0,UPI,CAPTURED,2026-06-10T17:28:38
10000000-0000-4000-8000-000000000908,00000000-0000-4000-8000-000000000908,pay_Y7X32EUH5PR2EY,411600,8232,1482,0,CARD,CAPTURED,2026-07-11T07:41:54
10000000-0000-4000-8000-000000000909,00000000-0000-4000-8000-000000000909,pay_ZTQELM3AJ76BJJ,727300,14546,2618,727300,WALLET,REFUNDED,2026-07-29T12:49:48
10000000-0000-4000-8000-000000000910,00000000-0000-4000-8000-000000000910,pay_MESR3KMAJKDPHJ,190300,3806,685,190300,UPI,REFUNDED,2026-07-17T09:09:20
10000000-0000-4000-8000-000000000911,00000000-0000-4000-8000-000000000911,pay_PEWK7FSVEEGS19,1100200,22004,3961,0,CARD,CAPTURED,2026-07-22T07:06:24
10000000-0000-4000-8000-000000000912,00000000-0000-4000-8000-000000000912,pay_U244U236I2Y0JH,805000,16100,2898,0,WALLET,CAPTURED,2026-08-08T06:10:26
10000000-0000-4000-8000-000000000913,00000000-0000-4000-8000-000000000913,pay_97YTXWCL7XG33Y,1164500,23290,4192,0,NETBANKING,CAPTURED,2026-07-26T08:21:11
10000000-0000-4000-8000-000000000914,00000000-0000-4000-8000-000000000914,pay_DMF6E4Z1WMJZEF,112400,2248,405,0,WALLET,CAPTURED,2026-06-21T16:58:47
10000000-0000-4000-8000-000000000915,00000000-0000-4000-8000-000000000915,pay_5OU266JVJ8H9KJ,587300,11746,2114,0,UPI,CAPTURED,2026-06-14T04:06:43
10000000-0000-4000-8000-000000000916,00000000-0000-4000-8000-000000000916,pay_TL0KJYZHGS50NZ,285600,5712,1028,0,NETBANKING,CAPTURED,2026-07-19T22:02:48
10000000-0000-4000-8000-000000000917,00000000-0000-4000-8000-000000000917,pay_54TQSJEOPZ8C57,705700,14114,2541,0,NETBANKING,CAPTURED,2026-07-04T16:52:34
10000000-0000-4000-8000-000000000918,00000000-0000-4000-8000-000000000918,pay_B6OOMFJKA4D9LV,1469600,29392,5291,0,WALLET,CAPTURED,2026-08-02T21:11:33
10000000-0000-4000-8000-000000000919,00000000-0000-4000-8000-000000000919,pay_27375C98THX4X6,569500,11390,2050,0,UPI,CAPTURED,2026-08-17T06:54:58
10000000-0000-4000-8000-000000000920,00000000-0000-4000-8000-000000000920,pay_QCNXHB9FP9ZSQD,616000,12320,2218,0,CARD,CAPTURED,2026-07-07T09:14:03
10000000-0000-4000-8000-000000000921,00000000-0000-4000-8000-000000000921,pay_9YRJW8MM5W7HA7,393700,7874,1417,0,CARD,CAPTURED,2026-08-12T01:34:32
10000000-0000-4000-8000-000000000922,00000000-0000-4000-8000-000000000922,pay_CWE81OBLXBV36T,143000,2860,515,0,WALLET,CAPTURED,2026-06-27T08:56:52
10000000-0000-4000-8000-000000000923,00000000-0000-4000-8000-000000000923,pay_IQUY5CCBSYQYEF,581000,11620,2092,0,CARD,CAPTURED,2026-06-07T10:45:31
10000000-0000-4000-8000-000000000924,00000000-0000-4000-8000-000000000924,pay_N7WFMUEHG832P4,548300,10966,1974,0,CARD,CAPTURED,2026-06-14T12:48:06
10000000-0000-4000-8000-000000000925,00000000-0000-4000-8000-000000000925,pay_QSO9OC7ZOFQZL3,699000,13980,2516,0,UPI,CAPTURED,2026-08-18T09:39:39
10000000-0000-4000-8000-000000000926,00000000-0000-4000-8000-000000000926,pay_FBZ753P6VB23OT,1090900,21818,3927,0,CARD,CAPTURED,2026-06-01T05:32:22
10000000-0000-4000-8000-000000000927,00000000-0000-4000-8000-000000000927,pay_A830BF9S2U8U23,487000,9740,1753,0,WALLET,CAPTURED,2026-07-11T21:42:00
10000000-0000-4000-8000-000000000928,00000000-0000-4000-8000-000000000928,pay_JY46SRUM2L7V3E,838100,16762,3017,0,UPI,CAPTURED,2026-08-16T11:11:48
10000000-0000-4000-8000-000000000929,00000000-0000-4000-8000-000000000929,pay_HPNIC9E82N39EC,1375300,27506,4951,0,WALLET,CAPTURED,2026-06-19T12:30:31
10000000-0000-4000-8000-000000000930,00000000-0000-4000-8000-000000000930,pay_GLYF4RA80BGS2Q,1230500,24610,4430,0,CARD,CAPTURED,2026-08-22T06:46:46
10000000-0000-4000-8000-000000000931,00000000-0000-4000-8000-000000000931,pay_HS9O4S8UK7FSPE,53200,1064,192,0,WALLET,CAPTURED,2026-06-18T23:49:19
10000000-0000-4000-8000-000000000932,00000000-0000-4000-8000-000000000932,pay_GGETOA2LTH8G6I,261400,5228,941,0,WALLET,CAPTURED,2026-08-29T22:11:48
10000000-0000-4000-8000-000000000933,00000000-0000-4000-8000-000000000933,pay_JX3JERZ5967W92,152000,3040,547,0,NETBANKING,CAPTURED,2026-07-20T06:30:11
10000000-0000-4000-8000-000000000934,00000000-0000-4000-8000-000000000934,pay_ILIH1VBI09V82C,1396900,27938,5029,0,WALLET,CAPTURED,2026-07-20T17:02:16
10000000-0000-4000-8000-000000000935,00000000-0000-4000-8000-000000000935,pay_E6QKKY22UBZ8ZR,425800,8516,1533,0,WALLET,CAPTURED,2026-07-23T17:28:40
10000000-0000-4000-8000-000000000936,00000000-0000-4000-8000-000000000936,pay_B1TS46T1TZU9QE,1324000,26480,4766,0,CARD,CAPTURED,2026-06-17T13:26:45
10000000-0000-4000-8000-000000000937,00000000-0000-4000-8000-000000000937,pay_MBMYP8L5I090SE,216500,4330,779,0,NETBANKING,CAPTURED,2026-06-15T02:20:28
10000000-0000-4000-8000-000000000938,00000000-0000-4000-8000-000000000938,pay_61W2IYTPWSDZ1O,741300,14826,2669,0,CARD,CAPTURED,2026-07-18T23:14:58
10000000-0000-4000-8000-000000000939,00000000-0000-4000-8000-000000000939,pay_JY0KKRFSRVGKPY,496800,9936,1788,0,WALLET,CAPTURED,2026-07-27T23:37:05
10000000-0000-4000-8000-000000000940,00000000-0000-4000-8000-000000000940,pay_RB8NGL4DHLE8SK,618400,12368,2226,0,CARD,CAPTURED,2026-06-19T04:04:10
10000000-0000-4000-8000-000000000941,00000000-0000-4000-8000-000000000941,pay_G6J0DG5EBIB9TS,1326500,26530,4775,0,UPI,CAPTURED,2026-06-04T06:40:28
10000000-0000-4000-8000-000000000942,00000000-0000-4000-8000-000000000942,pay_M6JNOKYW64YB5B,429000,8580,1544,0,WALLET,CAPTURED,2026-07-06T12:45:23
10000000-0000-4000-8000-000000000943,00000000-0000-4000-8000-000000000943,pay_U8LCHAPOR7AZ48,872100,17442,3140,0,WALLET,CAPTURED,2026-07-04T17:39:29
10000000-0000-4000-8000-000000000944,00000000-0000-4000-8000-000000000944,pay_GW70MJ8RX2JMZR,1059800,21196,3815,0,CARD,CAPTURED,2026-07-22T18:36:28
10000000-0000-4000-8000-000000000945,00000000-0000-4000-8000-000000000945,pay_ZGGRQSLLKRYAB1,1074900,21498,3870,0,NETBANKING,CAPTURED,2026-07-03T10:24:48
10000000-0000-4000-8000-000000000946,00000000-0000-4000-8000-000000000946,pay_9OL25IMZTSH2ID,83900,1678,302,0,CARD,CAPTURED,2026-07-25T14:53:57
10000000-0000-4000-8000-000000000947,00000000-0000-4000-8000-000000000947,pay_2MF017FCDE5E8N,1158200,23164,4170,0,WALLET,CAPTURED,2026-08-11T17:59:44
10000000-0000-4000-8000-000000000948,00000000-0000-4000-8000-000000000948,pay_4IVNDRCB1WQDDK,1423600,28472,5125,0,WALLET,CAPTURED,2026-08-01T04:12:14
10000000-0000-4000-8000-000000000949,00000000-0000-4000-8000-000000000949,pay_2WKJYVDL1CEXHT,115000,2300,414,0,WALLET,CAPTURED,2026-06-18T17:46:05
10000000-0000-4000-8000-000000000950,00000000-0000-4000-8000-000000000950,pay_WZ3OUB93JSRZMS,1219400,24388,4390,0,CARD,CAPTURED,2026-08-02T21:52:14
10000000-0000-4000-8000-000000000951,00000000-0000-4000-8000-000000000951,pay_6OPN2BT2906DLF,136700,2734,492,0,CARD,CAPTURED,2026-07-31T00:06:31
10000000-0000-4000-8000-000000000952,00000000-0000-4000-8000-000000000952,pay_RMDH2EOPVEG4DN,972300,19446,3500,0,NETBANKING,CAPTURED,2026-07-21T05:09:18
10000000-0000-4000-8000-000000000953,00000000-0000-4000-8000-000000000953,pay_5PM7WN8W9MWTRW,253900,5078,914,0,CARD,CAPTURED,2026-07-15T18:32:55
10000000-0000-4000-8000-000000000954,00000000-0000-4000-8000-000000000954,pay_0PEQACGOHE1G5G,819400,16388,2950,0,WALLET,CAPTURED,2026-08-26T02:20:08
10000000-0000-4000-8000-000000000955,00000000-0000-4000-8000-000000000955,pay_Z8H8CE80XK9H32,551700,11034,1986,0,WALLET,CAPTURED,2026-06-09T02:14:37
10000000-0000-4000-8000-000000000956,00000000-0000-4000-8000-000000000956,pay_YGKL7IWTAQEA31,690000,13800,2484,0,NETBANKING,CAPTURED,2026-07-26T06:59:32
10000000-0000-4000-8000-000000000957,00000000-0000-4000-8000-000000000957,pay_YJL599GI9MYUQ9,51600,1032,186,0,WALLET,CAPTURED,2026-06-28T03:44:56
10000000-0000-4000-8000-000000000958,00000000-0000-4000-8000-000000000958,pay_H8E7BI3RHK74MB,1058400,21168,3810,0,UPI,CAPTURED,2026-07-21T00:26:45
10000000-0000-4000-8000-000000000959,00000000-0000-4000-8000-000000000959,pay_IK23VDJESK2Q1Y,675300,13506,2431,0,NETBANKING,CAPTURED,2026-07-10T15:15:12
10000000-0000-4000-8000-000000000960,00000000-0000-4000-8000-000000000960,pay_7JB5NJRM97PY2Z,135600,2712,488,0,UPI,CAPTURED,2026-06-17T04:08:53
10000000-0000-4000-8000-000000000961,00000000-0000-4000-8000-000000000961,pay_1SFY4DKV781XXW,1219100,24382,4389,0,CARD,CAPTURED,2026-07-11T21:10:14
10000000-0000-4000-8000-000000000962,00000000-0000-4000-8000-000000000962,pay_U4VK5VWXEERGCE,966300,19326,3479,0,WALLET,CAPTURED,2026-07-26T02:48:54
10000000-0000-4000-8000-000000000963,00000000-0000-4000-8000-000000000963,pay_KT6OWCZP88YK9C,951300,19026,3425,0,CARD,CAPTURED,2026-08-01T13:06:23
10000000-0000-4000-8000-000000000964,00000000-0000-4000-8000-000000000964,pay_VX1BOQIFJ8HDI8,77100,1542,278,0,WALLET,CAPTURED,2026-06-18T13:49:14
10000000-0000-4000-8000-000000000965,00000000-0000-4000-8000-000000000965,pay_IOCWUE0IT709WZ,362600,7252,1305,0,NETBANKING,CAPTURED,2026-08-02T22:19:32
10000000-0000-4000-8000-000000000966,00000000-0000-4000-8000-000000000966,pay_IV8U36KTUZH06D,178500,3570,643,0,CARD,CAPTURED,2026-07-24T06:40:03
10000000-0000-4000-8000-000000000967,00000000-0000-4000-8000-000000000967,pay_TFPIIAAY7U3700,1040900,20818,3747,0,CARD,CAPTURED,2026-07-06T11:22:16
10000000-0000-4000-8000-000000000968,00000000-0000-4000-8000-000000000968,pay_Y7RI0F646R9PIB,1001500,20030,3605,0,NETBANKING,CAPTURED,2026-06-03T20:22:29
10000000-0000-4000-8000-000000000969,00000000-0000-4000-8000-000000000969,pay_BVOD71PUKCT2QP,256300,5126,923,0,WALLET,CAPTURED,2026-08-10T10:57:11
10000000-0000-4000-8000-000000000970,00000000-0000-4000-8000-000000000970,pay_UNBKX0XD0AJ31R,469300,9386,1689,0,UPI,CAPTURED,2026-08-26T13:17:10
10000000-0000-4000-8000-000000000971,00000000-0000-4000-8000-000000000971,pay_94JNLMK3K6ZXSF,294000,5880,1058,0,NETBANKING,CAPTURED,2026-06-23T07:21:01
10000000-0000-4000-8000-000000000972,00000000-0000-4000-8000-000000000972,pay_345ZN4MOT5CFEW,130000,2600,468,0,UPI,CAPTURED,2026-07-30T07:47:07
10000000-0000-4000-8000-000000000973,00000000-0000-4000-8000-000000000973,pay_2LVUHDMXIWQ7HR,1419800,28396,5111,0,NETBANKING,CAPTURED,2026-08-01T03:59:54
10000000-0000-4000-8000-000000000974,00000000-0000-4000-8000-000000000974,pay_DKFTSCZ7Z5RX7R,529100,10582,1905,0,WALLET,CAPTURED,2026-08-09T15:48:01
10000000-0000-4000-8000-000000000975,00000000-0000-4000-8000-000000000975,pay_2HDEKRNUTPCOHS,194000,3880,698,0,NETBANKING,CAPTURED,2026-08-23T19:50:37
10000000-0000-4000-8000-000000000976,00000000-0000-4000-8000-000000000976,pay_H5HIFECVI5RYBN,310200,6204,1117,0,NETBANKING,CAPTURED,2026-06-21T16:10:01
10000000-0000-4000-8000-000000000977,00000000-0000-4000-8000-000000000977,pay_8DHJG0QG1L11OK,1203200,24064,4332,0,UPI,CAPTURED,2026-08-10T02:37:05
10000000-0000-4000-8000-000000000978,00000000-0000-4000-8000-000000000978,pay_2O4H1IEDOBC5VL,1382500,27650,4977,0,CARD,CAPTURED,2026-07-31T17:18:11
10000000-0000-4000-8000-000000000979,00000000-0000-4000-8000-000000000979,pay_Z55FDLF2EO48T3,378600,7572,1363,0,CARD,CAPTURED,2026-08-04T13:15:19
10000000-0000-4000-8000-000000000980,00000000-0000-4000-8000-000000000980,pay_V8GZX3U5RRHW5H,83100,1662,299,0,CARD,CAPTURED,2026-08-01T01:24:21
10000000-0000-4000-8000-000000000981,00000000-0000-4000-8000-000000000981,pay_U5UT5I3P0QPWN5,912200,18244,3284,0,CARD,CAPTURED,2026-06-12T01:28:54
10000000-0000-4000-8000-000000000982,00000000-0000-4000-8000-000000000982,pay_AG8YKNDZLR3UO9,1478500,29570,5323,0,WALLET,CAPTURED,2026-08-29T04:46:36
10000000-0000-4000-8000-000000000983,00000000-0000-4000-8000-000000000983,pay_Y3VOZ36DV7ZOBI,1409400,28188,5074,0,UPI,CAPTURED,2026-07-05T09:45:35
10000000-0000-4000-8000-000000000984,00000000-0000-4000-8000-000000000984,pay_MLLQOOWHKVL3XG,565900,11318,2037,0,CARD,CAPTURED,2026-06-18T14:40:02
10000000-0000-4000-8000-000000000985,00000000-0000-4000-8000-000000000985,pay_B8Z6QL7GDXQ4WB,905300,18106,3259,0,CARD,CAPTURED,2026-07-28T15:26:23
10000000-0000-4000-8000-000000000986,00000000-0000-4000-8000-000000000986,pay_5TNTG6GIUSWKGD,74800,1496,269,0,NETBANKING,CAPTURED,2026-08-11T00:30:54
10000000-0000-4000-8000-000000000987,00000000-0000-4000-8000-000000000987,pay_JI1NZA4YD2LB98,1347000,26940,4849,0,CARD,CAPTURED,2026-06-18T17:51:21
10000000-0000-4000-8000-000000000988,00000000-0000-4000-8000-000000000988,pay_4M3QTMPDJE8EFT,149400,2988,538,0,UPI,CAPTURED,2026-07-18T07:43:14
10000000-0000-4000-8000-000000000989,00000000-0000-4000-8000-000000000989,pay_UNLMXDUUA62RRB,1258400,25168,4530,0,UPI,CAPTURED,2026-07-11T21:06:44
10000000-0000-4000-8000-000000000990,00000000-0000-4000-8000-000000000990,pay_L71AY1ZAYNT5RI,1087100,21742,3914,0,WALLET,CAPTURED,2026-07-19T10:57:59
10000000-0000-4000-8000-000000000991,00000000-0000-4000-8000-000000000991,pay_9TPQMK6831HI1F,281100,5622,1012,0,NETBANKING,CAPTURED,2026-07-30T03:01:25
10000000-0000-4000-8000-000000000992,00000000-0000-4000-8000-000000000992,pay_09YYR8IF5VZVXI,727400,14548,2619,0,CARD,CAPTURED,2026-07-08T20:48:06
10000000-0000-4000-8000-000000000993,00000000-0000-4000-8000-000000000993,pay_JKYONP5BOI5AFQ,507000,10140,1825,0,WALLET,CAPTURED,2026-07-22T02:07:49
10000000-0000-4000-8000-000000000994,00000000-0000-4000-8000-000000000994,pay_QVVK94CL4OTGQO,1439700,28794,5183,0,UPI,CAPTURED,2026-06-16T22:18:30
10000000-0000-4000-8000-000000000995,00000000-0000-4000-8000-000000000995,pay_FINRBNIUHRV8Y7,1469700,29394,5291,0,NETBANKING,CAPTURED,2026-08-12T00:36:17
10000000-0000-4000-8000-000000000996,00000000-0000-4000-8000-000000000996,pay_CDO0OXB3V7G5DW,1374100,27482,4947,0,WALLET,CAPTURED,2026-08-10T13:38:56
10000000-0000-4000-8000-000000000997,00000000-0000-4000-8000-000000000997,pay_7OX67VNYNS4P10,1277200,25544,4598,0,UPI,CAPTURED,2026-08-21T03:58:13
10000000-0000-4000-8000-000000000998,00000000-0000-4000-8000-000000000998,pay_YAOSDKQU983Z2H,1400300,28006,5041,0,UPI,CAPTURED,2026-07-23T11:02:48
10000000-0000-4000-8000-000000000999,00000000-0000-4000-8000-000000000999,pay_UDW6W14E2L83KK,456000,9120,1642,0,WALLET,CAPTURED,2026-07-15T08:15:53
10000000-0000-4000-8000-000000001000,00000000-0000-4000-8000-000000001000,pay_PSR2826U2VFCPD,479600,9592,1727,0,CARD,CAPTURED,2026-06-27T00:59:59
10000000-0000-4000-8000-000000001001,00000000-0000-4000-8000-000000001001,pay_PA0U47LKE83N4D,445900,8918,1605,0,WALLET,CAPTURED,2026-06-19T05:17:50
10000000-0000-4000-8000-000000001002,00000000-0000-4000-8000-000000001002,pay_CMRD1PO5RGJFOM,618900,12378,2228,0,UPI,CAPTURED,2026-08-18T20:26:39
10000000-0000-4000-8000-000000001003,00000000-0000-4000-8000-000000001003,pay_CMSBWTE87ARDM8,638300,12766,2298,0,NETBANKING,CAPTURED,2026-07-25T12:44:56
10000000-0000-4000-8000-000000001004,00000000-0000-4000-8000-000000001004,pay_C2PDTAHG18UKIE,1216900,24338,4381,0,CARD,CAPTURED,2026-08-10T05:16:56
10000000-0000-4000-8000-000000001005,00000000-0000-4000-8000-000000001005,pay_V9GS48I5QXJYMZ,422700,8454,1522,0,NETBANKING,CAPTURED,2026-08-10T13:35:11
10000000-0000-4000-8000-000000001006,00000000-0000-4000-8000-000000001006,pay_JS3ZA772F9S5R2,330900,6618,1191,0,NETBANKING,CAPTURED,2026-08-01T13:25:23
10000000-0000-4000-8000-000000001007,00000000-0000-4000-8000-000000001007,pay_U1RGTUH08LV63N,345500,6910,1244,0,UPI,CAPTURED,2026-07-23T17:45:19
10000000-0000-4000-8000-000000001008,00000000-0000-4000-8000-000000001008,pay_NJ4AO8VKMFGUAW,511000,10220,1840,0,UPI,CAPTURED,2026-06-14T14:37:00
10000000-0000-4000-8000-000000001009,00000000-0000-4000-8000-000000001009,pay_B3STV3CIFSM463,415200,8304,1495,0,CARD,CAPTURED,2026-06-27T17:45:51
10000000-0000-4000-8000-000000001010,00000000-0000-4000-8000-000000001010,pay_LFLOH5RI7B0JDY,651400,13028,2345,0,CARD,CAPTURED,2026-07-27T23:25:10
10000000-0000-4000-8000-000000001011,00000000-0000-4000-8000-000000001011,pay_7NCR26UU6DFDIT,770600,15412,2774,0,NETBANKING,CAPTURED,2026-06-22T10:56:34
10000000-0000-4000-8000-000000001012,00000000-0000-4000-8000-000000001012,pay_IGA7K5DVXQ0RKY,989900,19798,3564,0,CARD,CAPTURED,2026-08-06T01:32:16
10000000-0000-4000-8000-000000001013,00000000-0000-4000-8000-000000001013,pay_NG2LRYD88TAPUS,950100,19002,3420,0,NETBANKING,CAPTURED,2026-06-02T01:48:57
10000000-0000-4000-8000-000000001014,00000000-0000-4000-8000-000000001014,pay_42KAM6WHWOP7LE,1048900,20978,3776,0,WALLET,CAPTURED,2026-06-24T01:30:26
10000000-0000-4000-8000-000000001015,00000000-0000-4000-8000-000000001015,pay_KHHDLVH6CGFK0D,1102500,22050,3969,0,NETBANKING,CAPTURED,2026-07-05T18:32:42
10000000-0000-4000-8000-000000001016,00000000-0000-4000-8000-000000001016,pay_77DF2ELORZ3WZD,1409700,28194,5075,0,UPI,CAPTURED,2026-08-18T16:59:03
10000000-0000-4000-8000-000000001017,00000000-0000-4000-8000-000000001017,pay_OO5NU9QRKD0LKD,1317300,26346,4742,0,CARD,CAPTURED,2026-07-01T13:40:43
10000000-0000-4000-8000-000000001018,00000000-0000-4000-8000-000000001018,pay_FJGVMFCWWILL35,1420500,28410,5114,0,NETBANKING,CAPTURED,2026-08-24T08:04:43
10000000-0000-4000-8000-000000001019,00000000-0000-4000-8000-000000001019,pay_KBRCDCGIM8ZY91,1380800,27616,4971,0,UPI,CAPTURED,2026-06-07T07:49:02
10000000-0000-4000-8000-000000001020,00000000-0000-4000-8000-000000001020,pay_25DX2JAS0S3AXJ,649700,12994,2339,0,CARD,CAPTURED,2026-07-20T02:57:42
10000000-0000-4000-8000-000000001021,00000000-0000-4000-8000-000000001021,pay_NW3C58KZX7O2UD,1092600,21852,3933,0,UPI,CAPTURED,2026-07-13T05:18:53
10000000-0000-4000-8000-000000001022,00000000-0000-4000-8000-000000001022,pay_7GSQ7W8BT60O3J,1469100,29382,5289,0,WALLET,CAPTURED,2026-08-08T09:52:16
10000000-0000-4000-8000-000000001023,00000000-0000-4000-8000-000000001023,pay_7B7YRVEZ167P88,221400,4428,797,0,WALLET,CAPTURED,2026-07-27T18:48:17
10000000-0000-4000-8000-000000001024,00000000-0000-4000-8000-000000001024,pay_SD547C1G6D32X5,1319800,26396,4751,0,NETBANKING,CAPTURED,2026-06-27T00:52:43
10000000-0000-4000-8000-000000001025,00000000-0000-4000-8000-000000001025,pay_MDPBD2J4ETDOQG,265800,5316,957,0,UPI,CAPTURED,2026-07-05T03:05:24
10000000-0000-4000-8000-000000001026,00000000-0000-4000-8000-000000001026,pay_FHKKMCWYYHZ4CF,457700,9154,1648,0,UPI,CAPTURED,2026-08-23T11:14:25
10000000-0000-4000-8000-000000001027,00000000-0000-4000-8000-000000001027,pay_OOVCS4F7NI7RWW,722600,14452,2601,0,WALLET,CAPTURED,2026-05-31T13:14:56
10000000-0000-4000-8000-000000001028,00000000-0000-4000-8000-000000001028,pay_N1OCVD6RMWUBL9,334300,6686,1203,0,CARD,CAPTURED,2026-06-11T20:24:57
10000000-0000-4000-8000-000000001029,00000000-0000-4000-8000-000000001029,pay_EDX1HTYFMTO5J3,640900,12818,2307,0,UPI,CAPTURED,2026-07-19T07:53:41
10000000-0000-4000-8000-000000001030,00000000-0000-4000-8000-000000001030,pay_29CIJ4ANC8PEEM,349700,6994,1259,0,NETBANKING,CAPTURED,2026-06-13T04:03:22
10000000-0000-4000-8000-000000001031,00000000-0000-4000-8000-000000001031,pay_NWPCRS74GI8IPW,349713,6994,1259,0,UPI,CAPTURED,2026-06-19T10:15:09
10000000-0000-4000-8000-000000001032,00000000-0000-4000-8000-000000001032,pay_1OSHVVI37WAZ5H,399600,7992,1439,0,CARD,CAPTURED,2026-07-24T04:45:37
10000000-0000-4000-8000-000000001033,00000000-0000-4000-8000-000000001033,pay_VQZSXK22PY34XX,399598,7992,1439,0,WALLET,CAPTURED,2026-06-11T03:59:48
10000000-0000-4000-8000-000000001034,00000000-0000-4000-8000-000000001034,pay_2G0E7H4NEI1WX9,56900,1138,205,0,NETBANKING,CAPTURED,2026-08-09T13:12:32
10000000-0000-4000-8000-000000001035,00000000-0000-4000-8000-000000001035,pay_ZNJNSQI1V2UXSS,56891,1138,205,0,NETBANKING,CAPTURED,2026-06-11T15:45:20
10000000-0000-4000-8000-000000001036,00000000-0000-4000-8000-000000001036,pay_JPA5D157U2Q4NR,276900,5538,997,0,NETBANKING,CAPTURED,2026-08-14T16:14:55
10000000-0000-4000-8000-000000001037,00000000-0000-4000-8000-000000001037,pay_M49VBJXJ2YXCGL,276827,5537,997,0,NETBANKING,CAPTURED,2026-06-02T20:36:08
10000000-0000-4000-8000-000000001038,00000000-0000-4000-8000-000000001038,pay_5NTH8GIH8XW2TO,947700,18954,3412,0,WALLET,CAPTURED,2026-07-07T20:00:10
10000000-0000-4000-8000-000000001039,00000000-0000-4000-8000-000000001039,pay_OWJBVHCNUVLD8I,947665,18953,3412,0,NETBANKING,CAPTURED,2026-06-12T09:46:44
10000000-0000-4000-8000-000000001040,00000000-0000-4000-8000-000000001040,pay_0DI6FGN7PU0G4K,710200,14204,2557,0,CARD,CAPTURED,2026-06-30T23:23:00
10000000-0000-4000-8000-000000001041,00000000-0000-4000-8000-000000001041,pay_0ZRFO7ZCYVBQQI,710143,14203,2557,0,UPI,CAPTURED,2026-07-24T19:31:33
10000000-0000-4000-8000-000000001042,00000000-0000-4000-8000-000000001042,pay_3WW8OSU78V59CC,496000,9920,1786,0,CARD,CAPTURED,2026-07-19T10:36:19
10000000-0000-4000-8000-000000001043,00000000-0000-4000-8000-000000001043,pay_DV9KY2O50KOJ4L,495924,9918,1785,0,NETBANKING,CAPTURED,2026-08-25T10:07:36
10000000-0000-4000-8000-000000001044,00000000-0000-4000-8000-000000001044,pay_91JXLJCHXTZZHT,1465000,29300,5274,0,UPI,CAPTURED,2026-06-30T05:06:39
10000000-0000-4000-8000-000000001045,00000000-0000-4000-8000-000000001045,pay_8INFN7UYI005IM,1465037,29301,5274,0,UPI,CAPTURED,2026-08-27T01:18:03
10000000-0000-4000-8000-000000001046,00000000-0000-4000-8000-000000001046,pay_JKC977S5JLF73L,831300,16626,2993,0,NETBANKING,CAPTURED,2026-08-29T07:02:07
10000000-0000-4000-8000-000000001047,00000000-0000-4000-8000-000000001047,pay_97J610F5TPDHGX,831309,16626,2993,0,UPI,CAPTURED,2026-08-13T06:09:32
10000000-0000-4000-8000-000000001048,00000000-0000-4000-8000-000000001048,pay_Q5U36JF3F6JUBK,1144400,22888,4120,0,WALLET,CAPTURED,2026-06-16T06:46:06
10000000-0000-4000-8000-000000001049,00000000-0000-4000-8000-000000001049,pay_3GY1MWMSOS8J24,1144387,22888,4120,0,NETBANKING,CAPTURED,2026-06-17T20:02:09
10000000-0000-4000-8000-000000001050,00000000-0000-4000-8000-000000001050,pay_HKAZQLMBZYHH91,736800,14736,2652,0,CARD,CAPTURED,2026-07-25T15:26:09
10000000-0000-4000-8000-000000001051,00000000-0000-4000-8000-000000001051,pay_5GFIKCSDU3PJTC,707200,14144,2546,0,CARD,CAPTURED,2026-08-18T18:52:52
10000000-0000-4000-8000-000000001052,00000000-0000-4000-8000-000000001052,pay_TPEGPDFDM713PV,1361700,27234,4902,0,WALLET,CAPTURED,2026-06-02T23:41:22
10000000-0000-4000-8000-000000001053,00000000-0000-4000-8000-000000001053,pay_U3UG7YHWB24RSB,1145700,22914,4125,0,WALLET,CAPTURED,2026-06-06T14:13:14
10000000-0000-4000-8000-000000001054,00000000-0000-4000-8000-000000001054,pay_K54316UJKAE90I,1379500,27590,4966,0,CARD,CAPTURED,2026-06-24T18:57:40
10000000-0000-4000-8000-000000001055,00000000-0000-4000-8000-000000001055,pay_RBG7YI44Q5ANLW,265800,5316,957,0,WALLET,CAPTURED,2026-08-07T06:41:52
10000000-0000-4000-8000-000000001056,00000000-0000-4000-8000-000000001056,pay_ZF0NCEG5F83HUY,387400,7748,1395,0,NETBANKING,CAPTURED,2026-07-24T04:06:40
10000000-0000-4000-8000-000000001057,00000000-0000-4000-8000-000000001057,pay_RIXVX41DJ703Y9,1443300,28866,5196,0,UPI,CAPTURED,2026-06-13T19:34:10
10000000-0000-4000-8000-000000001058,00000000-0000-4000-8000-000000001058,pay_LJAIMUE2I0LWQB,779900,15598,2808,0,CARD,CAPTURED,2026-08-20T05:10:58
10000000-0000-4000-8000-000000001059,00000000-0000-4000-8000-000000001059,pay_KRBXPWQDRUGUD3,919800,18396,3311,0,CARD,CAPTURED,2026-08-06T15:58:52
10000000-0000-4000-8000-000000001060,00000000-0000-4000-8000-000000001060,pay_5ZZ021ANLJVGSC,1108000,22160,3989,0,UPI,CAPTURED,2026-06-05T23:10:47
10000000-0000-4000-8000-000000001061,00000000-0000-4000-8000-000000001061,pay_ZUFDD5S0KF98P6,1201300,24026,4325,0,NETBANKING,CAPTURED,2026-08-21T00:29:42
10000000-0000-4000-8000-000000001062,00000000-0000-4000-8000-000000001062,pay_E3P3OOLQLOIMSE,1095800,21916,3945,0,UPI,CAPTURED,2026-06-01T03:41:41
10000000-0000-4000-8000-000000001063,00000000-0000-4000-8000-000000001063,pay_742DY3X7V5WWWO,355600,7112,1280,0,NETBANKING,CAPTURED,2026-07-18T01:20:02
10000000-0000-4000-8000-000000001064,00000000-0000-4000-8000-000000001064,pay_ZO7QPM29QEJ6FD,697400,13948,2511,0,CARD,CAPTURED,2026-06-05T07:07:01
10000000-0000-4000-8000-000000001065,00000000-0000-4000-8000-000000001065,pay_HYCUYLW8N0DBG7,1001900,20038,3607,0,WALLET,CAPTURED,2026-07-18T03:09:46
10000000-0000-4000-8000-000000001066,00000000-0000-4000-8000-000000001066,pay_1IQ3TVFUIY13YM,297200,5944,1070,0,UPI,CAPTURED,2026-07-28T01:57:01
10000000-0000-4000-8000-000000001067,00000000-0000-4000-8000-000000001067,pay_0WCEY4IH9PVHLG,752900,15058,2710,0,CARD,CAPTURED,2026-06-09T12:08:31
10000000-0000-4000-8000-000000001068,00000000-0000-4000-8000-000000001068,pay_69VINXRCZE45XP,393100,7862,1415,0,CARD,CAPTURED,2026-07-21T09:36:41
10000000-0000-4000-8000-000000001069,00000000-0000-4000-8000-000000001069,pay_VCCLINTTI909N7,1223500,24470,4405,0,WALLET,CAPTURED,2026-06-23T20:19:51
10000000-0000-4000-8000-000000001070,00000000-0000-4000-8000-000000001070,pay_XJSSAE1PBT1Q27,1399300,27986,5037,0,CARD,CAPTURED,2026-06-03T16:34:51
10000000-0000-4000-8000-000000001071,00000000-0000-4000-8000-000000001071,pay_37PX9CW2LMEGS7,442000,8840,1591,0,UPI,CAPTURED,2026-06-26T01:29:07
10000000-0000-4000-8000-000000001072,00000000-0000-4000-8000-000000001072,pay_60WR0MIRNO6P2H,1277900,25558,4600,0,CARD,CAPTURED,2026-08-25T06:34:11
10000000-0000-4000-8000-000000001073,00000000-0000-4000-8000-000000001073,pay_EG6RLTZDPMO044,823900,16478,2966,0,WALLET,CAPTURED,2026-07-29T05:32:50
10000000-0000-4000-8000-000000001074,00000000-0000-4000-8000-000000001074,pay_XNK47SL7K4K1W7,482000,9640,1735,0,CARD,CAPTURED,2026-06-18T16:55:07
10000000-0000-4000-8000-000000001075,00000000-0000-4000-8000-000000001075,pay_DRYP7ZZ3F8CG2L,956500,19130,3443,0,WALLET,CAPTURED,2026-06-16T03:58:27
10000000-0000-4000-8000-000000001076,00000000-0000-4000-8000-000000001076,pay_IST091QJHDDXCY,1292700,25854,4654,0,NETBANKING,CAPTURED,2026-07-14T17:36:51
10000000-0000-4000-8000-000000001077,00000000-0000-4000-8000-000000001077,pay_6S2BB6757957K4,1094100,21882,3939,0,UPI,CAPTURED,2026-08-24T15:48:35
10000000-0000-4000-8000-000000001078,00000000-0000-4000-8000-000000001078,pay_99DTHVYTGVGMSY,839900,16798,3024,0,CARD,CAPTURED,2026-08-11T21:33:49
10000000-0000-4000-8000-000000001079,00000000-0000-4000-8000-000000001079,pay_9W3B40KWEYAQD3,349900,6998,1260,0,WALLET,CAPTURED,2026-07-23T04:06:40
