id,payment_id,settlement_ref,gross_amount_paise,fee_paise,tax_paise,refund_paise,net_amount_paise,settlement_date
20000000-0000-4000-8000-000000000000,10000000-0000-4000-8000-000000000000,setl_0W10LBT3G2QZW3,702400,17560,3161,0,681679,2026-08-01
20000000-0000-4000-8000-000000000001,10000000-0000-4000-8000-000000000001,setl_YMB5M9J98CWN2Y,325900,6518,1173,0,318209,2026-07-13
20000000-0000-4000-8000-000000000002,10000000-0000-4000-8000-000000000002,setl_MCT64Z7W2SEHE2,212800,4256,766,0,207778,2026-07-13
20000000-0000-4000-8000-000000000003,10000000-0000-4000-8000-000000000003,setl_2YKCCPRHVLZ049,1200500,24010,4322,0,1172168,2026-06-08
20000000-0000-4000-8000-000000000004,10000000-0000-4000-8000-000000000004,setl_OUHTCS1K9YE9O2,848000,16960,3053,0,827987,2026-08-20
20000000-0000-4000-8000-000000000005,10000000-0000-4000-8000-000000000005,setl_SZ1N3IUZGPPOHS,797900,15958,2872,0,779070,2026-06-20
20000000-0000-4000-8000-000000000006,10000000-0000-4000-8000-000000000006,setl_8C7X0H3JUJD0IB,1174800,23496,4229,0,1147075,2026-07-24
20000000-0000-4000-8000-000000000007,10000000-0000-4000-8000-000000000007,setl_4QGEFQJG02U1G4,704500,17612,3170,0,683718,2026-08-27
20000000-0000-4000-8000-000000000008,10000000-0000-4000-8000-000000000008,setl_15CQZCUCTSUFLS,1150800,23016,4143,0,1123641,2026-06-02
20000000-0000-4000-8000-000000000009,10000000-0000-4000-8000-000000000009,setl_GTT0IAAKYTT3IM,490200,9804,1765,0,478631,2026-07-02
20000000-0000-4000-8000-000000000010,10000000-0000-4000-8000-000000000010,setl_97Y2LOFN1R4KZ3,542300,10846,1952,0,529502,2026-08-02
20000000-0000-4000-8000-000000000012,10000000-0000-4000-8000-000000000012,setl_IUIT7M1R00Q0MF,783400,15668,2820,0,764912,2026-06-27
20000000-0000-4000-8000-000000000013,10000000-0000-4000-8000-000000000013,setl_2C8QIZK3C9XBON,693800,13876,2498,0,677426,2026-06-24
20000000-0000-4000-8000-000000000014,10000000-0000-4000-8000-000000000014,setl_0MDICVWV8LW2QI,359300,7186,1293,0,350821,2026-07-22
20000000-0000-4000-8000-000000000015,10000000-0000-4000-8000-000000000015,setl_KRCPPRCJIWVHDK,62900,1258,226,0,61416,2026-07-10
20000000-0000-4000-8000-000000000016,10000000-0000-4000-8000-000000000016,setl_IXZ2C9ROS7YT2M,206400,6192,1115,0,199093,2026-07-12
20000000-0000-4000-8000-000000000017,10000000-0000-4000-8000-000000000017,setl_3E4XYF9IGFU8IO,60100,1202,216,0,58682,2026-08-12
20000000-0000-4000-8000-000000000018,10000000-0000-4000-8000-000000000018,setl_VUPRT77GGKG4W5,663000,13260,2387,0,647353,2026-07-13
20000000-0000-4000-8000-000000000019,10000000-0000-4000-8000-000000000019,setl_3H0Y4VPW232UTV,1368700,27374,4927,0,1336399,2026-07-28
20000000-0000-4000-8000-000000000020,10000000-0000-4000-8000-000000000020,setl_XMCTHPHJ3MUURM,698500,13970,2515,0,682015,2026-07-28
20000000-0000-4000-8000-000000000021,10000000-0000-4000-8000-000000000021,setl_DNKN35XYCUVFMH,723100,18078,3254,0,701768,2026-06-03
20000000-0000-4000-8000-000000000022,10000000-0000-4000-8000-000000000022,setl_TGQ9CVAH78OKZ1,328900,6578,1184,0,321138,2026-06-15
20000000-0000-4000-8000-000000000023,10000000-0000-4000-8000-000000000023,setl_6MPSJ9WRSB4GF1,526600,10532,1896,0,514172,2026-06-15
20000000-0000-4000-8000-000000000024,10000000-0000-4000-8000-000000000024,setl_10T2F7ATWYAM1N,1337700,26754,4816,0,1306130,2026-08-09
20000000-0000-4000-8000-000000000025,10000000-0000-4000-8000-000000000025,setl_HLJEFY3ZB4LDIM,447500,8950,1611,0,436939,2026-08-01
20000000-0000-4000-8000-000000000026,10000000-0000-4000-8000-000000000026,setl_GK5BWIKOTCKEH5,343800,6876,1238,0,335686,2026-08-29
20000000-0000-4000-8000-000000000027,10000000-0000-4000-8000-000000000027,setl_VZMUF8438TGBCV,1096100,21922,3946,0,1070232,2026-08-19
20000000-0000-4000-8000-000000000028,10000000-0000-4000-8000-000000000028,setl_98BV78HU7F0I9G,1317200,26344,4742,0,1286114,2026-08-11
20000000-0000-4000-8000-000000000029,10000000-0000-4000-8000-000000000029,setl_F6FDHGZZ0JKIBU,759200,26572,4783,0,727845,2026-08-03
20000000-0000-4000-8000-000000000030,10000000-0000-4000-8000-000000000030,setl_5RC6ZS62YWE1G9,781800,15636,2814,0,763350,2026-07-29
20000000-0000-4000-8000-000000000031,10000000-0000-4000-8000-000000000031,setl_WYOO5YBRJNM2L4,262700,5254,946,0,256500,2026-07-09
20000000-0000-4000-8000-000000000033,10000000-0000-4000-8000-000000000033,setl_21A6XVAJ2K8XPN,923200,18464,3324,0,901412,2026-07-02
20000000-0000-4000-8000-000000000034,10000000-0000-4000-8000-000000000034,setl_YWR7MKGXUKQ00U,867400,17348,3123,0,846929,2026-08-07
20000000-0000-4000-8000-000000000035,10000000-0000-4000-8000-000000000035,setl_1R1DWWO8NBHNAL,348000,6960,1253,0,339787,2026-08-12
20000000-0000-4000-8000-000000000036,10000000-0000-4000-8000-000000000036,setl_YPNTRFZWKXXJVE,394100,7882,1419,0,384799,2026-07-11
20000000-0000-4000-8000-000000000037,10000000-0000-4000-8000-000000000037,setl_4XGMPW5D3GO8JN,142800,2856,514,0,139430,2026-08-20
20000000-0000-4000-8000-000000000038,10000000-0000-4000-8000-000000000038,setl_MYN4U9BXF445CR,95200,1904,343,0,92953,2026-07-10
20000000-0000-4000-8000-000000000039,10000000-0000-4000-8000-000000000039,setl_38KSZBFFZZDVG7,358800,7176,1292,0,350332,2026-06-27
20000000-0000-4000-8000-000000000040,10000000-0000-4000-8000-000000000040,setl_V5S4TL0THHZY7E,304400,6088,1096,0,297216,2026-06-04
20000000-0000-4000-8000-000000000041,10000000-0000-4000-8000-000000000041,setl_X7N89LTAJW2536,1395100,27902,5022,0,1362176,2026-07-30
20000000-0000-4000-8000-000000000042,10000000-0000-4000-8000-000000000042,setl_K8WRU1XEMIX7IB,1028500,30855,5554,0,992091,2026-08-25
20000000-0000-4000-8000-000000000043,10000000-0000-4000-8000-000000000043,setl_36OQOLOEAZC0B4,1389000,27780,5000,0,1356220,2026-08-04
20000000-0000-4000-8000-000000000044,10000000-0000-4000-8000-000000000044,setl_EYUB19TXCYJHU8,1453100,29062,5231,0,1418807,2026-08-30
20000000-0000-4000-8000-000000000045,10000000-0000-4000-8000-000000000045,setl_U1HBJ6TXFO6V4E,749500,26233,4722,0,718545,2026-07-01
20000000-0000-4000-8000-000000000046,10000000-0000-4000-8000-000000000046,setl_J9IO3M25A5PISK,789400,15788,2842,0,770770,2026-07-16
20000000-0000-4000-8000-000000000047,10000000-0000-4000-8000-000000000047,setl_0MQVINDH4SPFDR,943300,18866,3396,0,921038,2026-07-11
20000000-0000-4000-8000-000000000048,10000000-0000-4000-8000-000000000048,setl_NFXJ4PNJY1O2RN,717000,14340,2581,0,700079,2026-06-19
20000000-0000-4000-8000-000000000049,10000000-0000-4000-8000-000000000049,setl_BVSIGBIAF92MOV,164300,3286,591,0,160423,2026-06-16
20000000-0000-4000-8000-000000000050,10000000-0000-4000-8000-000000000050,setl_L8SA3IDY3C7RM6,1157200,23144,4166,0,1129890,2026-06-19
20000000-0000-4000-8000-000000000051,10000000-0000-4000-8000-000000000051,setl_9ZQYAHULWJTIQW,1491300,29826,5369,0,1456105,2026-07-22
20000000-0000-4000-8000-000000000052,10000000-0000-4000-8000-000000000052,setl_AE58HUXG2MYR06,894700,17894,3221,0,873585,2026-06-12
20000000-0000-4000-8000-000000000053,10000000-0000-4000-8000-000000000053,setl_JFX5LIKWE4BX4L,294000,5880,1058,0,287062,2026-07-05
20000000-0000-4000-8000-000000000054,10000000-0000-4000-8000-000000000054,setl_0ONJPI163YK03O,583300,11666,2100,0,569534,2026-06-26
20000000-0000-4000-8000-000000000055,10000000-0000-4000-8000-000000000055,setl_0BQ1S9RYLLWB7S,560900,11218,2019,0,547663,2026-07-03
20000000-0000-4000-8000-000000000056,10000000-0000-4000-8000-000000000056,setl_BZUTRUTLQ5V4FT,118200,2364,426,0,115410,2026-07-19
20000000-0000-4000-8000-000000000057,10000000-0000-4000-8000-000000000057,setl_X73QXM0632CWT0,129100,3228,581,0,125291,2026-06-26
20000000-0000-4000-8000-000000000058,10000000-0000-4000-8000-000000000058,setl_8QO09VS9KKH4A3,894600,17892,3221,0,873487,2026-06-08
20000000-0000-4000-8000-000000000059,10000000-0000-4000-8000-000000000059,setl_KBTFSHB0OQVSHK,1072100,21442,3860,0,1046798,2026-08-19
20000000-0000-4000-8000-000000000060,10000000-0000-4000-8000-000000000060,setl_0IWF3KM2KQL0HT,713800,14276,2570,0,696954,2026-08-17
20000000-0000-4000-8000-000000000061,10000000-0000-4000-8000-000000000061,setl_MMWI9S3W563BTK,398600,7972,1435,0,389193,2026-06-09
20000000-0000-4000-8000-000000000062,10000000-0000-4000-8000-000000000062,setl_2DG1WJUIIYMYRS,1281500,25630,4613,0,1251257,2026-08-14
20000000-0000-4000-8000-000000000063,10000000-0000-4000-8000-000000000063,setl_BN18GP51KFK7Y6,1015900,20318,3657,0,991925,2026-07-11
20000000-0000-4000-8000-000000000064,10000000-0000-4000-8000-000000000064,setl_L08KG68A1ARR3V,614500,12290,2212,0,599998,2026-07-05
20000000-0000-4000-8000-000000000065,10000000-0000-4000-8000-000000000065,setl_QE4LOHHCU9TD0V,1121000,22420,4036,0,1094544,2026-08-09
20000000-0000-4000-8000-000000000066,10000000-0000-4000-8000-000000000066,setl_8KB9W4UOV51ZLB,808700,16174,2911,0,789615,2026-06-10
20000000-0000-4000-8000-000000000067,10000000-0000-4000-8000-000000000067,setl_6LGJLPEFJAWSHM,356000,7120,1282,0,347598,2026-06-26
20000000-0000-4000-8000-000000000068,10000000-0000-4000-8000-000000000068,setl_G7L4LRCER4KMUS,148500,2970,535,0,144995,2026-08-06
20000000-0000-4000-8000-000000000069,10000000-0000-4000-8000-000000000069,setl_U131XQKWQH5K2Y,207200,4144,746,0,202310,2026-06-19
20000000-0000-4000-8000-000000000070,10000000-0000-4000-8000-000000000070,setl_E346Z7WQP3NIPA,365900,7318,1317,0,357265,2026-07-07
20000000-0000-4000-8000-000000000071,10000000-0000-4000-8000-000000000071,setl_2JWUUXK0AREC2J,1140600,22812,4106,0,1113682,2026-06-08
20000000-0000-4000-8000-000000000072,10000000-0000-4000-8000-000000000072,setl_JTPK2NLT8DTM4V,1209300,24186,4353,0,1180761,2026-06-08
20000000-0000-4000-8000-000000000073,10000000-0000-4000-8000-000000000073,setl_GKXCQ91YY1J2JC,58700,1174,211,0,57315,2026-08-07
20000000-0000-4000-8000-000000000074,10000000-0000-4000-8000-000000000074,setl_83RU7MYOW8DT8C,1069000,21380,3848,0,1043772,2026-08-12
20000000-0000-4000-8000-000000000075,10000000-0000-4000-8000-000000000075,setl_6WIXAW63DW4C3E,80500,1610,290,0,78600,2026-07-05
20000000-0000-4000-8000-000000000076,10000000-0000-4000-8000-000000000076,setl_G2Y8RGYBXKPM21,1022600,20452,3681,0,998467,2026-08-08
20000000-0000-4000-8000-000000000077,10000000-0000-4000-8000-000000000077,setl_M5V2WWG84D4R9V,257300,5146,926,0,251228,2026-08-25
20000000-0000-4000-8000-000000000078,10000000-0000-4000-8000-000000000078,setl_QBNXZU1EMTX015,889700,17794,3203,0,868703,2026-07-13
20000000-0000-4000-8000-000000000079,10000000-0000-4000-8000-000000000079,setl_PXKC5I8XOMXLVZ,151200,3024,544,0,147632,2026-07-04
20000000-0000-4000-8000-000000000081,10000000-0000-4000-8000-000000000081,setl_YOZPNAMLQUH50O,554600,11092,1997,0,541511,2026-07-17
20000000-0000-4000-8000-000000000082,10000000-0000-4000-8000-000000000082,setl_G6XB1R8VNRPJY9,324600,6492,1169,0,316939,2026-08-14
20000000-0000-4000-8000-000000000083,10000000-0000-4000-8000-000000000083,setl_G6W3STT1EQC37R,1374500,27490,4948,0,1342062,2026-07-21
20000000-0000-4000-8000-000000000084,10000000-0000-4000-8000-000000000084,setl_MFS0IUDUAHGK6T,991700,19834,3570,0,968296,2026-06-08
20000000-0000-4000-8000-000000000085,10000000-0000-4000-8000-000000000085,setl_OSYEOZ906GNHH4,650300,16258,2926,0,631116,2026-06-29
20000000-0000-4000-8000-000000000086,10000000-0000-4000-8000-000000000086,setl_4T8BP6NLNQBU4K,836000,16720,3010,0,816270,2026-08-25
20000000-0000-4000-8000-000000000087,10000000-0000-4000-8000-000000000087,setl_R424TKB9OI0D4D,53300,1066,192,0,52042,2026-07-09
20000000-0000-4000-8000-000000000088,10000000-0000-4000-8000-000000000088,setl_HO3XJVOEGI3QUP,1065000,21300,3834,0,1039866,2026-07-03
20000000-0000-4000-8000-000000000089,10000000-0000-4000-8000-000000000089,setl_PFG8PJVRN8LPY8,955300,19106,3439,0,932755,2026-08-01
20000000-0000-4000-8000-000000000090,10000000-0000-4000-8000-000000000090,setl_4Z533ZSMV30QAB,512800,10256,1846,0,500698,2026-07-12
20000000-0000-4000-8000-000000000091,10000000-0000-4000-8000-000000000091,setl_PJDN8EZP7QYEZG,699000,13980,2516,0,682504,2026-08-06
20000000-0000-4000-8000-000000000092,10000000-0000-4000-8000-000000000092,setl_WKON8UUJS75ELT,1188600,23772,4279,0,1160549,2026-06-05
20000000-0000-4000-8000-000000000093,10000000-0000-4000-8000-000000000093,setl_HK403UXH9A1G7I,109300,2186,393,0,106721,2026-08-07
20000000-0000-4000-8000-000000000094,10000000-0000-4000-8000-000000000094,setl_X8FK2076VMDNHQ,366200,7324,1318,0,357558,2026-06-20
20000000-0000-4000-8000-000000000095,10000000-0000-4000-8000-000000000095,setl_GGOC5KVQYWJ85G,1398600,27972,5035,0,1365593,2026-08-15
20000000-0000-4000-8000-000000000096,10000000-0000-4000-8000-000000000096,setl_60QRAQIK3OMD4P,332500,6650,1197,0,324653,2026-08-14
20000000-0000-4000-8000-000000000097,10000000-0000-4000-8000-000000000097,setl_7XMR8FHYDRGFR2,1162700,23254,4186,0,1135260,2026-07-18
20000000-0000-4000-8000-000000000098,10000000-0000-4000-8000-000000000098,setl_HN0Z1R5FN3EH81,1009900,20198,3636,0,986066,2026-06-04
20000000-0000-4000-8000-000000000099,10000000-0000-4000-8000-000000000099,setl_5Z5ZLM36VFOX5W,133900,2678,482,0,130740,2026-08-30
20000000-0000-4000-8000-000000000100,10000000-0000-4000-8000-000000000100,setl_KY3UFN0DSG2QFP,200800,4016,723,0,196061,2026-07-08
20000000-0000-4000-8000-000000000101,10000000-0000-4000-8000-000000000101,setl_KBF2P7KKG0ATCB,1434200,28684,5163,0,1400353,2026-06-02
20000000-0000-4000-8000-000000000102,10000000-0000-4000-8000-000000000102,setl_8JH34UDTLVR7MG,164900,3298,594,0,161008,2026-07-27
20000000-0000-4000-8000-000000000103,10000000-0000-4000-8000-000000000103,setl_KODWH8N92TP6QA,351700,7034,1266,0,343400,2026-08-16
20000000-0000-4000-8000-000000000104,10000000-0000-4000-8000-000000000104,setl_R6YO6Z1T2XCB3Y,1020000,20400,3672,0,995928,2026-07-07
20000000-0000-4000-8000-000000000105,10000000-0000-4000-8000-000000000105,setl_ECJUIS2GY9YTJU,479800,9596,1727,0,468477,2026-07-16
20000000-0000-4000-8000-000000000106,10000000-0000-4000-8000-000000000106,setl_71W1WUDCBL4CE7,141800,2836,510,0,138454,2026-08-03
20000000-0000-4000-8000-000000000107,10000000-0000-4000-8000-000000000107,setl_81L51FLMNAVYCS,196800,3936,708,0,192156,2026-06-17
20000000-0000-4000-8000-000000000108,10000000-0000-4000-8000-000000000108,setl_9HKHJG4IHGJD3E,1042100,20842,3752,0,1017506,2026-08-02
20000000-0000-4000-8000-000000000109,10000000-0000-4000-8000-000000000109,setl_51NSGZSR8RUW2X,1419800,28396,5111,0,1386293,2026-06-17
20000000-0000-4000-8000-000000000111,10000000-0000-4000-8000-000000000111,setl_OI0RS210Q2LG1Z,332200,6644,1196,0,324360,2026-07-24
20000000-0000-4000-8000-000000000112,10000000-0000-4000-8000-000000000112,setl_3VAH6NHKSQNAL6,1329200,26584,4785,0,1297831,2026-06-20
20000000-0000-4000-8000-000000000113,10000000-0000-4000-8000-000000000113,setl_NXZDZB5F5TXC06,558700,11174,2011,0,545515,2026-07-31
20000000-0000-4000-8000-000000000114,10000000-0000-4000-8000-000000000114,setl_JPGZ6TPBWSXXDY,814100,16282,2931,0,794887,2026-06-07
20000000-0000-4000-8000-000000000116,10000000-0000-4000-8000-000000000116,setl_G1Y9XCA6QS0SZA,693400,13868,2496,0,677036,2026-08-23
20000000-0000-4000-8000-000000000117,10000000-0000-4000-8000-000000000117,setl_R8B97EGT2HSPQF,1249600,24992,4499,0,1220109,2026-06-10
20000000-0000-4000-8000-000000000118,10000000-0000-4000-8000-000000000118,setl_OOO0NL9C59E7F1,900000,18000,3240,0,878760,2026-07-24
20000000-0000-4000-8000-000000000119,10000000-0000-4000-8000-000000000119,setl_LO50DW1MF07OL9,40100,802,144,0,39154,2026-06-08
20000000-0000-4000-8000-000000000120,10000000-0000-4000-8000-000000000120,setl_SAV917RMPN6937,1442600,28852,5193,0,1408555,2026-06-13
20000000-0000-4000-8000-000000000121,10000000-0000-4000-8000-000000000121,setl_NVZ552ZBRD399Q,1058200,21164,3810,0,1033226,2026-07-21
20000000-0000-4000-8000-000000000122,10000000-0000-4000-8000-000000000122,setl_D070EN48UACT49,1448400,28968,5214,0,1414218,2026-06-04
20000000-0000-4000-8000-000000000123,10000000-0000-4000-8000-000000000123,setl_RO9X49TMY91OTK,467900,9358,1684,0,456858,2026-06-04
20000000-0000-4000-8000-000000000124,10000000-0000-4000-8000-000000000124,setl_Y8XNY2X15XJXNE,719600,14392,2591,0,702617,2026-08-13
20000000-0000-4000-8000-000000000125,10000000-0000-4000-8000-000000000125,setl_HFU4B9SNTP8AK8,820300,16406,2953,0,800941,2026-06-24
20000000-0000-4000-8000-000000000127,10000000-0000-4000-8000-000000000127,setl_9I82ES5V3DMUKJ,1310600,26212,4718,0,1279670,2026-08-12
20000000-0000-4000-8000-000000000128,10000000-0000-4000-8000-000000000128,setl_CIDUDK73A8Y7ER,705100,14102,2538,0,688460,2026-07-31
20000000-0000-4000-8000-000000000129,10000000-0000-4000-8000-000000000129,setl_7X3BQWRMWLMA6G,103300,2066,372,0,100862,2026-06-27
20000000-0000-4000-8000-000000000130,10000000-0000-4000-8000-000000000130,setl_003E82EMAYB3PV,201200,4024,724,0,196452,2026-06-02
20000000-0000-4000-8000-000000000131,10000000-0000-4000-8000-000000000131,setl_JKMPLBBB0HQ6DG,82700,1654,298,0,80748,2026-08-15
20000000-0000-4000-8000-000000000132,10000000-0000-4000-8000-000000000132,setl_NWEPRS82GJ8K8C,181500,3630,653,0,177217,2026-06-02
20000000-0000-4000-8000-000000000133,10000000-0000-4000-8000-000000000133,setl_WVHPLHW4OQ0PFR,503000,10060,1811,0,491129,2026-07-10
20000000-0000-4000-8000-000000000134,10000000-0000-4000-8000-000000000134,setl_F163LRITJTABTD,53800,1076,194,0,52530,2026-07-14
20000000-0000-4000-8000-000000000135,10000000-0000-4000-8000-000000000135,setl_592FFQ293EP0FL,311600,7790,1402,0,302408,2026-06-15
20000000-0000-4000-8000-000000000136,10000000-0000-4000-8000-000000000136,setl_HI0EZF0ZPBDURV,405200,8104,1459,0,395637,2026-06-03
20000000-0000-4000-8000-000000000137,10000000-0000-4000-8000-000000000137,setl_O39VCYRXONBNPJ,1384100,27682,4983,0,1351435,2026-08-30
20000000-0000-4000-8000-000000000138,10000000-0000-4000-8000-000000000138,setl_FYCW8IHYFZ9S9V,672200,13444,2420,0,656336,2026-07-17
20000000-0000-4000-8000-000000000140,10000000-0000-4000-8000-000000000140,setl_3A4KFOCNQDQX6Q,690000,13800,2484,0,673716,2026-07-26
20000000-0000-4000-8000-000000000141,10000000-0000-4000-8000-000000000141,setl_67RL2YJ0974WXU,706500,14130,2543,0,689827,2026-08-06
20000000-0000-4000-8000-000000000142,10000000-0000-4000-8000-000000000142,setl_WOR17DPUBKPIQN,205600,4112,740,0,200748,2026-06-26
20000000-0000-4000-8000-000000000143,10000000-0000-4000-8000-000000000143,setl_6SPD2SW24WJT8H,1363400,27268,4908,0,1331224,2026-07-15
20000000-0000-4000-8000-000000000144,10000000-0000-4000-8000-000000000144,setl_AC8CYNL63GAGUV,155800,3116,561,0,152123,2026-08-25
20000000-0000-4000-8000-000000000145,10000000-0000-4000-8000-000000000145,setl_28R5P03WVPUNWC,590900,11818,2127,0,576955,2026-08-06
20000000-0000-4000-8000-000000000146,10000000-0000-4000-8000-000000000146,setl_H2R9PEGLNUKX49,1492400,29848,5373,0,1457179,2026-06-20
20000000-0000-4000-8000-000000000147,10000000-0000-4000-8000-000000000147,setl_5BBKJY2NZ7VELF,1032300,20646,3716,0,1007938,2026-08-16
20000000-0000-4000-8000-000000000148,10000000-0000-4000-8000-000000000148,setl_OCPY8UDQDDAQJR,327700,6554,1180,0,319966,2026-07-03
20000000-0000-4000-8000-000000000149,10000000-0000-4000-8000-000000000149,setl_WZKAG6W04YGYFL,208600,4172,751,0,203677,2026-08-17
20000000-0000-4000-8000-000000000150,10000000-0000-4000-8000-000000000150,setl_JSXFOH9MBUZPHD,518900,10378,1868,0,506654,2026-08-19
20000000-0000-4000-8000-000000000151,10000000-0000-4000-8000-000000000151,setl_AM4BE52S8U8ZF0,200400,4008,721,0,195671,2026-07-18
20000000-0000-4000-8000-000000000152,10000000-0000-4000-8000-000000000152,setl_P1WKISETUK1OOA,948300,18966,3414,0,925920,2026-08-21
20000000-0000-4000-8000-000000000153,10000000-0000-4000-8000-000000000153,setl_34T3Y4WPWG3XG0,1198100,23962,4313,0,1169825,2026-06-12
20000000-0000-4000-8000-000000000154,10000000-0000-4000-8000-000000000154,setl_1KO6XNQXU71SEL,473500,9470,1705,0,462325,2026-07-03
20000000-0000-4000-8000-000000000155,10000000-0000-4000-8000-000000000155,setl_T2DA8DBFA1U5MY,743300,14866,2676,0,725758,2026-08-27
20000000-0000-4000-8000-000000000156,10000000-0000-4000-8000-000000000156,setl_JM1FT07X5IC86Z,131200,2624,472,0,128104,2026-07-13
20000000-0000-4000-8000-000000000157,10000000-0000-4000-8000-000000000157,setl_O13TB25ICCPKLV,925100,18502,3330,0,903268,2026-07-14
20000000-0000-4000-8000-000000000158,10000000-0000-4000-8000-000000000158,setl_RBKN3DKVR5NBHG,1175700,23514,4233,0,1147953,2026-07-18
20000000-0000-4000-8000-000000000159,10000000-0000-4000-8000-000000000159,setl_UBJJJX1ALX44PA,1426400,28528,5135,0,1392737,2026-06-06
20000000-0000-4000-8000-000000000160,10000000-0000-4000-8000-000000000160,setl_SILN3OX5FL2MOX,1429800,28596,5147,0,1396057,2026-06-05
20000000-0000-4000-8000-000000000161,10000000-0000-4000-8000-000000000161,setl_Q0EI05NMS6XVQP,844800,16896,3041,0,824863,2026-08-03
20000000-0000-4000-8000-000000000162,10000000-0000-4000-8000-000000000162,setl_VDZC786W0P1Z00,1444400,28888,5200,0,1410312,2026-08-19
20000000-0000-4000-8000-000000000163,10000000-0000-4000-8000-000000000163,setl_H41A68T2A3AH7U,870400,17408,3133,0,849859,2026-08-05
20000000-0000-4000-8000-000000000164,10000000-0000-4000-8000-000000000164,setl_F30KH5840ACUHG,1481700,29634,5334,0,1446732,2026-08-22
20000000-0000-4000-8000-000000000165,10000000-0000-4000-8000-000000000165,setl_ULYO3PJBRHWBQH,308500,6170,1111,0,301219,2026-07-08
20000000-0000-4000-8000-000000000166,10000000-0000-4000-8000-000000000166,setl_03NO355CSZ0A0T,632400,12648,2277,0,617475,2026-07-25
20000000-0000-4000-8000-000000000168,10000000-0000-4000-8000-000000000168,setl_URR8IQRT007PCE,251400,5028,905,0,245467,2026-07-31
20000000-0000-4000-8000-000000000169,10000000-0000-4000-8000-000000000169,setl_FC9LGYTLCQFMUI,877100,17542,3158,0,856400,2026-08-13
20000000-0000-4000-8000-000000000170,10000000-0000-4000-8000-000000000170,setl_XLSEUNNRLST548,474100,9482,1707,0,462911,2026-06-17
20000000-0000-4000-8000-000000000171,10000000-0000-4000-8000-000000000171,setl_T9GWA44LZ6V7S7,1248500,24970,4495,0,1219035,2026-08-09
20000000-0000-4000-8000-000000000172,10000000-0000-4000-8000-000000000172,setl_1EBZGFLIG5GKZJ,168200,3364,606,0,164230,2026-08-20
20000000-0000-4000-8000-000000000173,10000000-0000-4000-8000-000000000173,setl_RM6GMFT1PWVZ0R,377400,7548,1359,0,368493,2026-08-05
20000000-0000-4000-8000-000000000174,10000000-0000-4000-8000-000000000174,setl_0FT1AFDTOHRNQI,1106800,22136,3984,0,1080680,2026-08-14
20000000-0000-4000-8000-000000000175,10000000-0000-4000-8000-000000000175,setl_M0XO3FESYAXYPB,396800,9920,1786,0,385094,2026-08-22
20000000-0000-4000-8000-000000000176,10000000-0000-4000-8000-000000000176,setl_WVMB0IDD0WPJ8Y,99400,1988,358,0,97054,2026-07-04
20000000-0000-4000-8000-000000000177,10000000-0000-4000-8000-000000000177,setl_OGKAH2XJQ2WDIZ,210600,4212,758,0,205630,2026-08-21
20000000-0000-4000-8000-000000000178,10000000-0000-4000-8000-000000000178,setl_09NTN8EOHDK519,939500,18790,3382,0,917328,2026-06-12
20000000-0000-4000-8000-000000000179,10000000-0000-4000-8000-000000000179,setl_UQDN05XT54FN5G,1095000,21900,3942,0,1069158,2026-07-20
20000000-0000-4000-8000-000000000180,10000000-0000-4000-8000-000000000180,setl_7WP2D41U2ZNXFI,135100,2702,486,0,131912,2026-07-02
20000000-0000-4000-8000-000000000181,10000000-0000-4000-8000-000000000181,setl_WGMF4LN5RGSG6A,1058400,21168,3810,0,1033422,2026-08-11
20000000-0000-4000-8000-000000000182,10000000-0000-4000-8000-000000000182,setl_J0076EKHI1RD5B,1406900,28138,5065,0,1373697,2026-06-22
20000000-0000-4000-8000-000000000183,10000000-0000-4000-8000-000000000183,setl_CPK7PWTG21HSLT,862300,17246,3104,0,841950,2026-06-28
20000000-0000-4000-8000-000000000184,10000000-0000-4000-8000-000000000184,setl_NL2LUHHS4DILRZ,756700,15134,2724,0,738842,2026-07-17
20000000-0000-4000-8000-000000000185,10000000-0000-4000-8000-000000000185,setl_10HLINH8JV7FXP,960400,19208,3457,0,937735,2026-06-17
20000000-0000-4000-8000-000000000186,10000000-0000-4000-8000-000000000186,setl_AUA3AIPJIYLQX1,1085100,21702,3906,0,1059492,2026-07-03
20000000-0000-4000-8000-000000000187,10000000-0000-4000-8000-000000000187,setl_1ERV0LG92MJEQA,1457800,29156,5248,0,1423396,2026-08-28
20000000-0000-4000-8000-000000000188,10000000-0000-4000-8000-000000000188,setl_LW6JL2L5B56BNV,1334500,26690,4804,0,1303006,2026-08-24
20000000-0000-4000-8000-000000000189,10000000-0000-4000-8000-000000000189,setl_9QJP0XSM9GM51Q,1226400,24528,4415,0,1197457,2026-08-13
20000000-0000-4000-8000-000000000190,10000000-0000-4000-8000-000000000190,setl_FWW41F7V4K88K6,252000,5040,907,0,246053,2026-06-27
20000000-0000-4000-8000-000000000191,10000000-0000-4000-8000-000000000191,setl_WQXKE0QC96MJ9N,1386800,27736,4992,0,1354072,2026-08-07
20000000-0000-4000-8000-000000000192,10000000-0000-4000-8000-000000000192,setl_S7NVV28UE1MY6P,1068900,21378,3848,0,1043674,2026-07-27
20000000-0000-4000-8000-000000000193,10000000-0000-4000-8000-000000000193,setl_DMT28LL6DOWX1H,597200,11944,2150,0,583106,2026-06-05
20000000-0000-4000-8000-000000000194,10000000-0000-4000-8000-000000000194,setl_39IIXHAIAW4OTU,669900,13398,2412,0,654090,2026-06-24
20000000-0000-4000-8000-000000000195,10000000-0000-4000-8000-000000000195,setl_AQX6RZCM8JJ6AV,1180400,23608,4249,0,1152543,2026-08-19
20000000-0000-4000-8000-000000000196,10000000-0000-4000-8000-000000000196,setl_ZEMDMZ5RGOI9WM,1216500,24330,4379,0,1187791,2026-06-25
20000000-0000-4000-8000-000000000197,10000000-0000-4000-8000-000000000197,setl_YVGDGFWMQX327Y,632900,12658,2278,0,617964,2026-08-12
20000000-0000-4000-8000-000000000198,10000000-0000-4000-8000-000000000198,setl_3GD60UGLBB8NMT,544700,10894,1961,0,531845,2026-08-06
20000000-0000-4000-8000-000000000199,10000000-0000-4000-8000-000000000199,setl_YOOK63RVWOZQXI,658700,13174,2371,0,643155,2026-07-20
20000000-0000-4000-8000-000000000200,10000000-0000-4000-8000-000000000200,setl_LU8M87MHXOFKCG,199000,3980,716,0,194304,2026-07-02
20000000-0000-4000-8000-000000000201,10000000-0000-4000-8000-000000000201,setl_WHO5QQ8QMXETIZ,386600,7732,1392,0,377476,2026-06-24
20000000-0000-4000-8000-000000000202,10000000-0000-4000-8000-000000000202,setl_V1TWBDCA75LD7M,745600,14912,2684,0,728004,2026-07-07
20000000-0000-4000-8000-000000000203,10000000-0000-4000-8000-000000000203,setl_U595CEKOF92Y8L,1107500,22150,3987,0,1081363,2026-07-31
20000000-0000-4000-8000-000000000204,10000000-0000-4000-8000-000000000204,setl_ZEMJGKCQY2656A,565300,11306,2035,0,551959,2026-06-08
20000000-0000-4000-8000-000000000205,10000000-0000-4000-8000-000000000205,setl_GAGHFT9ZZCGL9F,170100,3402,612,0,166086,2026-08-21
20000000-0000-4000-8000-000000000206,10000000-0000-4000-8000-000000000206,setl_VBMQQ749Q6QF1P,983500,19670,3541,0,960289,2026-08-20
20000000-0000-4000-8000-000000000207,10000000-0000-4000-8000-000000000207,setl_LWWVTMNYEURANI,732700,14654,2638,0,715408,2026-06-29
20000000-0000-4000-8000-000000000208,10000000-0000-4000-8000-000000000208,setl_AMWU28RL5H3G7V,1249000,43715,7869,0,1197416,2026-08-19
20000000-0000-4000-8000-000000000209,10000000-0000-4000-8000-000000000209,setl_GW1XL1BS0ZR7FD,766900,15338,2761,0,748801,2026-08-18
20000000-0000-4000-8000-000000000210,10000000-0000-4000-8000-000000000210,setl_CHBIRMC5S3OFAW,1400800,28016,5043,0,1367741,2026-08-25
20000000-0000-4000-8000-000000000211,10000000-0000-4000-8000-000000000211,setl_9VFRUK94IW54W4,1472500,29450,5301,0,1437749,2026-07-24
20000000-0000-4000-8000-000000000212,10000000-0000-4000-8000-000000000212,setl_3O9UBC1KKR2AJ5,1462100,43863,7895,0,1410342,2026-06-05
20000000-0000-4000-8000-000000000213,10000000-0000-4000-8000-000000000213,setl_TY6M79FMW04U92,970500,19410,3494,0,947596,2026-07-10
20000000-0000-4000-8000-000000000214,10000000-0000-4000-8000-000000000214,setl_W8GAKH3YCQE8XA,389800,7796,1403,0,380601,2026-06-04
20000000-0000-4000-8000-000000000216,10000000-0000-4000-8000-000000000216,setl_6KFKLDF4HRA136,175400,3508,631,0,171261,2026-06-14
20000000-0000-4000-8000-000000000217,10000000-0000-4000-8000-000000000217,setl_9NJC2GOUIFEZAC,476800,9536,1716,0,465548,2026-07-02
20000000-0000-4000-8000-000000000218,10000000-0000-4000-8000-000000000218,setl_6R8SO5WISRCVPU,947400,18948,3411,0,925041,2026-06-27
20000000-0000-4000-8000-000000000219,10000000-0000-4000-8000-000000000219,setl_JPX16F1KYNTL2U,866900,17338,3121,0,846441,2026-07-19
20000000-0000-4000-8000-000000000220,10000000-0000-4000-8000-000000000220,setl_4JTJ27YH6UAMWJ,764900,15298,2754,0,746848,2026-07-30
20000000-0000-4000-8000-000000000221,10000000-0000-4000-8000-000000000221,setl_541A1HYP5MASNP,416400,8328,1499,0,406573,2026-07-10
20000000-0000-4000-8000-000000000222,10000000-0000-4000-8000-000000000222,setl_BIZFWTJSJFFP5G,824200,16484,2967,0,804749,2026-07-14
20000000-0000-4000-8000-000000000223,10000000-0000-4000-8000-000000000223,setl_54UKIGDIX1CNAQ,1266400,25328,4559,0,1236513,2026-07-03
20000000-0000-4000-8000-000000000224,10000000-0000-4000-8000-000000000224,setl_PRQQ5QOB867KBQ,635800,12716,2289,0,620795,2026-07-10
20000000-0000-4000-8000-000000000225,10000000-0000-4000-8000-000000000225,setl_4JRCQ97RCQ6W94,172500,3450,621,0,168429,2026-08-13
20000000-0000-4000-8000-000000000226,10000000-0000-4000-8000-000000000226,setl_X17COPO9MNLR97,194300,3886,699,0,189715,2026-07-24
20000000-0000-4000-8000-000000000227,10000000-0000-4000-8000-000000000227,setl_9DVWS3KCVJXZDV,1402000,28040,5047,0,1368913,2026-08-14
20000000-0000-4000-8000-000000000228,10000000-0000-4000-8000-000000000228,setl_FGCB4JGRXOZLEL,264500,5290,952,0,258258,2026-07-05
20000000-0000-4000-8000-000000000229,10000000-0000-4000-8000-000000000229,setl_8VK9QKAV8C3PQ5,191200,3824,688,0,186688,2026-07-19
20000000-0000-4000-8000-000000000230,10000000-0000-4000-8000-000000000230,setl_YCX8AE0JXYO6HF,1442900,28858,5194,0,1408848,2026-08-29
20000000-0000-4000-8000-000000000231,10000000-0000-4000-8000-000000000231,setl_B42P31OGWRVZ90,1306800,26136,4704,0,1275960,2026-06-14
20000000-0000-4000-8000-000000000232,10000000-0000-4000-8000-000000000232,setl_K499NR0OAKGDES,1209200,24184,4353,0,1180663,2026-06-22
20000000-0000-4000-8000-000000000233,10000000-0000-4000-8000-000000000233,setl_MG7ZD3Q0E03YIO,1458300,29166,5250,0,1423884,2026-08-26
20000000-0000-4000-8000-000000000234,10000000-0000-4000-8000-000000000234,setl_AHDZOMQFXEN9NS,1243400,24868,4476,0,1214056,2026-06-17
20000000-0000-4000-8000-000000000235,10000000-0000-4000-8000-000000000235,setl_RH8S7DZSYJX20A,1279900,25598,4608,0,1249694,2026-08-09
20000000-0000-4000-8000-000000000236,10000000-0000-4000-8000-000000000236,setl_8ACUEOBQT0D9TZ,1160200,34806,6265,0,1119129,2026-07-08
20000000-0000-4000-8000-000000000237,10000000-0000-4000-8000-000000000237,setl_UYG3IBG3HKCQWB,1399500,27990,5038,0,1366472,2026-06-03
20000000-0000-4000-8000-000000000238,10000000-0000-4000-8000-000000000238,setl_01AONT75EZ6IZ8,1495900,29918,5385,0,1460597,2026-06-21
20000000-0000-4000-8000-000000000239,10000000-0000-4000-8000-000000000239,setl_XA3BL13VCG8D2T,248800,4976,896,0,242928,2026-06-30
20000000-0000-4000-8000-000000000240,10000000-0000-4000-8000-000000000240,setl_EO2S9NBLGU0TBQ,1311400,26228,4721,0,1280451,2026-06-28
20000000-0000-4000-8000-000000000241,10000000-0000-4000-8000-000000000241,setl_GUY0OFIPZN0THL,1423900,28478,5126,0,1390296,2026-06-12
20000000-0000-4000-8000-000000000242,10000000-0000-4000-8000-000000000242,setl_B9IDYREX9BOBCD,355100,7102,1278,0,346720,2026-07-25
20000000-0000-4000-8000-000000000243,10000000-0000-4000-8000-000000000243,setl_ES1KTIOR4V1OG0,1171400,23428,4217,0,1143755,2026-07-02
20000000-0000-4000-8000-000000000244,10000000-0000-4000-8000-000000000244,setl_QL0DGH6M3SGUR4,1156400,23128,4163,0,1129109,2026-08-26
20000000-0000-4000-8000-000000000245,10000000-0000-4000-8000-000000000245,setl_3OVU7PW35X3X10,1205800,24116,4341,0,1177343,2026-07-15
20000000-0000-4000-8000-000000000246,10000000-0000-4000-8000-000000000246,setl_VLX6X6SXUA3KAM,943800,18876,3398,0,921526,2026-07-07
20000000-0000-4000-8000-000000000247,10000000-0000-4000-8000-000000000247,setl_643F1AYSV6O9E9,1120900,22418,4035,0,1094447,2026-07-08
20000000-0000-4000-8000-000000000248,10000000-0000-4000-8000-000000000248,setl_EA20RWRNBFZV1J,1047100,20942,3770,0,1022388,2026-06-10
20000000-0000-4000-8000-000000000249,10000000-0000-4000-8000-000000000249,setl_85LFOS9DJ9IHJD,642200,12844,2312,0,627044,2026-08-11
20000000-0000-4000-8000-000000000250,10000000-0000-4000-8000-000000000250,setl_ZTWO7ERC4R6S34,737400,14748,2655,0,719997,2026-06-05
20000000-0000-4000-8000-000000000251,10000000-0000-4000-8000-000000000251,setl_LBV0XT9VYSKE5M,247200,4944,890,0,241366,2026-08-22
20000000-0000-4000-8000-000000000252,10000000-0000-4000-8000-000000000252,setl_SOGWIBJB6M9NWY,1107200,22144,3986,0,1081070,2026-08-23
20000000-0000-4000-8000-000000000253,10000000-0000-4000-8000-000000000253,setl_HZMVYD47DZNAXS,914700,18294,3293,0,893113,2026-08-03
20000000-0000-4000-8000-000000000254,10000000-0000-4000-8000-000000000254,setl_P4B8J4ZXD82BMQ,160800,3216,579,0,157005,2026-07-28
20000000-0000-4000-8000-000000000255,10000000-0000-4000-8000-000000000255,setl_SKWECY9A7ABFLX,902800,18056,3250,0,881494,2026-07-09
20000000-0000-4000-8000-000000000256,10000000-0000-4000-8000-000000000256,setl_S2GT30GCHF4AKD,838400,16768,3018,0,818614,2026-06-30
20000000-0000-4000-8000-000000000257,10000000-0000-4000-8000-000000000257,setl_QHPZHUUG4BGF86,73400,1468,264,0,71668,2026-08-12
20000000-0000-4000-8000-000000000259,10000000-0000-4000-8000-000000000259,setl_F31D2O25TG5JTV,305500,6110,1100,0,298290,2026-08-08
20000000-0000-4000-8000-000000000261,10000000-0000-4000-8000-000000000261,setl_FHEYZQQXBV0DEO,803000,16060,2891,0,784049,2026-07-24
20000000-0000-4000-8000-000000000263,10000000-0000-4000-8000-000000000263,setl_8EJPMLNL7HA752,1167800,23356,4204,0,1140240,2026-06-17
20000000-0000-4000-8000-000000000264,10000000-0000-4000-8000-000000000264,setl_PY9NPGIRD4JPDT,1071800,21436,3858,0,1046506,2026-08-11
20000000-0000-4000-8000-000000000265,10000000-0000-4000-8000-000000000265,setl_ZAUGTTMPPJBEAH,779200,15584,2805,0,760811,2026-06-02
20000000-0000-4000-8000-000000000266,10000000-0000-4000-8000-000000000266,setl_I9C2BVS3K337OV,752100,15042,2708,0,734350,2026-08-17
20000000-0000-4000-8000-000000000267,10000000-0000-4000-8000-000000000267,setl_DBFXA2WD7772IY,994900,19898,3582,0,971420,2026-06-27
20000000-0000-4000-8000-000000000268,10000000-0000-4000-8000-000000000268,setl_7SR3JFYUSQ1U97,741300,14826,2669,0,723805,2026-08-02
20000000-0000-4000-8000-000000000269,10000000-0000-4000-8000-000000000269,setl_PFMNF7UIWJTA88,1117600,22352,4023,0,1091225,2026-06-18
20000000-0000-4000-8000-000000000270,10000000-0000-4000-8000-000000000270,setl_F6KKFEDLBGKBUO,1068600,21372,3847,0,1043381,2026-06-08
20000000-0000-4000-8000-000000000271,10000000-0000-4000-8000-000000000271,setl_6DMJLXDW0YCYRN,1039800,20796,3743,0,1015261,2026-08-03
20000000-0000-4000-8000-000000000272,10000000-0000-4000-8000-000000000272,setl_PF37L5RPTBQ818,957700,19154,3448,0,935098,2026-06-09
20000000-0000-4000-8000-000000000273,10000000-0000-4000-8000-000000000273,setl_N9S8TSNC19ARSO,306400,6128,1103,0,299169,2026-08-08
20000000-0000-4000-8000-000000000274,10000000-0000-4000-8000-000000000274,setl_LJ29JB8JXKQ054,393400,7868,1416,0,384116,2026-07-01
20000000-0000-4000-8000-000000000275,10000000-0000-4000-8000-000000000275,setl_ZSFWI45A4520SZ,641600,12832,2310,0,626458,2026-06-21
20000000-0000-4000-8000-000000000276,10000000-0000-4000-8000-000000000276,setl_9LUERJQENBD0V0,414600,8292,1493,0,404815,2026-06-09
20000000-0000-4000-8000-000000000277,10000000-0000-4000-8000-000000000277,setl_NADKN2K7IT7XXD,367300,7346,1322,0,358632,2026-06-19
20000000-0000-4000-8000-000000000278,10000000-0000-4000-8000-000000000278,setl_AQLO36JWBWNUHP,736700,14734,2652,0,719314,2026-06-17
20000000-0000-4000-8000-000000000279,10000000-0000-4000-8000-000000000279,setl_A9TA76NFCQML8Q,1402500,28050,5049,0,1369401,2026-07-16
20000000-0000-4000-8000-000000000280,10000000-0000-4000-8000-000000000280,setl_AU7BWHZMJBG3K5,1201100,24022,4324,0,1172754,2026-06-02
20000000-0000-4000-8000-000000000281,10000000-0000-4000-8000-000000000281,setl_N85P3EBQ3VYAR6,1308100,26162,4709,0,1277229,2026-08-23
20000000-0000-4000-8000-000000000282,10000000-0000-4000-8000-000000000282,setl_J13M7PC59P0QVH,351100,7022,1264,0,342814,2026-08-13
20000000-0000-4000-8000-000000000283,10000000-0000-4000-8000-000000000283,setl_QSNVYF2ZQOYGWO,281100,5622,1012,0,274466,2026-07-16
20000000-0000-4000-8000-000000000284,10000000-0000-4000-8000-000000000284,setl_0YX6X3B9KYHKZH,1327200,26544,4778,0,1295878,2026-08-08
20000000-0000-4000-8000-000000000285,10000000-0000-4000-8000-000000000285,setl_BZIRJYZ8XUKU8N,259900,5198,936,0,253766,2026-06-20
20000000-0000-4000-8000-000000000286,10000000-0000-4000-8000-000000000286,setl_F6DOHE7KY87Q19,524000,10480,1886,0,511634,2026-08-03
20000000-0000-4000-8000-000000000287,10000000-0000-4000-8000-000000000287,setl_URANDDEPTLT05U,748800,14976,2696,0,731128,2026-08-15
20000000-0000-4000-8000-000000000288,10000000-0000-4000-8000-000000000288,setl_K9X0740C98UZZY,1096900,21938,3949,0,1071013,2026-07-23
20000000-0000-4000-8000-000000000289,10000000-0000-4000-8000-000000000289,setl_ACO58P8O85BIOF,1429900,42897,7721,0,1379282,2026-06-15
20000000-0000-4000-8000-000000000290,10000000-0000-4000-8000-000000000290,setl_8W07FIL3DVYJHM,504000,10080,1814,0,492106,2026-08-16
20000000-0000-4000-8000-000000000291,10000000-0000-4000-8000-000000000291,setl_8PU9JN01N3P6EG,1434700,28694,5165,0,1400841,2026-07-28
20000000-0000-4000-8000-000000000292,10000000-0000-4000-8000-000000000292,setl_LLZCUH1I8YATYE,622700,12454,2242,0,608004,2026-08-14
20000000-0000-4000-8000-000000000293,10000000-0000-4000-8000-000000000293,setl_KC37WMFPTA7LS9,1444800,28896,5201,0,1410703,2026-06-10
20000000-0000-4000-8000-000000000294,10000000-0000-4000-8000-000000000294,setl_6XHIGX1PZGSVAN,344400,6888,1240,0,336272,2026-08-06
20000000-0000-4000-8000-000000000295,10000000-0000-4000-8000-000000000295,setl_ZJ42RL1EH8HYF8,43000,860,155,0,41985,2026-08-27
20000000-0000-4000-8000-000000000296,10000000-0000-4000-8000-000000000296,setl_AXHNOC2XI3RNC0,1436200,28724,5170,0,1402306,2026-06-11
20000000-0000-4000-8000-000000000297,10000000-0000-4000-8000-000000000297,setl_Z6WQUQB8RCP6I2,118500,2370,427,0,115703,2026-07-17
20000000-0000-4000-8000-000000000298,10000000-0000-4000-8000-000000000298,setl_ABF8QLT1RKQQL7,859500,17190,3094,0,839216,2026-08-07
20000000-0000-4000-8000-000000000299,10000000-0000-4000-8000-000000000299,setl_O7OPKLJ670LJC6,384800,7696,1385,0,375719,2026-06-03
20000000-0000-4000-8000-000000000300,10000000-0000-4000-8000-000000000300,setl_L6SGW2NRV4EIBK,962900,19258,3466,0,940176,2026-07-01
20000000-0000-4000-8000-000000000301,10000000-0000-4000-8000-000000000301,setl_G3FYE4HQGOXAIQ,724800,14496,2609,0,707695,2026-08-31
20000000-0000-4000-8000-000000000302,10000000-0000-4000-8000-000000000302,setl_57FHSF2AALUDHA,451600,9032,1626,0,440942,2026-08-23
20000000-0000-4000-8000-000000000303,10000000-0000-4000-8000-000000000303,setl_QFF2K5C3Z6J5Q1,1223600,24472,4405,0,1194723,2026-08-09
20000000-0000-4000-8000-000000000304,10000000-0000-4000-8000-000000000304,setl_D9EQSIMYO7WY66,85600,1712,308,0,83580,2026-07-22
20000000-0000-4000-8000-000000000305,10000000-0000-4000-8000-000000000305,setl_KP6ASSSULJAF4W,317700,9531,1716,0,306453,2026-06-21
20000000-0000-4000-8000-000000000306,10000000-0000-4000-8000-000000000306,setl_BVLXUIIY3XGWK1,48600,972,175,0,47453,2026-06-20
20000000-0000-4000-8000-000000000307,10000000-0000-4000-8000-000000000307,setl_LLE4A2G76RWR3S,629500,12590,2266,0,614644,2026-08-09
20000000-0000-4000-8000-000000000308,10000000-0000-4000-8000-000000000308,setl_FZDTC5PAYGAA70,1220400,24408,4393,0,1191599,2026-08-17
20000000-0000-4000-8000-000000000309,10000000-0000-4000-8000-000000000309,setl_MEWT33OODPK1AC,1367700,27354,4924,0,1335422,2026-07-07
20000000-0000-4000-8000-000000000310,10000000-0000-4000-8000-000000000310,setl_SD8P4XTKXGY93F,712100,14242,2564,0,695294,2026-06-09
20000000-0000-4000-8000-000000000311,10000000-0000-4000-8000-000000000311,setl_UY4KJ8GVSKOI4S,56700,1134,204,0,55362,2026-06-18
20000000-0000-4000-8000-000000000312,10000000-0000-4000-8000-000000000312,setl_3TW0J49TO5A7QN,925700,18514,3333,0,903853,2026-07-11
20000000-0000-4000-8000-000000000313,10000000-0000-4000-8000-000000000313,setl_8JV7OJMP6O6F7N,843400,16868,3036,0,823496,2026-06-20
20000000-0000-4000-8000-000000000314,10000000-0000-4000-8000-000000000314,setl_0OX87CZR7XWQF1,998400,19968,3594,0,974838,2026-07-21
20000000-0000-4000-8000-000000000315,10000000-0000-4000-8000-000000000315,setl_3UHK6HMRTIEHC2,443100,8862,1595,0,432643,2026-06-16
20000000-0000-4000-8000-000000000316,10000000-0000-4000-8000-000000000316,setl_IA63YMDDVXKKXO,1352900,27058,4870,0,1320972,2026-08-03
20000000-0000-4000-8000-000000000317,10000000-0000-4000-8000-000000000317,setl_DJ7P1F99DGHBTM,1101700,22034,3966,0,1075700,2026-06-24
20000000-0000-4000-8000-000000000318,10000000-0000-4000-8000-000000000318,setl_U2CI4EURE5MIPU,360200,7204,1297,0,351699,2026-07-08
20000000-0000-4000-8000-000000000319,10000000-0000-4000-8000-000000000319,setl_NVUM2ENI8WX46Q,362300,7246,1304,0,353750,2026-06-20
20000000-0000-4000-8000-000000000320,10000000-0000-4000-8000-000000000320,setl_WYQTUV27UUBRJ1,510700,10214,1839,0,498647,2026-06-24
20000000-0000-4000-8000-000000000321,10000000-0000-4000-8000-000000000321,setl_0HKRAJIAA67MSW,216200,4324,778,0,211098,2026-06-22
20000000-0000-4000-8000-000000000323,10000000-0000-4000-8000-000000000323,setl_DTWBKSDNBATQXC,267300,5346,962,0,260992,2026-06-21
20000000-0000-4000-8000-000000000324,10000000-0000-4000-8000-000000000324,setl_5ZKOERUT9C4QLO,775900,15518,2793,0,757589,2026-08-04
20000000-0000-4000-8000-000000000325,10000000-0000-4000-8000-000000000325,setl_YVMNEDYL7U4GP5,1030800,20616,3711,0,1006473,2026-08-08
20000000-0000-4000-8000-000000000326,10000000-0000-4000-8000-000000000326,setl_LITSJ8BFI8OJGZ,823800,16476,2966,0,804358,2026-06-19
20000000-0000-4000-8000-000000000327,10000000-0000-4000-8000-000000000327,setl_3Y8UQZBA2MT4C4,1278300,25566,4602,0,1248132,2026-06-26
20000000-0000-4000-8000-000000000328,10000000-0000-4000-8000-000000000328,setl_UZ5PFBCE5Z3ZTD,1263800,25276,4550,0,1233974,2026-06-28
20000000-0000-4000-8000-000000000329,10000000-0000-4000-8000-000000000329,setl_5CVHJOBEIFDD56,502600,10052,1809,0,490739,2026-08-29
20000000-0000-4000-8000-000000000330,10000000-0000-4000-8000-000000000330,setl_4JM8C9TFLDY3YG,311000,6220,1120,0,303660,2026-07-23
20000000-0000-4000-8000-000000000331,10000000-0000-4000-8000-000000000331,setl_P0NFDD2PJ0MMUG,967100,19342,3482,0,944276,2026-06-08
20000000-0000-4000-8000-000000000333,10000000-0000-4000-8000-000000000333,setl_HVTVV8C3BAK73I,1434100,28682,5163,0,1400255,2026-08-08
20000000-0000-4000-8000-000000000334,10000000-0000-4000-8000-000000000334,setl_1ZQ8DAYDW9F6Y5,35300,706,127,0,34467,2026-07-20
20000000-0000-4000-8000-000000000335,10000000-0000-4000-8000-000000000335,setl_2KH0ETHETKCAKD,1161800,23236,4182,0,1134382,2026-06-19
20000000-0000-4000-8000-000000000336,10000000-0000-4000-8000-000000000336,setl_R3EV1RDNF4X13Q,709000,14180,2552,0,692268,2026-07-27
20000000-0000-4000-8000-000000000337,10000000-0000-4000-8000-000000000337,setl_GJ1YOFQT49QPEQ,1108700,22174,3991,0,1082535,2026-08-02
20000000-0000-4000-8000-000000000338,10000000-0000-4000-8000-000000000338,setl_4PJAGXLQ0S5RMJ,988700,19774,3559,0,965367,2026-06-26
20000000-0000-4000-8000-000000000339,10000000-0000-4000-8000-000000000339,setl_V3G60992A96GOR,217600,4352,783,0,212465,2026-07-08
20000000-0000-4000-8000-000000000340,10000000-0000-4000-8000-000000000340,setl_ZHVEZ9RTD6ENMB,1433800,28676,5162,0,1399962,2026-08-03
20000000-0000-4000-8000-000000000341,10000000-0000-4000-8000-000000000341,setl_JUBI6MGHAGMB36,1406700,28134,5064,0,1373502,2026-07-16
20000000-0000-4000-8000-000000000342,10000000-0000-4000-8000-000000000342,setl_6WW8EIRHRLNF6N,719000,14380,2588,0,702032,2026-08-11
20000000-0000-4000-8000-000000000343,10000000-0000-4000-8000-000000000343,setl_LADH1DXKXB4RVW,1478600,29572,5323,0,1443705,2026-08-13
20000000-0000-4000-8000-000000000344,10000000-0000-4000-8000-000000000344,setl_SG0G1ZZROG0JRX,362200,7244,1304,0,353652,2026-06-19
20000000-0000-4000-8000-000000000345,10000000-0000-4000-8000-000000000345,setl_EOJ3M48NGC4XAI,1463000,29260,5267,0,1428473,2026-06-17
20000000-0000-4000-8000-000000000346,10000000-0000-4000-8000-000000000346,setl_IE952EX2JZ8K7Z,1381300,27626,4973,0,1348701,2026-06-05
20000000-0000-4000-8000-000000000347,10000000-0000-4000-8000-000000000347,setl_HM22SNJU9F51NI,183800,3676,662,0,179462,2026-07-21
20000000-0000-4000-8000-000000000348,10000000-0000-4000-8000-000000000348,setl_TQX45JOQYNIT38,1299500,25990,4678,0,1268832,2026-08-27
20000000-0000-4000-8000-000000000350,10000000-0000-4000-8000-000000000350,setl_HYGSW419A42W44,692100,13842,2492,0,675766,2026-08-08
20000000-0000-4000-8000-000000000351,10000000-0000-4000-8000-000000000351,setl_6AP3VGVFHZT8I5,310400,6208,1117,0,303075,2026-06-18
20000000-0000-4000-8000-000000000352,10000000-0000-4000-8000-000000000352,setl_E5S517DXJ17X6X,1308200,26164,4710,0,1277326,2026-07-27
20000000-0000-4000-8000-000000000353,10000000-0000-4000-8000-000000000353,setl_PA7YZ5ND2OEUT4,1445500,28910,5204,0,1411386,2026-08-09
20000000-0000-4000-8000-000000000354,10000000-0000-4000-8000-000000000354,setl_VXQE1IL46LMI1J,253500,5070,913,0,247517,2026-06-08
20000000-0000-4000-8000-000000000355,10000000-0000-4000-8000-000000000355,setl_GSG8UENO88UOGM,720900,14418,2595,0,703887,2026-08-15
20000000-0000-4000-8000-000000000356,10000000-0000-4000-8000-000000000356,setl_W0C20X450UHEH3,176600,3532,636,0,172432,2026-06-15
20000000-0000-4000-8000-000000000357,10000000-0000-4000-8000-000000000357,setl_RNWAWO7PLR1X08,1017000,20340,3661,0,992999,2026-07-08
20000000-0000-4000-8000-000000000358,10000000-0000-4000-8000-000000000358,setl_V2RA0T51LC8A4O,1158600,23172,4171,0,1131257,2026-08-26
20000000-0000-4000-8000-000000000359,10000000-0000-4000-8000-000000000359,setl_AI3AL6EJA1V2TG,1235500,24710,4448,0,1206342,2026-07-18
20000000-0000-4000-8000-000000000360,10000000-0000-4000-8000-000000000360,setl_S8U9BG9ZVWT0Y5,1182000,23640,4255,0,1154105,2026-07-26
20000000-0000-4000-8000-000000000361,10000000-0000-4000-8000-000000000361,setl_COCWMIJ5RNO5GL,1003900,20078,3614,0,980208,2026-07-22
20000000-0000-4000-8000-000000000362,10000000-0000-4000-8000-000000000362,setl_FH71UZN4U38BWT,163600,3272,589,0,159739,2026-06-25
20000000-0000-4000-8000-000000000363,10000000-0000-4000-8000-000000000363,setl_A8O34LPQK5FP7A,589800,11796,2123,0,575881,2026-06-16
20000000-0000-4000-8000-000000000364,10000000-0000-4000-8000-000000000364,setl_874OHL5THLVJYQ,949100,18982,3417,0,926701,2026-07-23
20000000-0000-4000-8000-000000000366,10000000-0000-4000-8000-000000000366,setl_KE8RCVFV2R35LJ,407800,8156,1468,0,398176,2026-07-06
20000000-0000-4000-8000-000000000367,10000000-0000-4000-8000-000000000367,setl_F4IO2XM43O8JOC,794700,15894,2861,0,775945,2026-08-27
20000000-0000-4000-8000-000000000368,10000000-0000-4000-8000-000000000368,setl_LK7IAZGQ095EGV,1170300,23406,4213,0,1142681,2026-07-26
20000000-0000-4000-8000-000000000369,10000000-0000-4000-8000-000000000369,setl_J1N5T844QH2BTU,1162700,23254,4186,0,1135260,2026-08-25
20000000-0000-4000-8000-000000000370,10000000-0000-4000-8000-000000000370,setl_KF4HT69A14350Q,878000,17560,3161,0,857279,2026-08-25
20000000-0000-4000-8000-000000000371,10000000-0000-4000-8000-000000000371,setl_BH1NYKS9URXIJA,1369400,27388,4930,0,1337082,2026-06-11
20000000-0000-4000-8000-000000000372,10000000-0000-4000-8000-000000000372,setl_PR7H4PZNGVXXYN,1451500,29030,5225,0,1417245,2026-06-10
20000000-0000-4000-8000-000000000373,10000000-0000-4000-8000-000000000373,setl_C2PLHS95TWBQHS,1132800,22656,4078,0,1106066,2026-08-02
20000000-0000-4000-8000-000000000374,10000000-0000-4000-8000-000000000374,setl_3XR6N18BEQERFT,207500,4150,747,0,202603,2026-08-18
20000000-0000-4000-8000-000000000375,10000000-0000-4000-8000-000000000375,setl_V5IJ3JL9TDCC58,744400,14888,2680,0,726832,2026-08-30
20000000-0000-4000-8000-000000000376,10000000-0000-4000-8000-000000000376,setl_LHRX5M8NZF6YXI,605000,12100,2178,0,590722,2026-06-12
20000000-0000-4000-8000-000000000377,10000000-0000-4000-8000-000000000377,setl_RQA9VZEOX981BF,861400,17228,3101,0,841071,2026-08-10
20000000-0000-4000-8000-000000000378,10000000-0000-4000-8000-000000000378,setl_CFK3EKWH1MQ46P,238800,4776,860,0,233164,2026-08-14
20000000-0000-4000-8000-000000000379,10000000-0000-4000-8000-000000000379,setl_TRG6IAQIIJNN0D,93500,1870,337,0,91293,2026-07-24
20000000-0000-4000-8000-000000000380,10000000-0000-4000-8000-000000000380,setl_QBYWLKLQBXXA53,183500,3670,661,0,179169,2026-08-25
20000000-0000-4000-8000-000000000381,10000000-0000-4000-8000-000000000381,setl_BL5VGGNFA8014E,681300,13626,2453,0,665221,2026-08-12
20000000-0000-4000-8000-000000000382,10000000-0000-4000-8000-000000000382,setl_W3M4DY99O3UCR6,303700,6074,1093,0,296533,2026-07-08
20000000-0000-4000-8000-000000000383,10000000-0000-4000-8000-000000000383,setl_X780TIJ7KTSPYA,228400,4568,822,0,223010,2026-06-18
20000000-0000-4000-8000-000000000384,10000000-0000-4000-8000-000000000384,setl_9OH12PGX409WNZ,641700,12834,2310,0,626556,2026-07-02
20000000-0000-4000-8000-000000000385,10000000-0000-4000-8000-000000000385,setl_V1CIJJRX3XHYTD,1121200,22424,4036,0,1094740,2026-07-10
20000000-0000-4000-8000-000000000386,10000000-0000-4000-8000-000000000386,setl_T59HHPZUYR7VHT,887600,17752,3195,0,866653,2026-08-27
20000000-0000-4000-8000-000000000387,10000000-0000-4000-8000-000000000387,setl_7RWE9EUKIFM5CI,772500,15450,2781,0,754269,2026-08-15
20000000-0000-4000-8000-000000000388,10000000-0000-4000-8000-000000000388,setl_N2KF9Q0QOEXOAN,471900,9438,1699,0,460763,2026-06-02
20000000-0000-4000-8000-000000000389,10000000-0000-4000-8000-000000000389,setl_UKTQ5SMVVBJB1J,1121400,22428,4037,0,1094935,2026-06-16
20000000-0000-4000-8000-000000000390,10000000-0000-4000-8000-000000000390,setl_11DXKU2K5EBDST,86900,1738,313,0,84849,2026-06-30
20000000-0000-4000-8000-000000000391,10000000-0000-4000-8000-000000000391,setl_FVTACBLQI1N6CL,549300,10986,1977,0,536337,2026-07-20
20000000-0000-4000-8000-000000000392,10000000-0000-4000-8000-000000000392,setl_NBA3VO6YVPDKFE,942400,18848,3393,0,920159,2026-08-09
20000000-0000-4000-8000-000000000393,10000000-0000-4000-8000-000000000393,setl_DF4NZKRSN8L0UW,32300,646,116,0,31538,2026-06-24
20000000-0000-4000-8000-000000000394,10000000-0000-4000-8000-000000000394,setl_ZLTOCZCECERT7A,1165600,23312,4196,0,1138092,2026-08-06
20000000-0000-4000-8000-000000000395,10000000-0000-4000-8000-000000000395,setl_81TJRT2RMC967F,1380000,27600,4968,0,1347432,2026-07-31
20000000-0000-4000-8000-000000000396,10000000-0000-4000-8000-000000000396,setl_8U8PN74FY5115Z,534300,10686,1923,0,521691,2026-06-06
20000000-0000-4000-8000-000000000397,10000000-0000-4000-8000-000000000397,setl_IQ0FCUZLZOO0AH,489900,9798,1764,0,478338,2026-06-03
20000000-0000-4000-8000-000000000398,10000000-0000-4000-8000-000000000398,setl_P6EUNPU4EGJN56,1411000,28220,5080,0,1377700,2026-08-04
20000000-0000-4000-8000-000000000399,10000000-0000-4000-8000-000000000399,setl_BXDO7NQR3TB8VF,120500,2410,434,0,117656,2026-08-24
20000000-0000-4000-8000-000000000400,10000000-0000-4000-8000-000000000400,setl_UV1FFOFQ1RUCL3,1444900,28898,5202,0,1410800,2026-08-23
20000000-0000-4000-8000-000000000401,10000000-0000-4000-8000-000000000401,setl_2Q78E5SFE0X7H2,194300,3886,699,0,189715,2026-07-24
20000000-0000-4000-8000-000000000402,10000000-0000-4000-8000-000000000402,setl_WNF3KEYYN2W8G4,974300,19486,3507,0,951307,2026-08-16
20000000-0000-4000-8000-000000000403,10000000-0000-4000-8000-000000000403,setl_KOU3N8Z79NK33A,677400,13548,2439,0,661413,2026-08-27
20000000-0000-4000-8000-000000000404,10000000-0000-4000-8000-000000000404,setl_LPXHV163DC0VSV,161300,3226,581,0,157493,2026-07-12
20000000-0000-4000-8000-000000000405,10000000-0000-4000-8000-000000000405,setl_ZJQAMZC39BMTH2,715700,14314,2577,0,698809,2026-07-06
20000000-0000-4000-8000-000000000406,10000000-0000-4000-8000-000000000406,setl_7GFPPSYAZHXDO3,831300,16626,2993,0,811681,2026-08-19
20000000-0000-4000-8000-000000000407,10000000-0000-4000-8000-000000000407,setl_O2TPX4LPCX1AVJ,60200,1204,217,0,58779,2026-07-15
20000000-0000-4000-8000-000000000408,10000000-0000-4000-8000-000000000408,setl_GNZFZUNQ2W9ZL5,1004100,20082,3615,0,980403,2026-06-08
20000000-0000-4000-8000-000000000409,10000000-0000-4000-8000-000000000409,setl_TM12LC9BGJQ0AQ,617700,12354,2224,0,603122,2026-07-04
20000000-0000-4000-8000-000000000410,10000000-0000-4000-8000-000000000410,setl_IR41G20DFXUJ5O,1128400,22568,4062,0,1101770,2026-07-17
20000000-0000-4000-8000-000000000411,10000000-0000-4000-8000-000000000411,setl_IJD44Y3NPZ5GP5,400200,8004,1441,0,390755,2026-08-21
20000000-0000-4000-8000-000000000412,10000000-0000-4000-8000-000000000412,setl_S4DKFFVIKBYT2I,1201300,24026,4325,0,1172949,2026-08-27
20000000-0000-4000-8000-000000000413,10000000-0000-4000-8000-000000000413,setl_EPYDBSIWFVIUCL,812500,16250,2925,0,793325,2026-08-11
20000000-0000-4000-8000-000000000414,10000000-0000-4000-8000-000000000414,setl_OYYKCZF2TDCITE,938100,18762,3377,0,915961,2026-06-26
20000000-0000-4000-8000-000000000415,10000000-0000-4000-8000-000000000415,setl_AEJZ286QPJN22Y,700300,14006,2521,0,683773,2026-07-10
20000000-0000-4000-8000-000000000416,10000000-0000-4000-8000-000000000416,setl_QH4S03B0HXZ8Y8,1147200,22944,4130,0,1120126,2026-06-05
20000000-0000-4000-8000-000000000417,10000000-0000-4000-8000-000000000417,setl_0YCM90F89VXG7N,64400,1288,232,0,62880,2026-07-29
20000000-0000-4000-8000-000000000418,10000000-0000-4000-8000-000000000418,setl_M0TTD78PRWY8ZO,1214400,24288,4372,0,1185740,2026-06-25
20000000-0000-4000-8000-000000000419,10000000-0000-4000-8000-000000000419,setl_2IQ4LU1BY4IYV0,107600,2690,484,0,104426,2026-06-18
20000000-0000-4000-8000-000000000420,10000000-0000-4000-8000-000000000420,setl_ZOUJJ30TLDO1VA,548500,10970,1975,0,535555,2026-06-16
20000000-0000-4000-8000-000000000421,10000000-0000-4000-8000-000000000421,setl_GG4JYS2Z3CYI0P,676000,13520,2434,0,660046,2026-08-20
20000000-0000-4000-8000-000000000423,10000000-0000-4000-8000-000000000423,setl_8INNU7PGGMINUD,1141100,22822,4108,0,1114170,2026-07-21
20000000-0000-4000-8000-000000000425,10000000-0000-4000-8000-000000000425,setl_U3V8KHV4QLJETH,54000,1080,194,0,52726,2026-07-20
20000000-0000-4000-8000-000000000426,10000000-0000-4000-8000-000000000426,setl_LXC0PADRKU0GKH,104200,2084,375,0,101741,2026-07-07
20000000-0000-4000-8000-000000000427,10000000-0000-4000-8000-000000000427,setl_N3S2W1IXU1OUBN,1382100,27642,4976,0,1349482,2026-08-22
20000000-0000-4000-8000-000000000428,10000000-0000-4000-8000-000000000428,setl_C8HNYDZ0B545K5,1480500,29610,5330,0,1445560,2026-07-02
20000000-0000-4000-8000-000000000429,10000000-0000-4000-8000-000000000429,setl_QCVMKC11XHWCBZ,246500,4930,887,0,240683,2026-06-28
20000000-0000-4000-8000-000000000430,10000000-0000-4000-8000-000000000430,setl_LCTYLH82JPLLQ7,1431700,28634,5154,0,1397912,2026-06-07
20000000-0000-4000-8000-000000000431,10000000-0000-4000-8000-000000000431,setl_NBRQIT4J0SGQ53,25800,516,93,0,25191,2026-06-04
20000000-0000-4000-8000-000000000432,10000000-0000-4000-8000-000000000432,setl_ETL53CUK52CG99,144900,2898,522,0,141480,2026-08-05
20000000-0000-4000-8000-000000000433,10000000-0000-4000-8000-000000000433,setl_WK1LO4P0K9K20G,428600,8572,1543,0,418485,2026-08-20
20000000-0000-4000-8000-000000000434,10000000-0000-4000-8000-000000000434,setl_BGJU7DAMIXW78M,236800,4736,852,0,231212,2026-06-25
20000000-0000-4000-8000-000000000435,10000000-0000-4000-8000-000000000435,setl_Q2YVMZA5W8VLOY,1469200,29384,5289,0,1434527,2026-06-06
20000000-0000-4000-8000-000000000436,10000000-0000-4000-8000-000000000436,setl_EZJ9V9LIGZKCZE,57600,1152,207,0,56241,2026-08-14
20000000-0000-4000-8000-000000000437,10000000-0000-4000-8000-000000000437,setl_IHPSMTK7P6XSVO,1387400,27748,4995,0,1354657,2026-06-25
20000000-0000-4000-8000-000000000438,10000000-0000-4000-8000-000000000438,setl_2CMXLEOTP7A3UH,1176200,23524,4234,0,1148442,2026-08-20
20000000-0000-4000-8000-000000000439,10000000-0000-4000-8000-000000000439,setl_7LJ5MV6B6RJ09W,155500,3110,560,0,151830,2026-06-09
20000000-0000-4000-8000-000000000440,10000000-0000-4000-8000-000000000440,setl_0AU1ARMX6Z7VCR,1393500,27870,5017,0,1360613,2026-07-21
20000000-0000-4000-8000-000000000441,10000000-0000-4000-8000-000000000441,setl_AU14BO8I5MMQEB,50600,1012,182,0,49406,2026-08-27
20000000-0000-4000-8000-000000000442,10000000-0000-4000-8000-000000000442,setl_0KR7DOB261JX1O,175900,3518,633,0,171749,2026-06-30
20000000-0000-4000-8000-000000000443,10000000-0000-4000-8000-000000000443,setl_07Q2JBTZGTLD6F,88200,1764,318,0,86118,2026-06-19
20000000-0000-4000-8000-000000000444,10000000-0000-4000-8000-000000000444,setl_Z0O158J8H19YX6,1332000,26640,4795,0,1300565,2026-08-04
20000000-0000-4000-8000-000000000445,10000000-0000-4000-8000-000000000445,setl_LWL91QJWNNHN3K,164800,3296,593,0,160911,2026-06-18
20000000-0000-4000-8000-000000000446,10000000-0000-4000-8000-000000000446,setl_OHS5OK6BU9XRDT,1295500,25910,4664,0,1264926,2026-08-19
20000000-0000-4000-8000-000000000447,10000000-0000-4000-8000-000000000447,setl_WOE58OAGP01TSN,1175200,23504,4231,0,1147465,2026-06-08
20000000-0000-4000-8000-000000000448,10000000-0000-4000-8000-000000000448,setl_35QRR4ZGMS66KE,219900,4398,792,0,214710,2026-06-02
20000000-0000-4000-8000-000000000449,10000000-0000-4000-8000-000000000449,setl_M2KKTBK5P24T9N,1127900,22558,4060,0,1101282,2026-06-17
20000000-0000-4000-8000-000000000450,10000000-0000-4000-8000-000000000450,setl_4NVV78ZOHEOTB1,1314600,26292,4733,0,1283575,2026-06-27
20000000-0000-4000-8000-000000000451,10000000-0000-4000-8000-000000000451,setl_AOZA48U9ZYAWXG,302300,6046,1088,0,295166,2026-06-16
20000000-0000-4000-8000-000000000452,10000000-0000-4000-8000-000000000452,setl_T8TAGIVEE57B6W,439200,8784,1581,0,428835,2026-06-26
20000000-0000-4000-8000-000000000453,10000000-0000-4000-8000-000000000453,setl_J3IZBT1KT7GA8S,129300,2586,465,0,126249,2026-07-16
20000000-0000-4000-8000-000000000454,10000000-0000-4000-8000-000000000454,setl_AJXHRMF6M8WNLE,833100,16662,2999,0,813439,2026-06-20
20000000-0000-4000-8000-000000000455,10000000-0000-4000-8000-000000000455,setl_WMK6SF9NRMOZL6,1155400,23108,4159,0,1128133,2026-06-23
20000000-0000-4000-8000-000000000456,10000000-0000-4000-8000-000000000456,setl_LQDZ1GGLCR5P8A,1157800,23156,4168,0,1130476,2026-07-11
20000000-0000-4000-8000-000000000457,10000000-0000-4000-8000-000000000457,setl_KQC4LFSI0LJ7ZK,428100,8562,1541,0,417997,2026-08-21
20000000-0000-4000-8000-000000000458,10000000-0000-4000-8000-000000000458,setl_L4F17AUNZQBIB6,861000,25830,4649,0,830521,2026-07-18
20000000-0000-4000-8000-000000000459,10000000-0000-4000-8000-000000000459,setl_0L879W5DY4LRE7,275900,5518,993,0,269389,2026-06-17
20000000-0000-4000-8000-000000000460,10000000-0000-4000-8000-000000000460,setl_1BB61PDBHF3SUT,493600,9872,1777,0,481951,2026-07-22
20000000-0000-4000-8000-000000000461,10000000-0000-4000-8000-000000000461,setl_KQI028H1V8SVWU,642800,12856,2314,0,627630,2026-06-24
20000000-0000-4000-8000-000000000462,10000000-0000-4000-8000-000000000462,setl_QR2AHNYRVFONTY,359400,7188,1294,0,350918,2026-07-16
20000000-0000-4000-8000-000000000463,10000000-0000-4000-8000-000000000463,setl_YZD9UXLJ1FWYMS,527500,10550,1899,0,515051,2026-07-01
20000000-0000-4000-8000-000000000464,10000000-0000-4000-8000-000000000464,setl_U2OLRW334KKAF9,291800,5836,1050,0,284914,2026-06-26
20000000-0000-4000-8000-000000000465,10000000-0000-4000-8000-000000000465,setl_KRUYHCBJKHCD79,30300,606,109,0,29585,2026-06-19
20000000-0000-4000-8000-000000000466,10000000-0000-4000-8000-000000000466,setl_47JWU7SA7IDI09,55500,1110,200,0,54190,2026-08-04
20000000-0000-4000-8000-000000000467,10000000-0000-4000-8000-000000000467,setl_JCAXOD97QQ1Q81,1309000,26180,4712,0,1278108,2026-07-25
20000000-0000-4000-8000-000000000468,10000000-0000-4000-8000-000000000468,setl_HIIA7BW2VNOMZZ,1411200,28224,5080,0,1377896,2026-07-17
20000000-0000-4000-8000-000000000469,10000000-0000-4000-8000-000000000469,setl_XRILVEZNMO3UG5,1350300,27006,4861,0,1318433,2026-07-01
20000000-0000-4000-8000-000000000470,10000000-0000-4000-8000-000000000470,setl_CCVGJJ1WSFDIB0,547700,10954,1972,0,534774,2026-08-12
20000000-0000-4000-8000-000000000471,10000000-0000-4000-8000-000000000471,setl_KRCW9IBGJEWVPG,1049000,20980,3776,0,1024244,2026-06-12
20000000-0000-4000-8000-000000000472,10000000-0000-4000-8000-000000000472,setl_E8EL8HPAZAUR4L,949900,18998,3420,0,927482,2026-06-15
20000000-0000-4000-8000-000000000473,10000000-0000-4000-8000-000000000473,setl_4LMUXFZJDCY98Q,374300,7486,1347,0,365467,2026-07-12
20000000-0000-4000-8000-000000000474,10000000-0000-4000-8000-000000000474,setl_MGQAW4TEQ3CYFW,248100,4962,893,0,242245,2026-06-11
20000000-0000-4000-8000-000000000475,10000000-0000-4000-8000-000000000475,setl_U4U5EOOE42W4QY,240400,4808,865,0,234727,2026-08-30
20000000-0000-4000-8000-000000000478,10000000-0000-4000-8000-000000000478,setl_H9JV8A6M66SZVE,576700,14418,2595,0,559687,2026-07-11
20000000-0000-4000-8000-000000000479,10000000-0000-4000-8000-000000000479,setl_Q82DM7GEHNS1C6,1306400,45724,8230,0,1252446,2026-08-18
20000000-0000-4000-8000-000000000480,10000000-0000-4000-8000-000000000480,setl_XT118QZB6UXQRK,557800,11156,2008,0,544636,2026-08-18
20000000-0000-4000-8000-000000000481,10000000-0000-4000-8000-000000000481,setl_SIYLX2CRL39YR8,428600,8572,1543,0,418485,2026-08-28
20000000-0000-4000-8000-000000000482,10000000-0000-4000-8000-000000000482,setl_KQJYG8IRCPW5VZ,972800,19456,3502,0,949842,2026-08-07
20000000-0000-4000-8000-000000000483,10000000-0000-4000-8000-000000000483,setl_PZIAJN3MLEOZPR,802400,16048,2889,0,783463,2026-06-11
20000000-0000-4000-8000-000000000484,10000000-0000-4000-8000-000000000484,setl_DBH4JWQV66N0TG,48300,966,174,0,47160,2026-07-08
20000000-0000-4000-8000-000000000485,10000000-0000-4000-8000-000000000485,setl_9G9T6JZNUE5RAU,317800,6356,1144,0,310300,2026-07-06
20000000-0000-4000-8000-000000000486,10000000-0000-4000-8000-000000000486,setl_EAM5CSPM0OS2C4,161400,3228,581,0,157591,2026-08-25
20000000-0000-4000-8000-000000000487,10000000-0000-4000-8000-000000000487,setl_3CIPTNPNZXKCB9,1135500,22710,4088,0,1108702,2026-06-14
20000000-0000-4000-8000-000000000488,10000000-0000-4000-8000-000000000488,setl_NYW0YFKOE2HK72,1042800,20856,3754,0,1018190,2026-07-02
20000000-0000-4000-8000-000000000489,10000000-0000-4000-8000-000000000489,setl_JAWUHJ1L90D6D8,1330500,26610,4790,0,1299100,2026-06-08
20000000-0000-4000-8000-000000000490,10000000-0000-4000-8000-000000000490,setl_25ZFC1K8J0KKAG,1457700,29154,5248,0,1423298,2026-06-24
20000000-0000-4000-8000-000000000491,10000000-0000-4000-8000-000000000491,setl_97Y8PZL99UJ6SA,765300,15306,2755,0,747239,2026-06-09
20000000-0000-4000-8000-000000000492,10000000-0000-4000-8000-000000000492,setl_TWFK5MGC3ECTAT,869300,17386,3129,0,848785,2026-06-14
20000000-0000-4000-8000-000000000493,10000000-0000-4000-8000-000000000493,setl_5LBCHY3T5Q21G0,1174700,23494,4229,0,1146977,2026-08-10
20000000-0000-4000-8000-000000000494,10000000-0000-4000-8000-000000000494,setl_PGX44QX1CLMMVH,1381600,27632,4974,0,1348994,2026-06-21
20000000-0000-4000-8000-000000000495,10000000-0000-4000-8000-000000000495,setl_VK8S7JYRIGG48F,1083600,21672,3901,0,1058027,2026-07-05
20000000-0000-4000-8000-000000000496,10000000-0000-4000-8000-000000000496,setl_Y8NHQ4HOAWQF1C,963400,19268,3468,0,940664,2026-08-03
20000000-0000-4000-8000-000000000497,10000000-0000-4000-8000-000000000497,setl_1OL5VZD3NKKF2B,1454000,29080,5234,0,1419686,2026-06-27
20000000-0000-4000-8000-000000000498,10000000-0000-4000-8000-000000000498,setl_7R6D2X6LOD6D8E,494300,9886,1779,0,482635,2026-07-07
20000000-0000-4000-8000-000000000499,10000000-0000-4000-8000-000000000499,setl_G3DUVSCHL80ZD8,843100,16862,3035,0,823203,2026-06-02
20000000-0000-4000-8000-000000000500,10000000-0000-4000-8000-000000000500,setl_FCN0EAHRX0D9Y9,57400,1148,207,0,56045,2026-08-05
20000000-0000-4000-8000-000000000501,10000000-0000-4000-8000-000000000501,setl_B1MTRKZYTWXIM0,377300,7546,1358,0,368396,2026-08-14
20000000-0000-4000-8000-000000000502,10000000-0000-4000-8000-000000000502,setl_PRZDI1EODL6URB,938700,18774,3379,0,916547,2026-06-29
20000000-0000-4000-8000-000000000503,10000000-0000-4000-8000-000000000503,setl_Q93H5YWL94MOPA,1246200,24924,4486,0,1216790,2026-08-10
20000000-0000-4000-8000-000000000504,10000000-0000-4000-8000-000000000504,setl_61AJSJJ583BYGR,552100,11042,1988,0,539070,2026-08-24
20000000-0000-4000-8000-000000000505,10000000-0000-4000-8000-000000000505,setl_HIFK0VZYYBDAU8,699600,13992,2519,0,683089,2026-08-30
20000000-0000-4000-8000-000000000506,10000000-0000-4000-8000-000000000506,setl_R3MU50CS9QB62J,350800,7016,1263,0,342521,2026-08-12
20000000-0000-4000-8000-000000000507,10000000-0000-4000-8000-000000000507,setl_IMDDX13TFFR8CO,915400,18308,3295,0,893797,2026-06-07
20000000-0000-4000-8000-000000000508,10000000-0000-4000-8000-000000000508,setl_86ISVYYRKPOYWM,752200,15044,2708,0,734448,2026-06-17
20000000-0000-4000-8000-000000000509,10000000-0000-4000-8000-000000000509,setl_131BNMPMXJOREM,736600,14732,2652,0,719216,2026-08-24
20000000-0000-4000-8000-000000000511,10000000-0000-4000-8000-000000000511,setl_T7JHDSZW1YE8UN,1237300,24746,4454,0,1208100,2026-08-27
20000000-0000-4000-8000-000000000512,10000000-0000-4000-8000-000000000512,setl_YAFVNUY822Y0EA,887100,17742,3194,0,866164,2026-07-08
20000000-0000-4000-8000-000000000513,10000000-0000-4000-8000-000000000513,setl_UM2KN2XHQSHB0D,1423200,28464,5124,0,1389612,2026-07-23
20000000-0000-4000-8000-000000000514,10000000-0000-4000-8000-000000000514,setl_QMN7D922WAHDO6,222800,4456,802,0,217542,2026-08-19
20000000-0000-4000-8000-000000000515,10000000-0000-4000-8000-000000000515,setl_B3SWSO0CISUVYK,1099900,21998,3960,0,1073942,2026-06-19
20000000-0000-4000-8000-000000000516,10000000-0000-4000-8000-000000000516,setl_LM2ZZZW6B2KLVH,367100,7342,1322,0,358436,2026-06-17
20000000-0000-4000-8000-000000000517,10000000-0000-4000-8000-000000000517,setl_7OPS2RRTXVF4Z1,633900,12678,2282,0,618940,2026-06-23
20000000-0000-4000-8000-000000000518,10000000-0000-4000-8000-000000000518,setl_CN9NCLYGEP3CCE,614900,12298,2214,0,600388,2026-07-02
20000000-0000-4000-8000-000000000519,10000000-0000-4000-8000-000000000519,setl_SOJDYUAJ2OBTCW,1406400,28128,5063,0,1373209,2026-06-28
20000000-0000-4000-8000-000000000522,10000000-0000-4000-8000-000000000522,setl_VE3OT79YRBON40,1478300,29566,5322,0,1443412,2026-06-06
20000000-0000-4000-8000-000000000523,10000000-0000-4000-8000-000000000523,setl_XIEZEV57U66ID3,1411200,28224,5080,0,1377896,2026-08-18
20000000-0000-4000-8000-000000000524,10000000-0000-4000-8000-000000000524,setl_HLSQK7MEHZS8F0,946900,18938,3409,0,924553,2026-06-30
20000000-0000-4000-8000-000000000525,10000000-0000-4000-8000-000000000525,setl_6TVD1ZODXRK6C2,794500,15890,2860,0,775750,2026-07-06
20000000-0000-4000-8000-000000000526,10000000-0000-4000-8000-000000000526,setl_TOCTS4RO893ENV,1306800,26136,4704,0,1275960,2026-07-31
20000000-0000-4000-8000-000000000527,10000000-0000-4000-8000-000000000527,setl_4TF5GYTE3H4O8F,1326600,26532,4776,0,1295292,2026-06-25
20000000-0000-4000-8000-000000000528,10000000-0000-4000-8000-000000000528,setl_IUD1AU0INWTCOM,453400,9068,1632,0,442700,2026-07-30
20000000-0000-4000-8000-000000000529,10000000-0000-4000-8000-000000000529,setl_EHVYRONADCVMSA,611100,12222,2200,0,596678,2026-06-20
20000000-0000-4000-8000-000000000530,10000000-0000-4000-8000-000000000530,setl_YD8YH304A8PMSY,738800,14776,2660,0,721364,2026-06-20
20000000-0000-4000-8000-000000000531,10000000-0000-4000-8000-000000000531,setl_465XZEANPGXUJ3,715000,14300,2574,0,698126,2026-06-29
20000000-0000-4000-8000-000000000532,10000000-0000-4000-8000-000000000532,setl_B0FMITWPHKOKPY,90100,1802,324,0,87974,2026-07-24
20000000-0000-4000-8000-000000000533,10000000-0000-4000-8000-000000000533,setl_5NZRV4A3M1XGB1,1137300,22746,4094,0,1110460,2026-06-24
20000000-0000-4000-8000-000000000534,10000000-0000-4000-8000-000000000534,setl_53JR8S1YKTJ82I,1166500,23330,4199,0,1138971,2026-07-24
20000000-0000-4000-8000-000000000535,10000000-0000-4000-8000-000000000535,setl_43FW2ENH6BE8XO,553300,11066,1992,0,540242,2026-06-29
20000000-0000-4000-8000-000000000536,10000000-0000-4000-8000-000000000536,setl_52BI86MTZHSP3V,605200,12104,2179,0,590917,2026-06-12
20000000-0000-4000-8000-000000000537,10000000-0000-4000-8000-000000000537,setl_0QD2AZKTVEZLBU,1079100,21582,3885,0,1053633,2026-07-16
20000000-0000-4000-8000-000000000538,10000000-0000-4000-8000-000000000538,setl_RZ56VK3U0QJZ6P,1048100,20962,3773,0,1023365,2026-07-05
20000000-0000-4000-8000-000000000539,10000000-0000-4000-8000-000000000539,setl_PGE98XH27R81OB,483600,9672,1741,0,472187,2026-08-06
20000000-0000-4000-8000-000000000540,10000000-0000-4000-8000-000000000540,setl_K8QD11PI5520TK,1179200,23584,4245,0,1151371,2026-08-07
20000000-0000-4000-8000-000000000541,10000000-0000-4000-8000-000000000541,setl_PLFWAFN21472J8,1371200,27424,4936,0,1338840,2026-07-02
20000000-0000-4000-8000-000000000542,10000000-0000-4000-8000-000000000542,setl_1XXX2N2SUA5M4E,653600,13072,2353,0,638175,2026-07-28
20000000-0000-4000-8000-000000000543,10000000-0000-4000-8000-000000000543,setl_JGGGU5RPZH4YYB,244800,4896,881,0,239023,2026-08-19
20000000-0000-4000-8000-000000000544,10000000-0000-4000-8000-000000000544,setl_HPA169DTQM73D9,1408000,28160,5069,0,1374771,2026-08-29
20000000-0000-4000-8000-000000000545,10000000-0000-4000-8000-000000000545,setl_UL818CS4QYHGI2,1485000,29700,5346,0,1449954,2026-07-04
20000000-0000-4000-8000-000000000546,10000000-0000-4000-8000-000000000546,setl_VGONI9HILZNKQ5,1248400,24968,4494,0,1218938,2026-07-29
20000000-0000-4000-8000-000000000547,10000000-0000-4000-8000-000000000547,setl_1CCMN3DN1GZCV9,1362900,27258,4906,0,1330736,2026-08-04
20000000-0000-4000-8000-000000000548,10000000-0000-4000-8000-000000000548,setl_08EP4AE952PAXV,662000,13240,2383,0,646377,2026-06-19
20000000-0000-4000-8000-000000000549,10000000-0000-4000-8000-000000000549,setl_B56EHO40U0QKTY,942500,18850,3393,0,920257,2026-08-19
20000000-0000-4000-8000-000000000550,10000000-0000-4000-8000-000000000550,setl_NRUU8UHIBWITUB,1092400,21848,3933,0,1066619,2026-06-06
20000000-0000-4000-8000-000000000551,10000000-0000-4000-8000-000000000551,setl_LRX02UQH6YHXHI,397900,7958,1432,0,388510,2026-08-16
20000000-0000-4000-8000-000000000552,10000000-0000-4000-8000-000000000552,setl_WM4F7A42S5WW7X,1341400,26828,4829,0,1309743,2026-07-04
20000000-0000-4000-8000-000000000553,10000000-0000-4000-8000-000000000553,setl_A4DQXIN67273JY,649600,19488,3508,0,626604,2026-06-05
20000000-0000-4000-8000-000000000554,10000000-0000-4000-8000-000000000554,setl_6Z5TPWY0TUZG2V,734400,14688,2644,0,717068,2026-06-15
20000000-0000-4000-8000-000000000555,10000000-0000-4000-8000-000000000555,setl_CTQ7VIN5LVDO8Y,1377800,27556,4960,0,1345284,2026-08-31
20000000-0000-4000-8000-000000000556,10000000-0000-4000-8000-000000000556,setl_B1W0XWXVTX6POQ,305200,6104,1099,0,297997,2026-07-30
20000000-0000-4000-8000-000000000558,10000000-0000-4000-8000-000000000558,setl_97JXI6QXCWNI30,1165600,23312,4196,0,1138092,2026-06-22
20000000-0000-4000-8000-000000000559,10000000-0000-4000-8000-000000000559,setl_LD33Z0WMDOXM7Z,701700,14034,2526,0,685140,2026-07-14
20000000-0000-4000-8000-000000000560,10000000-0000-4000-8000-000000000560,setl_8LPY058E6PLUI4,1442600,28852,5193,0,1408555,2026-06-28
20000000-0000-4000-8000-000000000561,10000000-0000-4000-8000-000000000561,setl_XWGCUU54HEAGLR,507800,10156,1828,0,495816,2026-06-02
20000000-0000-4000-8000-000000000562,10000000-0000-4000-8000-000000000562,setl_P075HRXEHTTUWX,997600,19952,3591,0,974057,2026-08-15
20000000-0000-4000-8000-000000000564,10000000-0000-4000-8000-000000000564,setl_UKB6MXZ1YJ74Q7,333100,9993,1799,0,321308,2026-07-23
20000000-0000-4000-8000-000000000565,10000000-0000-4000-8000-000000000565,setl_8FP1K8RZUOC29S,1301600,26032,4686,0,1270882,2026-08-23
20000000-0000-4000-8000-000000000566,10000000-0000-4000-8000-000000000566,setl_P9II37Y3D2FNC3,185500,3710,668,0,181122,2026-08-02
20000000-0000-4000-8000-000000000567,10000000-0000-4000-8000-000000000567,setl_7X80NHJE1E3DYY,989600,19792,3563,0,966245,2026-08-23
20000000-0000-4000-8000-000000000568,10000000-0000-4000-8000-000000000568,setl_RXDY633M236MKZ,339100,6782,1221,0,331097,2026-08-07
20000000-0000-4000-8000-000000000569,10000000-0000-4000-8000-000000000569,setl_DPU943FWJBUOEY,393200,7864,1416,0,383920,2026-07-03
20000000-0000-4000-8000-000000000570,10000000-0000-4000-8000-000000000570,setl_5Y52PDI47KAH8O,989000,19780,3560,0,965660,2026-08-20
20000000-0000-4000-8000-000000000571,10000000-0000-4000-8000-000000000571,setl_ZH139Q0EP8V1UC,81900,1638,295,0,79967,2026-06-15
20000000-0000-4000-8000-000000000572,10000000-0000-4000-8000-000000000572,setl_96JDLM61YQ6NX6,317200,6344,1142,0,309714,2026-08-28
20000000-0000-4000-8000-000000000574,10000000-0000-4000-8000-000000000574,setl_VUDMK3P6OWYEGP,129700,2594,467,0,126639,2026-06-15
20000000-0000-4000-8000-000000000575,10000000-0000-4000-8000-000000000575,setl_JC1BX7QFP8SWXQ,717400,14348,2583,0,700469,2026-07-26
20000000-0000-4000-8000-000000000576,10000000-0000-4000-8000-000000000576,setl_EN699FIA2QSU2E,1392800,27856,5014,0,1359930,2026-08-23
20000000-0000-4000-8000-000000000577,10000000-0000-4000-8000-000000000577,setl_JN32IQ920C5RL8,329600,6592,1187,0,321821,2026-07-19
20000000-0000-4000-8000-000000000578,10000000-0000-4000-8000-000000000578,setl_ZUV263FL2AZE5E,523800,10476,1886,0,511438,2026-06-23
20000000-0000-4000-8000-000000000579,10000000-0000-4000-8000-000000000579,setl_Y74FPLLGRCUTRE,741000,14820,2668,0,723512,2026-07-23
20000000-0000-4000-8000-000000000580,10000000-0000-4000-8000-000000000580,setl_AMSLSLEKFOMJOQ,976900,19538,3517,0,953845,2026-07-07
20000000-0000-4000-8000-000000000581,10000000-0000-4000-8000-000000000581,setl_VWP8VO57KP44RV,736400,14728,2651,0,719021,2026-06-02
20000000-0000-4000-8000-000000000583,10000000-0000-4000-8000-000000000583,setl_Y6C5TG8BKA8V0I,1055600,21112,3800,0,1030688,2026-07-10
20000000-0000-4000-8000-000000000584,10000000-0000-4000-8000-000000000584,setl_MYU2U5VGZ38M7D,381300,7626,1373,0,372301,2026-06-12
20000000-0000-4000-8000-000000000585,10000000-0000-4000-8000-000000000585,setl_7OXYVBZ4GJHJJ3,199500,3990,718,0,194792,2026-06-04
20000000-0000-4000-8000-000000000586,10000000-0000-4000-8000-000000000586,setl_NORTLQBK2WHZ3M,328500,6570,1183,0,320747,2026-06-15
20000000-0000-4000-8000-000000000587,10000000-0000-4000-8000-000000000587,setl_8EDJM7W4HXIOBC,555900,11118,2001,0,542781,2026-06-18
20000000-0000-4000-8000-000000000588,10000000-0000-4000-8000-000000000588,setl_QWB9SLO9NLUPYA,950100,19002,3420,0,927678,2026-06-06
20000000-0000-4000-8000-000000000589,10000000-0000-4000-8000-000000000589,setl_BD8V0DBNSG3N0S,1196000,23920,4306,0,1167774,2026-06-12
20000000-0000-4000-8000-000000000590,10000000-0000-4000-8000-000000000590,setl_1VGGBIT6RBEWV6,145600,2912,524,0,142164,2026-08-11
20000000-0000-4000-8000-000000000591,10000000-0000-4000-8000-000000000591,setl_BJBI9ZA57HWUE4,1294700,25894,4661,0,1264145,2026-08-04
20000000-0000-4000-8000-000000000592,10000000-0000-4000-8000-000000000592,setl_LLS51PIAGWKR37,886800,17736,3192,0,865872,2026-07-25
20000000-0000-4000-8000-000000000593,10000000-0000-4000-8000-000000000593,setl_QVP7EGA4TIAD1C,101000,2020,364,0,98616,2026-06-14
20000000-0000-4000-8000-000000000594,10000000-0000-4000-8000-000000000594,setl_CE98J6ZRZQOC4E,733600,14672,2641,0,716287,2026-07-06
20000000-0000-4000-8000-000000000595,10000000-0000-4000-8000-000000000595,setl_WMRYAZJ6WUOPZ2,1432200,28644,5156,0,1398400,2026-08-14
20000000-0000-4000-8000-000000000596,10000000-0000-4000-8000-000000000596,setl_9OO2TP5HQKJNZ0,1486100,29722,5350,0,1451028,2026-08-01
20000000-0000-4000-8000-000000000597,10000000-0000-4000-8000-000000000597,setl_1UEIAQ3J9X2HK5,221400,4428,797,0,216175,2026-06-13
20000000-0000-4000-8000-000000000598,10000000-0000-4000-8000-000000000598,setl_6VZBMP4JDUD6LE,460000,9200,1656,0,449144,2026-06-11
20000000-0000-4000-8000-000000000599,10000000-0000-4000-8000-000000000599,setl_4GZTPZMNS7LV5J,1033200,20664,3720,0,1008816,2026-08-27
20000000-0000-4000-8000-000000000600,10000000-0000-4000-8000-000000000600,setl_Z4PMY6O6LCGCSE,1215500,24310,4376,0,1186814,2026-06-15
20000000-0000-4000-8000-000000000601,10000000-0000-4000-8000-000000000601,setl_QVXCRLGFR16WU1,1136900,22738,4093,0,1110069,2026-07-05
20000000-0000-4000-8000-000000000602,10000000-0000-4000-8000-000000000602,setl_JSFOIJOCVSGFGN,1476300,29526,5315,0,1441459,2026-07-22
20000000-0000-4000-8000-000000000603,10000000-0000-4000-8000-000000000603,setl_2Q4M8NMKWCJ8DL,108700,2174,391,0,106135,2026-06-09
20000000-0000-4000-8000-000000000604,10000000-0000-4000-8000-000000000604,setl_798UI9XQ56QBUB,780900,15618,2811,0,762471,2026-07-19
20000000-0000-4000-8000-000000000605,10000000-0000-4000-8000-000000000605,setl_J8G5950NTLRACV,155100,3102,558,0,151440,2026-06-15
20000000-0000-4000-8000-000000000606,10000000-0000-4000-8000-000000000606,setl_GMXZZXHEUOYS78,831300,16626,2993,0,811681,2026-08-27
20000000-0000-4000-8000-000000000607,10000000-0000-4000-8000-000000000607,setl_XPU46U15UTSU3W,215500,4310,776,0,210414,2026-07-15
20000000-0000-4000-8000-000000000608,10000000-0000-4000-8000-000000000608,setl_MQXMQO0FVLC254,196700,3934,708,0,192058,2026-07-13
20000000-0000-4000-8000-000000000609,10000000-0000-4000-8000-000000000609,setl_BGXK93RHWH0XFJ,714400,14288,2572,0,697540,2026-06-11
20000000-0000-4000-8000-000000000610,10000000-0000-4000-8000-000000000610,setl_0OMOMS98Z2N4XX,138200,2764,498,0,134938,2026-06-23
20000000-0000-4000-8000-000000000611,10000000-0000-4000-8000-000000000611,setl_E2DWBNULIBTT9P,1413800,28276,5090,0,1380434,2026-08-27
20000000-0000-4000-8000-000000000612,10000000-0000-4000-8000-000000000612,setl_VCJVV0M96XR8ZB,708800,14176,2552,0,692072,2026-07-14
20000000-0000-4000-8000-000000000613,10000000-0000-4000-8000-000000000613,setl_RIOU3WBVDDT8NC,1016600,20332,3660,0,992608,2026-08-16
20000000-0000-4000-8000-000000000614,10000000-0000-4000-8000-000000000614,setl_9CH8LXU3QHQKZG,1043600,20872,3757,0,1018971,2026-07-05
20000000-0000-4000-8000-000000000615,10000000-0000-4000-8000-000000000615,setl_2JMW6I4HAPTD5G,699700,13994,2519,0,683187,2026-07-02
20000000-0000-4000-8000-000000000616,10000000-0000-4000-8000-000000000616,setl_5CQKP9XCO59AVH,1422400,28448,5121,0,1388831,2026-06-24
20000000-0000-4000-8000-000000000617,10000000-0000-4000-8000-000000000617,setl_DDSY1ZY6N78JP2,575300,11506,2071,0,561723,2026-07-05
20000000-0000-4000-8000-000000000618,10000000-0000-4000-8000-000000000618,setl_JA6MIH6SPGY5A9,1440400,28808,5185,0,1406407,2026-06-27
20000000-0000-4000-8000-000000000619,10000000-0000-4000-8000-000000000619,setl_BQ08F1IH6LB3K5,365400,7308,1315,0,356777,2026-06-24
20000000-0000-4000-8000-000000000620,10000000-0000-4000-8000-000000000620,setl_BXC56KVWPWMSWD,893800,17876,3218,0,872706,2026-07-25
20000000-0000-4000-8000-000000000621,10000000-0000-4000-8000-000000000621,setl_TIIHE1JULJ3G75,775000,15500,2790,0,756710,2026-07-30
20000000-0000-4000-8000-000000000622,10000000-0000-4000-8000-000000000622,setl_V32II8K179YIXM,1263800,25276,4550,0,1233974,2026-08-26
20000000-0000-4000-8000-000000000623,10000000-0000-4000-8000-000000000623,setl_4AHJOYSJ8OYRHK,977600,19552,3519,0,954529,2026-08-18
20000000-0000-4000-8000-000000000624,10000000-0000-4000-8000-000000000624,setl_XDHQCLJXCMR5F3,27600,552,99,0,26949,2026-06-12
20000000-0000-4000-8000-000000000625,10000000-0000-4000-8000-000000000625,setl_MRQVD7X1JMH6T4,765800,15316,2757,0,747727,2026-06-30
20000000-0000-4000-8000-000000000626,10000000-0000-4000-8000-000000000626,setl_3YTC84VE41W4S6,185100,3702,666,0,180732,2026-06-19
20000000-0000-4000-8000-000000000627,10000000-0000-4000-8000-000000000627,setl_0L1Q9RVSF0S60K,827700,16554,2980,0,808166,2026-06-29
20000000-0000-4000-8000-000000000628,10000000-0000-4000-8000-000000000628,setl_1DKIAC7M8CKHDY,1112400,22248,4005,0,1086147,2026-06-21
20000000-0000-4000-8000-000000000629,10000000-0000-4000-8000-000000000629,setl_LP5EP3NQ6FXYPA,917300,32106,5779,0,879415,2026-08-05
20000000-0000-4000-8000-000000000630,10000000-0000-4000-8000-000000000630,setl_9S8QGI1PU7XNM3,474900,9498,1710,0,463692,2026-06-11
20000000-0000-4000-8000-000000000631,10000000-0000-4000-8000-000000000631,setl_8CVRSVH4G2J53M,730900,14618,2631,0,713651,2026-06-23
20000000-0000-4000-8000-000000000632,10000000-0000-4000-8000-000000000632,setl_X7X3536SR7I0SA,175100,3502,630,0,170968,2026-06-06
20000000-0000-4000-8000-000000000633,10000000-0000-4000-8000-000000000633,setl_PJSFY0U5OFQ3W3,82200,1644,296,0,80260,2026-06-17
20000000-0000-4000-8000-000000000635,10000000-0000-4000-8000-000000000635,setl_WNWGXV38PFITCG,1421100,42633,7674,0,1370793,2026-08-30
20000000-0000-4000-8000-000000000636,10000000-0000-4000-8000-000000000636,setl_0GIZ3PXPQUBPX8,232800,4656,838,0,227306,2026-08-28
20000000-0000-4000-8000-000000000637,10000000-0000-4000-8000-000000000637,setl_D7KL9INTUO1R35,238200,4764,858,0,232578,2026-07-26
20000000-0000-4000-8000-000000000638,10000000-0000-4000-8000-000000000638,setl_Z0CIUWKW9VZCZM,109300,2186,393,0,106721,2026-06-10
20000000-0000-4000-8000-000000000639,10000000-0000-4000-8000-000000000639,setl_U1BZQW29ASAJ7S,53200,1064,192,0,51944,2026-08-12
20000000-0000-4000-8000-000000000640,10000000-0000-4000-8000-000000000640,setl_BXAZVVJQRWYGS8,1436500,28730,5171,0,1402599,2026-06-09
20000000-0000-4000-8000-000000000641,10000000-0000-4000-8000-000000000641,setl_BRSIV34J008CYD,377100,7542,1358,0,368200,2026-07-31
20000000-0000-4000-8000-000000000642,10000000-0000-4000-8000-000000000642,setl_7009WVNF751VUT,607500,12150,2187,0,593163,2026-08-16
20000000-0000-4000-8000-000000000643,10000000-0000-4000-8000-000000000643,setl_JZXCV21RX6MVFY,367400,7348,1323,0,358729,2026-06-03
20000000-0000-4000-8000-000000000644,10000000-0000-4000-8000-000000000644,setl_80BT7ROL7MAYTX,1083000,21660,3899,0,1057441,2026-07-18
20000000-0000-4000-8000-000000000645,10000000-0000-4000-8000-000000000645,setl_GRH5RKLLFVA6AR,511900,10238,1843,0,499819,2026-08-03
20000000-0000-4000-8000-000000000646,10000000-0000-4000-8000-000000000646,setl_7IUGRRRIXCIJQN,1077500,21550,3879,0,1052071,2026-06-14
20000000-0000-4000-8000-000000000647,10000000-0000-4000-8000-000000000647,setl_9OIN25N8L6VTU9,616800,12336,2220,0,602244,2026-07-21
20000000-0000-4000-8000-000000000648,10000000-0000-4000-8000-000000000648,setl_O86080YAPIG8OF,1405200,28104,5059,0,1372037,2026-07-31
20000000-0000-4000-8000-000000000649,10000000-0000-4000-8000-000000000649,setl_109M24OOG2TLTT,848900,16978,3056,0,828866,2026-06-07
20000000-0000-4000-8000-000000000650,10000000-0000-4000-8000-000000000650,setl_9MM201LDA71YP6,688300,13766,2478,0,672056,2026-08-04
20000000-0000-4000-8000-000000000651,10000000-0000-4000-8000-000000000651,setl_DXAJXMB5LTBXVE,1319100,26382,4749,0,1287969,2026-08-17
20000000-0000-4000-8000-000000000652,10000000-0000-4000-8000-000000000652,setl_ZYBBBMV8TJ96T1,614300,12286,2211,0,599803,2026-08-10
20000000-0000-4000-8000-000000000653,10000000-0000-4000-8000-000000000653,setl_P6G73J6JDPBJ1N,836100,16722,3010,0,816368,2026-06-18
20000000-0000-4000-8000-000000000654,10000000-0000-4000-8000-000000000654,setl_2PEMKLMDH3PFDT,330100,6602,1188,0,322310,2026-08-29
20000000-0000-4000-8000-000000000655,10000000-0000-4000-8000-000000000655,setl_K5MSSEWKN8XQKY,328100,6562,1181,0,320357,2026-08-12
20000000-0000-4000-8000-000000000656,10000000-0000-4000-8000-000000000656,setl_AOK3FPT55HTY6X,143800,2876,518,0,140406,2026-08-27
20000000-0000-4000-8000-000000000657,10000000-0000-4000-8000-000000000657,setl_1M8ECKC546RXOZ,692200,13844,2492,0,675864,2026-08-27
20000000-0000-4000-8000-000000000658,10000000-0000-4000-8000-000000000658,setl_K36QSTTGIQT67F,479500,9590,1726,0,468184,2026-07-04
20000000-0000-4000-8000-000000000659,10000000-0000-4000-8000-000000000659,setl_PABLB5Y97LA7FG,1030900,20618,3711,0,1006571,2026-07-03
20000000-0000-4000-8000-000000000660,10000000-0000-4000-8000-000000000660,setl_NNQPNJI8FG7S1R,1269000,25380,4568,0,1239052,2026-08-26
20000000-0000-4000-8000-000000000661,10000000-0000-4000-8000-000000000661,setl_8DJ0EK3LNKOH67,287300,5746,1034,0,280520,2026-06-06
20000000-0000-4000-8000-000000000662,10000000-0000-4000-8000-000000000662,setl_8PACC1X0L420Z5,357800,7156,1288,0,349356,2026-07-13
20000000-0000-4000-8000-000000000663,10000000-0000-4000-8000-000000000663,setl_F4RPL1I81J2ABL,226800,4536,816,0,221448,2026-07-08
20000000-0000-4000-8000-000000000664,10000000-0000-4000-8000-000000000664,setl_PVBXSM4NIX4R5B,202500,4050,729,0,197721,2026-07-14
20000000-0000-4000-8000-000000000665,10000000-0000-4000-8000-000000000665,setl_RX6A990BSH1FYE,672300,23531,4236,0,644533,2026-08-12
20000000-0000-4000-8000-000000000666,10000000-0000-4000-8000-000000000666,setl_V6JNSCZKM9X9E8,1316100,26322,4738,0,1285040,2026-08-07
20000000-0000-4000-8000-000000000667,10000000-0000-4000-8000-000000000667,setl_33Z5GF0G46U2SL,229000,4580,824,0,223596,2026-06-05
20000000-0000-4000-8000-000000000668,10000000-0000-4000-8000-000000000668,setl_0IEIHCJJG4LB45,1031200,20624,3712,0,1006864,2026-06-26
20000000-0000-4000-8000-000000000669,10000000-0000-4000-8000-000000000669,setl_YRXXO1ID2CPDD8,1271200,25424,4576,0,1241200,2026-06-17
20000000-0000-4000-8000-000000000670,10000000-0000-4000-8000-000000000670,setl_4UVM6N6PWE3960,232200,4644,836,0,226720,2026-07-15
20000000-0000-4000-8000-000000000671,10000000-0000-4000-8000-000000000671,setl_UGEORL0YB9C55C,1297500,25950,4671,0,1266879,2026-06-03
20000000-0000-4000-8000-000000000672,10000000-0000-4000-8000-000000000672,setl_C9EYD3MYNUEUVL,1346500,26930,4847,0,1314723,2026-07-25
20000000-0000-4000-8000-000000000673,10000000-0000-4000-8000-000000000673,setl_L7TG6CD2IPE7YK,976600,19532,3516,0,953552,2026-07-31
20000000-0000-4000-8000-000000000674,10000000-0000-4000-8000-000000000674,setl_FEDTEETQP3PYOC,1234600,24692,4445,0,1205463,2026-07-25
20000000-0000-4000-8000-000000000675,10000000-0000-4000-8000-000000000675,setl_890ZM8JKX2Y5L3,1088300,21766,3918,0,1062616,2026-08-04
20000000-0000-4000-8000-000000000676,10000000-0000-4000-8000-000000000676,setl_7F593AOPVBW2P5,373400,7468,1344,0,364588,2026-06-20
20000000-0000-4000-8000-000000000677,10000000-0000-4000-8000-000000000677,setl_BYACH4L0AH1KG9,658200,13164,2370,0,642666,2026-06-17
20000000-0000-4000-8000-000000000678,10000000-0000-4000-8000-000000000678,setl_8KGYZM5095TKIZ,591500,11830,2129,0,577541,2026-07-17
20000000-0000-4000-8000-000000000679,10000000-0000-4000-8000-000000000679,setl_AAC6QDCV2IYQ9G,1030000,20600,3708,0,1005692,2026-06-24
20000000-0000-4000-8000-000000000680,10000000-0000-4000-8000-000000000680,setl_V3XD5AX7UOC2T4,470800,9416,1695,0,459689,2026-08-23
20000000-0000-4000-8000-000000000682,10000000-0000-4000-8000-000000000682,setl_CVJ0S121MJDSRR,1325100,26502,4770,0,1293828,2026-06-03
20000000-0000-4000-8000-000000000683,10000000-0000-4000-8000-000000000683,setl_S58PKJOUSK57QN,1042400,20848,3753,0,1017799,2026-07-27
20000000-0000-4000-8000-000000000685,10000000-0000-4000-8000-000000000685,setl_NRHP36KY6YDYBV,720900,14418,2595,0,703887,2026-08-26
20000000-0000-4000-8000-000000000686,10000000-0000-4000-8000-000000000686,setl_FU58TO5G4B2I5S,1453400,29068,5232,0,1419100,2026-08-23
20000000-0000-4000-8000-000000000687,10000000-0000-4000-8000-000000000687,setl_PI34ZATZ8RBJ5Y,1481400,29628,5333,0,1446439,2026-06-11
20000000-0000-4000-8000-000000000688,10000000-0000-4000-8000-000000000688,setl_AFLGNFTC46ELJC,1489700,29794,5363,0,1454543,2026-06-12
20000000-0000-4000-8000-000000000689,10000000-0000-4000-8000-000000000689,setl_UFN4VNBOOBCK3E,130800,2616,471,0,127713,2026-07-27
20000000-0000-4000-8000-000000000690,10000000-0000-4000-8000-000000000690,setl_91EAF3IHSWIXN1,924100,18482,3327,0,902291,2026-07-15
20000000-0000-4000-8000-000000000691,10000000-0000-4000-8000-000000000691,setl_QBYNS7EASW23OG,67300,1346,242,0,65712,2026-07-10
20000000-0000-4000-8000-000000000692,10000000-0000-4000-8000-000000000692,setl_0W6M0JTQU72J7I,844900,16898,3042,0,824960,2026-07-14
20000000-0000-4000-8000-000000000693,10000000-0000-4000-8000-000000000693,setl_C2LTWI0HC39ERM,836900,16738,3013,0,817149,2026-08-28
20000000-0000-4000-8000-000000000694,10000000-0000-4000-8000-000000000694,setl_QVUBQEZQJPAL1D,563900,11278,2030,0,550592,2026-08-30
20000000-0000-4000-8000-000000000695,10000000-0000-4000-8000-000000000695,setl_C3OKO3VPK2U4AV,630900,12618,2271,0,616011,2026-07-16
20000000-0000-4000-8000-000000000696,10000000-0000-4000-8000-000000000696,setl_QWYO653DYJXM8O,1109700,22194,3995,0,1083511,2026-08-15
20000000-0000-4000-8000-000000000697,10000000-0000-4000-8000-000000000697,setl_L8804FI3D7JI6I,1457100,29142,5246,0,1422712,2026-07-15
20000000-0000-4000-8000-000000000698,10000000-0000-4000-8000-000000000698,setl_VPK9WFUCWEEEMM,1272400,25448,4581,0,1242371,2026-06-11
20000000-0000-4000-8000-000000000699,10000000-0000-4000-8000-000000000699,setl_W0HY3FFW2GLF8S,470800,14124,2542,0,454134,2026-08-05
20000000-0000-4000-8000-000000000700,10000000-0000-4000-8000-000000000700,setl_ZXWW4HUDSNJ53T,720100,14402,2592,0,703106,2026-08-06
20000000-0000-4000-8000-000000000701,10000000-0000-4000-8000-000000000701,setl_QMBEAABRPX1M3S,1223400,24468,4404,0,1194528,2026-06-10
20000000-0000-4000-8000-000000000702,10000000-0000-4000-8000-000000000702,setl_LV0LXJV32VUXLY,490000,9800,1764,0,478436,2026-06-02
20000000-0000-4000-8000-000000000703,10000000-0000-4000-8000-000000000703,setl_28ZBJJAC9ONQYQ,1314700,26294,4733,0,1283673,2026-06-10
20000000-0000-4000-8000-000000000704,10000000-0000-4000-8000-000000000704,setl_TARTW3FH72NMCE,212000,4240,763,0,206997,2026-06-03
20000000-0000-4000-8000-000000000705,10000000-0000-4000-8000-000000000705,setl_1QW90TPG97GZA2,775500,15510,2792,0,757198,2026-08-25
20000000-0000-4000-8000-000000000706,10000000-0000-4000-8000-000000000706,setl_D6OI9DI53CD0ZN,501200,10024,1804,0,489372,2026-06-24
20000000-0000-4000-8000-000000000707,10000000-0000-4000-8000-000000000707,setl_D1Y4K8O5B8MS9T,997200,19944,3590,0,973666,2026-07-07
20000000-0000-4000-8000-000000000708,10000000-0000-4000-8000-000000000708,setl_H749P1ZRTU4FSI,1058100,21162,3809,0,1033129,2026-06-14
20000000-0000-4000-8000-000000000709,10000000-0000-4000-8000-000000000709,setl_025LPTR5NAZ4LL,790800,15816,2847,0,772137,2026-08-11
20000000-0000-4000-8000-000000000710,10000000-0000-4000-8000-000000000710,setl_709HKD6K7RMNZS,51700,1034,186,0,50480,2026-08-04
20000000-0000-4000-8000-000000000711,10000000-0000-4000-8000-000000000711,setl_KOJJ9VYNHCCY7B,1147000,22940,4129,0,1119931,2026-07-20
20000000-0000-4000-8000-000000000712,10000000-0000-4000-8000-000000000712,setl_8TS171SD6QK06H,710500,14210,2558,0,693732,2026-08-24
20000000-0000-4000-8000-000000000713,10000000-0000-4000-8000-000000000713,setl_TU8CS0KFD86DFN,1191500,29788,5362,0,1156350,2026-08-03
20000000-0000-4000-8000-000000000714,10000000-0000-4000-8000-000000000714,setl_I5GHXCX8G4XU43,583600,11672,2101,0,569827,2026-08-17
20000000-0000-4000-8000-000000000715,10000000-0000-4000-8000-000000000715,setl_8DHEVPB5V72KAL,414700,14515,2613,0,397572,2026-07-18
20000000-0000-4000-8000-000000000716,10000000-0000-4000-8000-000000000716,setl_4KFDDXVFGD9DS7,171400,3428,617,0,167355,2026-07-16
20000000-0000-4000-8000-000000000717,10000000-0000-4000-8000-000000000717,setl_BI2MKNKJ20Z0E6,1221400,24428,4397,0,1192575,2026-07-26
20000000-0000-4000-8000-000000000718,10000000-0000-4000-8000-000000000718,setl_CPGNM6HXG0QGGB,172000,3440,619,0,167941,2026-07-10
20000000-0000-4000-8000-000000000719,10000000-0000-4000-8000-000000000719,setl_G6T7CYX97I98UF,1332800,26656,4798,0,1301346,2026-06-23
20000000-0000-4000-8000-000000000720,10000000-0000-4000-8000-000000000720,setl_BUSA0WQOFYC5EA,1430700,28614,5151,0,1396935,2026-06-24
20000000-0000-4000-8000-000000000721,10000000-0000-4000-8000-000000000721,setl_5WU9LOL3D7CIG6,1240600,24812,4466,0,1211322,2026-06-11
20000000-0000-4000-8000-000000000722,10000000-0000-4000-8000-000000000722,setl_N6AHQR2IME3LM7,428400,8568,1542,0,418290,2026-08-04
20000000-0000-4000-8000-000000000723,10000000-0000-4000-8000-000000000723,setl_JN73Q1PHJHDDQE,887400,17748,3195,0,866457,2026-08-30
20000000-0000-4000-8000-000000000724,10000000-0000-4000-8000-000000000724,setl_ROXIL6RSOFRVAF,1083100,21662,3899,0,1057539,2026-08-02
20000000-0000-4000-8000-000000000725,10000000-0000-4000-8000-000000000725,setl_P632F93NTCUNBD,468600,9372,1687,0,457541,2026-06-26
20000000-0000-4000-8000-000000000726,10000000-0000-4000-8000-000000000726,setl_TX8O7II03OD4JH,772200,15444,2780,0,753976,2026-08-15
20000000-0000-4000-8000-000000000727,10000000-0000-4000-8000-000000000727,setl_PO1VA4S38KRDFV,551300,11026,1985,0,538289,2026-07-28
20000000-0000-4000-8000-000000000728,10000000-0000-4000-8000-000000000728,setl_C69RSW8KBO2073,1497300,29946,5390,0,1461964,2026-08-08
20000000-0000-4000-8000-000000000729,10000000-0000-4000-8000-000000000729,setl_0T273EQLUKKAPI,1407500,28150,5067,0,1374283,2026-07-04
20000000-0000-4000-8000-000000000730,10000000-0000-4000-8000-000000000730,setl_ZXN8BDOQ89V2XX,1382000,27640,4975,0,1349385,2026-07-21
20000000-0000-4000-8000-000000000731,10000000-0000-4000-8000-000000000731,setl_69KTIV06KBKKQG,752000,15040,2707,0,734253,2026-07-14
20000000-0000-4000-8000-000000000732,10000000-0000-4000-8000-000000000732,setl_2W9O8479R1133D,394000,7880,1418,0,384702,2026-06-21
20000000-0000-4000-8000-000000000733,10000000-0000-4000-8000-000000000733,setl_QG6X4Z5W67FAAY,434100,8682,1563,0,423855,2026-08-28
20000000-0000-4000-8000-000000000734,10000000-0000-4000-8000-000000000734,setl_FDJ2Q8D5Z85461,1158900,23178,4172,0,1131550,2026-06-27
20000000-0000-4000-8000-000000000735,10000000-0000-4000-8000-000000000735,setl_MH5X3MZ3E9YP0A,479300,9586,1725,0,467989,2026-08-03
20000000-0000-4000-8000-000000000736,10000000-0000-4000-8000-000000000736,setl_ETNI12J4EALYC9,704200,14084,2535,0,687581,2026-07-22
20000000-0000-4000-8000-000000000738,10000000-0000-4000-8000-000000000738,setl_HYCVPNX4YK1W03,150000,3000,540,0,146460,2026-06-18
20000000-0000-4000-8000-000000000739,10000000-0000-4000-8000-000000000739,setl_6JYIDR6X0ACCHO,432900,8658,1558,0,422684,2026-08-15
20000000-0000-4000-8000-000000000740,10000000-0000-4000-8000-000000000740,setl_3NNZHBN2F4IOFE,194200,3884,699,0,189617,2026-06-23
20000000-0000-4000-8000-000000000741,10000000-0000-4000-8000-000000000741,setl_W5LV0KRVC931ZV,1210000,24200,4356,0,1181444,2026-06-24
20000000-0000-4000-8000-000000000742,10000000-0000-4000-8000-000000000742,setl_3SD2GNIIB1B87T,751700,15034,2706,0,733960,2026-07-19
20000000-0000-4000-8000-000000000743,10000000-0000-4000-8000-000000000743,setl_93DRI54PUGQ9ML,700700,14014,2523,0,684163,2026-08-19
20000000-0000-4000-8000-000000000745,10000000-0000-4000-8000-000000000745,setl_G0SLZOB36A7TMD,612000,12240,2203,0,597557,2026-06-03
20000000-0000-4000-8000-000000000746,10000000-0000-4000-8000-000000000746,setl_ZBLJ2NP6I5GSE1,53600,1072,193,0,52335,2026-07-25
20000000-0000-4000-8000-000000000747,10000000-0000-4000-8000-000000000747,setl_OLQKIXEQBTIMKG,425400,8508,1531,0,415361,2026-07-03
20000000-0000-4000-8000-000000000748,10000000-0000-4000-8000-000000000748,setl_PRDLX9H4AVYKR6,1069900,21398,3852,0,1044650,2026-08-03
20000000-0000-4000-8000-000000000749,10000000-0000-4000-8000-000000000749,setl_ZALHTTOSRF04F6,542500,10850,1953,0,529697,2026-07-09
20000000-0000-4000-8000-000000000750,10000000-0000-4000-8000-000000000750,setl_U63RXWMDV107M4,764200,15284,2751,0,746165,2026-06-06
20000000-0000-4000-8000-000000000751,10000000-0000-4000-8000-000000000751,setl_88RFK2K0JJ4UGG,507500,10150,1827,0,495523,2026-08-24
20000000-0000-4000-8000-000000000752,10000000-0000-4000-8000-000000000752,setl_2YA9MUB6QFY2B7,1450600,29012,5222,0,1416366,2026-07-18
20000000-0000-4000-8000-000000000753,10000000-0000-4000-8000-000000000753,setl_4N8MMESU75M0PN,1281900,44867,8076,0,1228957,2026-07-23
20000000-0000-4000-8000-000000000754,10000000-0000-4000-8000-000000000754,setl_WLKGSDG5XKWW46,629100,12582,2265,0,614253,2026-06-04
20000000-0000-4000-8000-000000000755,10000000-0000-4000-8000-000000000755,setl_KCWWFCY40XALXE,1290500,25810,4646,0,1260044,2026-06-11
20000000-0000-4000-8000-000000000756,10000000-0000-4000-8000-000000000756,setl_M4CDNGZJHD2VSO,198800,3976,716,0,194108,2026-07-05
20000000-0000-4000-8000-000000000757,10000000-0000-4000-8000-000000000757,setl_4DEHNSB02LNNW1,1207000,24140,4345,0,1178515,2026-08-05
20000000-0000-4000-8000-000000000758,10000000-0000-4000-8000-000000000758,setl_UPTOUBMMZH5HSQ,849800,16996,3059,0,829745,2026-07-28
20000000-0000-4000-8000-000000000759,10000000-0000-4000-8000-000000000759,setl_V12DKZ49FOEFFO,350700,7014,1263,0,342423,2026-08-14
20000000-0000-4000-8000-000000000760,10000000-0000-4000-8000-000000000760,setl_02K6T845Q7HCJT,1069600,21392,3851,0,1044357,2026-07-20
20000000-0000-4000-8000-000000000761,10000000-0000-4000-8000-000000000761,setl_S7GFM9NRAUZ73B,1179300,23586,4245,0,1151469,2026-06-19
20000000-0000-4000-8000-000000000762,10000000-0000-4000-8000-000000000762,setl_IBXJUNMS9M6EGZ,772000,15440,2779,0,753781,2026-08-06
20000000-0000-4000-8000-000000000763,10000000-0000-4000-8000-000000000763,setl_1N0GKCPOPXAXUJ,243300,4866,876,0,237558,2026-07-14
20000000-0000-4000-8000-000000000764,10000000-0000-4000-8000-000000000764,setl_9FN01JPPQPXYKF,136500,2730,491,0,133279,2026-08-05
20000000-0000-4000-8000-000000000765,10000000-0000-4000-8000-000000000765,setl_ZOCJECB4YHBM2H,61700,1234,222,0,60244,2026-06-09
20000000-0000-4000-8000-000000000766,10000000-0000-4000-8000-000000000766,setl_AJZR8MEZRRCFPL,656000,13120,2362,0,640518,2026-08-02
20000000-0000-4000-8000-000000000767,10000000-0000-4000-8000-000000000767,setl_S4LCZ5JFMWKLBO,181000,3620,652,0,176728,2026-08-22
20000000-0000-4000-8000-000000000768,10000000-0000-4000-8000-000000000768,setl_QGUY2N3NFC37V8,1106500,22130,3983,0,1080387,2026-06-26
20000000-0000-4000-8000-000000000769,10000000-0000-4000-8000-000000000769,setl_B3BVTBWGBZ13M9,1288800,25776,4640,0,1258384,2026-07-10
20000000-0000-4000-8000-000000000770,10000000-0000-4000-8000-000000000770,setl_K3M50D3M746WBT,1457300,29146,5246,0,1422908,2026-07-23
20000000-0000-4000-8000-000000000771,10000000-0000-4000-8000-000000000771,setl_VWUMZT2EODA5JJ,112800,2256,406,0,110138,2026-08-18
20000000-0000-4000-8000-000000000772,10000000-0000-4000-8000-000000000772,setl_M58TGTUO2KJ04Y,515100,10302,1854,0,502944,2026-06-26
20000000-0000-4000-8000-000000000773,10000000-0000-4000-8000-000000000773,setl_8PL5QYZENPT1H3,1407500,28150,5067,0,1374283,2026-07-19
20000000-0000-4000-8000-000000000774,10000000-0000-4000-8000-000000000774,setl_PAMS126I93CVF9,1320200,26404,4753,0,1289043,2026-06-15
20000000-0000-4000-8000-000000000775,10000000-0000-4000-8000-000000000775,setl_CGJK91DPIWPZXS,752600,15052,2709,0,734839,2026-06-27
20000000-0000-4000-8000-000000000776,10000000-0000-4000-8000-000000000776,setl_I7QEM5QXAEXF32,556300,11126,2003,0,543171,2026-06-17
20000000-0000-4000-8000-000000000778,10000000-0000-4000-8000-000000000778,setl_EUYQZTL5GKF613,289200,5784,1041,0,282375,2026-06-04
20000000-0000-4000-8000-000000000779,10000000-0000-4000-8000-000000000779,setl_YEP5ZPLYO0SU0R,579200,11584,2085,0,565531,2026-06-24
20000000-0000-4000-8000-000000000780,10000000-0000-4000-8000-000000000780,setl_518ML948U3LQ28,627000,12540,2257,0,612203,2026-07-04
20000000-0000-4000-8000-000000000781,10000000-0000-4000-8000-000000000781,setl_MT0NHB62HLN6GO,74000,1480,266,0,72254,2026-08-09
20000000-0000-4000-8000-000000000782,10000000-0000-4000-8000-000000000782,setl_PXTGU0SEEEAS0W,1364500,27290,4912,0,1332298,2026-08-28
20000000-0000-4000-8000-000000000783,10000000-0000-4000-8000-000000000783,setl_0D6MUW0XECYV8V,1436100,28722,5170,0,1402208,2026-08-28
20000000-0000-4000-8000-000000000784,10000000-0000-4000-8000-000000000784,setl_HW9BH2MPGL9U0U,1235400,24708,4447,0,1206245,2026-07-19
20000000-0000-4000-8000-000000000785,10000000-0000-4000-8000-000000000785,setl_S9TZJ9VFA9SXVF,355500,7110,1280,0,347110,2026-06-11
20000000-0000-4000-8000-000000000787,10000000-0000-4000-8000-000000000787,setl_CJ7XZY0UQC4WXE,1205600,24112,4340,0,1177148,2026-06-08
20000000-0000-4000-8000-000000000788,10000000-0000-4000-8000-000000000788,setl_SDIK6GS0JVC9S9,118700,2374,427,0,115899,2026-06-03
20000000-0000-4000-8000-000000000789,10000000-0000-4000-8000-000000000789,setl_EKJS7YUCF6WXQG,1444000,28880,5198,0,1409922,2026-07-18
20000000-0000-4000-8000-000000000790,10000000-0000-4000-8000-000000000790,setl_BLQWXW0SQGOVXL,515200,10304,1855,0,503041,2026-07-26
20000000-0000-4000-8000-000000000792,10000000-0000-4000-8000-000000000792,setl_CKXR5SAXQC63RJ,830400,16608,2989,0,810803,2026-08-24
20000000-0000-4000-8000-000000000793,10000000-0000-4000-8000-000000000793,setl_OLK32J1WMPQ30V,1076000,21520,3874,0,1050606,2026-06-30
20000000-0000-4000-8000-000000000794,10000000-0000-4000-8000-000000000794,setl_SEFGBCP6OQNFC3,580100,11602,2088,0,566410,2026-07-16
20000000-0000-4000-8000-000000000795,10000000-0000-4000-8000-000000000795,setl_TNOBC2F8DNZ3LV,205800,4116,741,0,200943,2026-07-13
20000000-0000-4000-8000-000000000796,10000000-0000-4000-8000-000000000796,setl_D3BMYU8TN8FQMJ,850000,17000,3060,0,829940,2026-06-16
20000000-0000-4000-8000-000000000797,10000000-0000-4000-8000-000000000797,setl_2HQBWO7BAL23IQ,146700,2934,528,0,143238,2026-07-24
20000000-0000-4000-8000-000000000798,10000000-0000-4000-8000-000000000798,setl_P2R7DOYFY5746S,571600,20006,3601,0,547993,2026-06-30
20000000-0000-4000-8000-000000000799,10000000-0000-4000-8000-000000000799,setl_DFE2K3RUUWY9ZW,570200,11404,2053,0,556743,2026-07-15
20000000-0000-4000-8000-000000000800,10000000-0000-4000-8000-000000000800,setl_MJOIEZZG6DLMFB,1109000,22180,3992,0,1082828,2026-07-09
20000000-0000-4000-8000-000000000801,10000000-0000-4000-8000-000000000801,setl_UUDJO7417PZ4M6,1224800,24496,4409,0,1195895,2026-07-08
20000000-0000-4000-8000-000000000802,10000000-0000-4000-8000-000000000802,setl_4YEX324GSY5YBI,757600,15152,2727,0,739721,2026-07-25
20000000-0000-4000-8000-000000000803,10000000-0000-4000-8000-000000000803,setl_XS6LD2T8YFOTUX,1161400,23228,4181,0,1133991,2026-08-03
20000000-0000-4000-8000-000000000804,10000000-0000-4000-8000-000000000804,setl_QEZRP1482GQT1K,348000,6960,1253,0,339787,2026-07-19
20000000-0000-4000-8000-000000000805,10000000-0000-4000-8000-000000000805,setl_SSG7FWPS64HMZY,570800,11416,2055,0,557329,2026-07-14
20000000-0000-4000-8000-000000000806,10000000-0000-4000-8000-000000000806,setl_UQFMZJQH3W6D6Z,581000,11620,2092,0,567288,2026-08-04
20000000-0000-4000-8000-000000000807,10000000-0000-4000-8000-000000000807,setl_WKR38K2D0JZCBF,431900,8638,1555,0,421707,2026-08-06
20000000-0000-4000-8000-000000000808,10000000-0000-4000-8000-000000000808,setl_0OC7HKHBEDBPBX,65600,1312,236,0,64052,2026-06-04
20000000-0000-4000-8000-000000000809,10000000-0000-4000-8000-000000000809,setl_F57U59Y61F42Q5,1044800,20896,3761,0,1020143,2026-08-12
20000000-0000-4000-8000-000000000810,10000000-0000-4000-8000-000000000810,setl_NZIHSQ8LH1TBGK,585100,11702,2106,0,571292,2026-07-02
20000000-0000-4000-8000-000000000811,10000000-0000-4000-8000-000000000811,setl_A9GYDBXE1BF1VG,113100,2828,509,0,109763,2026-07-05
20000000-0000-4000-8000-000000000812,10000000-0000-4000-8000-000000000812,setl_VV0KK1R71PHQUZ,487900,9758,1756,0,476386,2026-08-10
20000000-0000-4000-8000-000000000813,10000000-0000-4000-8000-000000000813,setl_UG3ZJ395ERI8D5,850900,21272,3829,0,825799,2026-07-13
20000000-0000-4000-8000-000000000814,10000000-0000-4000-8000-000000000814,setl_1Q1EKVIPATZ7BY,987100,19742,3554,0,963804,2026-08-23
20000000-0000-4000-8000-000000000815,10000000-0000-4000-8000-000000000815,setl_HNQQA4P29XB4O6,502200,10044,1808,0,490348,2026-06-06
20000000-0000-4000-8000-000000000816,10000000-0000-4000-8000-000000000816,setl_W5NV1VM2HJJHMW,1364400,27288,4912,0,1332200,2026-06-08
20000000-0000-4000-8000-000000000817,10000000-0000-4000-8000-000000000817,setl_SCYG037GBKK3IL,361400,7228,1301,0,352871,2026-06-07
20000000-0000-4000-8000-000000000819,10000000-0000-4000-8000-000000000819,setl_NQWPBEDEA4XPZW,422800,8456,1522,0,412822,2026-08-03
20000000-0000-4000-8000-000000000820,10000000-0000-4000-8000-000000000820,setl_4OUV73L5KKYNLC,440200,8804,1585,0,429811,2026-06-18
20000000-0000-4000-8000-000000000821,10000000-0000-4000-8000-000000000821,setl_HSH1GRG946BKCR,577300,11546,2078,0,563676,2026-06-13
20000000-0000-4000-8000-000000000822,10000000-0000-4000-8000-000000000822,setl_D8WGE3ZIEXOGXV,390700,7814,1407,0,381479,2026-08-09
20000000-0000-4000-8000-000000000823,10000000-0000-4000-8000-000000000823,setl_E6GR37PVCF4US3,388400,7768,1398,0,379234,2026-08-21
20000000-0000-4000-8000-000000000824,10000000-0000-4000-8000-000000000824,setl_OTQLV7RXT4QX20,106100,2122,382,0,103596,2026-06-24
20000000-0000-4000-8000-000000000825,10000000-0000-4000-8000-000000000825,setl_1YRICVKMV4HMM0,643500,12870,2317,0,628313,2026-08-25
20000000-0000-4000-8000-000000000826,10000000-0000-4000-8000-000000000826,setl_1SR8CPENM5UN7D,609700,12194,2195,0,595311,2026-06-04
20000000-0000-4000-8000-000000000827,10000000-0000-4000-8000-000000000827,setl_GROJ95TCY7SXP2,1058000,21160,3809,0,1033031,2026-07-21
20000000-0000-4000-8000-000000000828,10000000-0000-4000-8000-000000000828,setl_QN3BZNHWCLO2D8,272700,5454,982,0,266264,2026-06-14
20000000-0000-4000-8000-000000000829,10000000-0000-4000-8000-000000000829,setl_OBB8W63QBVQCHN,65700,1314,237,0,64149,2026-06-02
20000000-0000-4000-8000-000000000830,10000000-0000-4000-8000-000000000830,setl_WC279IGFFEN167,1383400,27668,4980,0,1350752,2026-08-27
20000000-0000-4000-8000-000000000832,10000000-0000-4000-8000-000000000832,setl_KSGSRA6WB4KPBU,544700,10894,1961,0,531845,2026-07-03
20000000-0000-4000-8000-000000000833,10000000-0000-4000-8000-000000000833,setl_6QH7131PL1TKRK,842500,16850,3033,0,822617,2026-07-21
20000000-0000-4000-8000-000000000834,10000000-0000-4000-8000-000000000834,setl_94WAH3QO2CNQ8D,1204800,24096,4337,0,1176367,2026-07-23
20000000-0000-4000-8000-000000000835,10000000-0000-4000-8000-000000000835,setl_QI1YMUFXWT4SNH,1473100,29462,5303,0,1438335,2026-08-29
20000000-0000-4000-8000-000000000836,10000000-0000-4000-8000-000000000836,setl_BTXJUVRM28R3XM,1216800,24336,4380,0,1188084,2026-07-14
20000000-0000-4000-8000-000000000837,10000000-0000-4000-8000-000000000837,setl_07V4GXOH4R0D3F,1201600,36048,6489,0,1159063,2026-06-09
20000000-0000-4000-8000-000000000838,10000000-0000-4000-8000-000000000838,setl_PZRV2H24P1AVFT,134400,2688,484,0,131228,2026-06-22
20000000-0000-4000-8000-000000000839,10000000-0000-4000-8000-000000000839,setl_BZXAI9IINELGVD,946200,18924,3406,0,923870,2026-06-26
20000000-0000-4000-8000-000000000840,10000000-0000-4000-8000-000000000840,setl_PBQMY3OC9G6MQ9,496600,9932,1788,0,484880,2026-06-30
20000000-0000-4000-8000-000000000841,10000000-0000-4000-8000-000000000841,setl_HYWFCDV3U48T5E,340100,6802,1224,0,332074,2026-08-30
20000000-0000-4000-8000-000000000842,10000000-0000-4000-8000-000000000842,setl_G2MIRXC55L1P1D,572000,11440,2059,0,558501,2026-07-11
20000000-0000-4000-8000-000000000843,10000000-0000-4000-8000-000000000843,setl_CLF0XSZ6XJ3ANQ,1280600,25612,4610,0,1250378,2026-08-24
20000000-0000-4000-8000-000000000844,10000000-0000-4000-8000-000000000844,setl_0E5H0E8BCAOKPM,432600,8652,1557,0,422391,2026-06-05
20000000-0000-4000-8000-000000000845,10000000-0000-4000-8000-000000000845,setl_SP89UKAI77LX95,108600,2172,391,0,106037,2026-06-10
20000000-0000-4000-8000-000000000846,10000000-0000-4000-8000-000000000846,setl_KL19Z9E076WYK3,289500,5790,1042,0,282668,2026-06-12
20000000-0000-4000-8000-000000000847,10000000-0000-4000-8000-000000000847,setl_F8VD3RRJ1CMDRM,529900,10598,1908,0,517394,2026-06-11
20000000-0000-4000-8000-000000000848,10000000-0000-4000-8000-000000000848,setl_XVDN0A59WAGP51,1497300,52406,9433,0,1435461,2026-06-04
20000000-0000-4000-8000-000000000849,10000000-0000-4000-8000-000000000849,setl_N4LZ65HUJ8KASI,1086700,21734,3912,0,1061054,2026-07-24
20000000-0000-4000-8000-000000000850,10000000-0000-4000-8000-000000000850,setl_QVV4WVX12I21IH,824800,16496,2969,0,805335,2026-06-08
20000000-0000-4000-8000-000000000851,10000000-0000-4000-8000-000000000851,setl_V4WMTQ9FXPT6QP,1028600,20572,3703,0,1004325,2026-06-02
20000000-0000-4000-8000-000000000852,10000000-0000-4000-8000-000000000852,setl_INRJOHTRFOZLAF,1181800,35454,6382,0,1139964,2026-08-16
20000000-0000-4000-8000-000000000853,10000000-0000-4000-8000-000000000853,setl_FFZL60D97IBFAQ,844300,16886,3039,0,824375,2026-08-28
20000000-0000-4000-8000-000000000854,10000000-0000-4000-8000-000000000854,setl_JL7MHEK99L1G2U,835700,16714,3009,0,815977,2026-08-12
20000000-0000-4000-8000-000000000855,10000000-0000-4000-8000-000000000855,setl_S8I2GKMCML5UGD,1415100,28302,5094,0,1381704,2026-08-14
20000000-0000-4000-8000-000000000856,10000000-0000-4000-8000-000000000856,setl_DAD46Y07BONN44,1146000,22920,4126,0,1118954,2026-06-10
20000000-0000-4000-8000-000000000857,10000000-0000-4000-8000-000000000857,setl_XGD3UEX1ERGWT2,155300,3106,559,0,151635,2026-07-21
20000000-0000-4000-8000-000000000858,10000000-0000-4000-8000-000000000858,setl_LHTY2LTUBRW62W,1245200,24904,4483,0,1215813,2026-06-24
20000000-0000-4000-8000-000000000859,10000000-0000-4000-8000-000000000859,setl_XJ72I2DPGPJ4WD,721400,14428,2597,0,704375,2026-07-12
20000000-0000-4000-8000-000000000860,10000000-0000-4000-8000-000000000860,setl_SM897JHHZLYRAQ,522400,10448,1881,0,510071,2026-08-07
20000000-0000-4000-8000-000000000861,10000000-0000-4000-8000-000000000861,setl_LHIYMGDMWJ7DYK,494000,9880,1778,0,482342,2026-06-18
20000000-0000-4000-8000-000000000862,10000000-0000-4000-8000-000000000862,setl_3LFQGH53VQAL7J,608300,12166,2190,0,593944,2026-06-04
20000000-0000-4000-8000-000000000863,10000000-0000-4000-8000-000000000863,setl_H83MH8QGKNHX3V,1424100,28482,5127,0,1390491,2026-07-08
20000000-0000-4000-8000-000000000864,10000000-0000-4000-8000-000000000864,setl_XLUN6UFCR5LVWQ,1267000,25340,4561,0,1237099,2026-08-25
20000000-0000-4000-8000-000000000865,10000000-0000-4000-8000-000000000865,setl_PSHYNNKB47Y7M8,1307700,26154,4708,0,1276838,2026-06-29
20000000-0000-4000-8000-000000000866,10000000-0000-4000-8000-000000000866,setl_JEF3WO9EKL6DXJ,1331900,26638,4795,0,1300467,2026-08-22
20000000-0000-4000-8000-000000000867,10000000-0000-4000-8000-000000000867,setl_WFN55LK9UAWWPV,1195000,23900,4302,0,1166798,2026-08-05
20000000-0000-4000-8000-000000000868,10000000-0000-4000-8000-000000000868,setl_E1VO8S37NT0HDF,1000600,20012,3602,0,976986,2026-06-08
20000000-0000-4000-8000-000000000869,10000000-0000-4000-8000-000000000869,setl_M0GZ8TBF8AWSTY,561400,11228,2021,0,548151,2026-08-13
20000000-0000-4000-8000-000000000870,10000000-0000-4000-8000-000000000870,setl_8QZJNIUZ04TMWQ,138100,2762,497,0,134841,2026-07-09
20000000-0000-4000-8000-000000000872,10000000-0000-4000-8000-000000000872,setl_16C7I7MVSV91YF,921500,18430,3317,0,899753,2026-07-01
20000000-0000-4000-8000-000000000873,10000000-0000-4000-8000-000000000873,setl_J4MPLIXMEVAYK8,156600,3132,564,0,152904,2026-08-06
20000000-0000-4000-8000-000000000874,10000000-0000-4000-8000-000000000874,setl_8RLR4GVOH6DIHR,1011400,20228,3641,0,987531,2026-08-15
20000000-0000-4000-8000-000000000875,10000000-0000-4000-8000-000000000875,setl_5FM8TBTM5PABZ1,672500,13450,2421,0,656629,2026-07-21
20000000-0000-4000-8000-000000000877,10000000-0000-4000-8000-000000000877,setl_KY2NQH6FATLY4W,906300,22658,4078,0,879564,2026-07-02
20000000-0000-4000-8000-000000000878,10000000-0000-4000-8000-000000000878,setl_S9X1E2DNHYOG3S,573000,11460,2063,0,559477,2026-08-29
20000000-0000-4000-8000-000000000879,10000000-0000-4000-8000-000000000879,setl_6153X7S445Y4TS,593200,11864,2136,0,579200,2026-08-05
20000000-0000-4000-8000-000000000880,10000000-0000-4000-8000-000000000880,setl_R60MDX1ZR99TGS,100200,2004,361,0,97835,2026-07-14
20000000-0000-4000-8000-000000000881,10000000-0000-4000-8000-000000000881,setl_AZDYO04LYYEXBV,987700,19754,3556,0,964390,2026-08-29
20000000-0000-4000-8000-000000000882,10000000-0000-4000-8000-000000000882,setl_9SN3EZ22U4SJZ1,61800,1236,222,0,60342,2026-07-11
20000000-0000-4000-8000-000000000883,10000000-0000-4000-8000-000000000883,setl_MPMZ69IM32SJBS,83700,1674,301,0,81725,2026-08-16
20000000-0000-4000-8000-000000000884,10000000-0000-4000-8000-000000000884,setl_A4QRY3VVVF70UJ,945700,18914,3405,0,923381,2026-08-04
20000000-0000-4000-8000-000000000885,10000000-0000-4000-8000-000000000885,setl_YJ321RN22R7BPJ,323300,6466,1164,0,315670,2026-07-04
20000000-0000-4000-8000-000000000886,10000000-0000-4000-8000-000000000886,setl_MP1HXRIBXAL1LX,472800,9456,1702,0,461642,2026-08-19
20000000-0000-4000-8000-000000000887,10000000-0000-4000-8000-000000000887,setl_ROC90VFAQ6VZNA,1057300,21146,3806,0,1032348,2026-06-14
20000000-0000-4000-8000-000000000888,10000000-0000-4000-8000-000000000888,setl_1IQ76PR77NTHGE,544800,10896,1961,0,531943,2026-06-03
20000000-0000-4000-8000-000000000889,10000000-0000-4000-8000-000000000889,setl_JWJURRK71VXC8A,454600,9092,1637,0,443871,2026-06-20
20000000-0000-4000-8000-000000000890,10000000-0000-4000-8000-000000000890,setl_WXRB00XP27J432,307300,6146,1106,0,300048,2026-07-25
20000000-0000-4000-8000-000000000891,10000000-0000-4000-8000-000000000891,setl_Z9J9L4MYIYHUIV,1320600,26412,4754,0,1289434,2026-06-21
20000000-0000-4000-8000-000000000892,10000000-0000-4000-8000-000000000892,setl_KS93F4KZL67VR9,252000,5040,907,0,246053,2026-07-20
20000000-0000-4000-8000-000000000893,10000000-0000-4000-8000-000000000893,setl_W1HF0AI1Q0IP85,1141800,22836,4110,0,1114854,2026-08-14
20000000-0000-4000-8000-000000000894,10000000-0000-4000-8000-000000000894,setl_D4N1924HYEF2L0,758000,15160,2729,0,740111,2026-08-29
20000000-0000-4000-8000-000000000895,10000000-0000-4000-8000-000000000895,setl_8BX3UW0YE3X3HX,520700,10414,1875,0,508411,2026-08-12
20000000-0000-4000-8000-000000000896,10000000-0000-4000-8000-000000000896,setl_ERU2PCOT0NZ2G8,886800,17736,3192,0,865872,2026-07-13
20000000-0000-4000-8000-000000000897,10000000-0000-4000-8000-000000000897,setl_6AZH7PGSRD1I3G,1237500,24750,4455,0,1208295,2026-07-30
20000000-0000-4000-8000-000000000898,10000000-0000-4000-8000-000000000898,setl_COVY86DLZWYBAR,102500,2050,369,0,100081,2026-08-26
20000000-0000-4000-8000-000000000899,10000000-0000-4000-8000-000000000899,setl_NOM23RGUCBFNXR,919600,18392,3311,0,897897,2026-07-24
20000000-0000-4000-8000-000000000900,10000000-0000-4000-8000-000000000900,setl_YERXTH6X287YGB,843400,16868,3036,0,823496,2026-07-01
20000000-0000-4000-8000-000000000901,10000000-0000-4000-8000-000000000901,setl_DXD9QDAKG8RHCL,159800,3196,575,0,156029,2026-06-23
20000000-0000-4000-8000-000000000902,10000000-0000-4000-8000-000000000902,setl_U6NYT3HOL1L57W,954900,19098,3438,0,932364,2026-07-31
20000000-0000-4000-8000-000000000903,10000000-0000-4000-8000-000000000903,setl_TP4QXL6QPHX3SB,970600,19412,3494,0,947694,2026-06-05
20000000-0000-4000-8000-000000000904,10000000-0000-4000-8000-000000000904,setl_917V3M13O1BSH3,1396300,27926,5027,0,1363347,2026-07-15
20000000-0000-4000-8000-000000000905,10000000-0000-4000-8000-000000000905,setl_FZYOQJSNURDZFD,223100,4462,803,0,217835,2026-07-12
20000000-0000-4000-8000-000000000906,10000000-0000-4000-8000-000000000906,setl_KD9847MVO9KWMO,1081300,21626,3893,0,1055781,2026-06-21
20000000-0000-4000-8000-000000000907,10000000-0000-4000-8000-000000000907,setl_AJ80CSB57VVJ0N,815200,16304,2935,0,795961,2026-06-12
20000000-0000-4000-8000-000000000908,10000000-0000-4000-8000-000000000908,setl_KUDS01AAGITS69,411600,8232,1482,0,401886,2026-07-13
20000000-0000-4000-8000-000000000909,10000000-0000-4000-8000-000000000909,setl_D3TTVGTEKT3DHE,727300,14546,2618,0,710136,2026-07-31
20000000-0000-4000-8000-000000000910,10000000-0000-4000-8000-000000000910,setl_VYBYGMGIEKJTI0,190300,3806,685,0,185809,2026-07-19
20000000-0000-4000-8000-000000000911,10000000-0000-4000-8000-000000000911,setl_LPEB94SARSAS6G,1100200,22004,3961,0,1074235,2026-07-24
20000000-0000-4000-8000-000000000912,10000000-0000-4000-8000-000000000912,setl_BGGBAXRBI1DDM6,805000,16100,2898,0,786002,2026-08-10
20000000-0000-4000-8000-000000000913,10000000-0000-4000-8000-000000000913,setl_W51LR2KYXBQD30,1164500,23290,4192,0,1137018,2026-07-28
20000000-0000-4000-8000-000000000914,10000000-0000-4000-8000-000000000914,setl_YMRIXPTKD26A1A,112400,2248,405,0,109747,2026-06-23
20000000-0000-4000-8000-000000000915,10000000-0000-4000-8000-000000000915,setl_5BAVOTVZG86DQ8,587300,11746,2114,0,573440,2026-06-16
20000000-0000-4000-8000-000000000916,10000000-0000-4000-8000-000000000916,setl_UI78DF9SSEQ7WU,285600,5712,1028,0,278860,2026-07-21
20000000-0000-4000-8000-000000000917,10000000-0000-4000-8000-000000000917,setl_5LDMKMK9U9MVCU,705700,21171,3811,0,680718,2026-07-06
20000000-0000-4000-8000-000000000918,10000000-0000-4000-8000-000000000918,setl_O62C9J12PIIB2P,1469600,29392,5291,0,1434917,2026-08-04
20000000-0000-4000-8000-000000000919,10000000-0000-4000-8000-000000000919,setl_L7IJ90QL2D792H,569500,11390,2050,0,556060,2026-08-19
20000000-0000-4000-8000-000000000920,10000000-0000-4000-8000-000000000920,setl_9335MR83DE2NGT,616000,12320,2218,0,601462,2026-07-09
20000000-0000-4000-8000-000000000921,10000000-0000-4000-8000-000000000921,setl_9E8QONIH004Y63,393700,7874,1417,0,384409,2026-08-14
20000000-0000-4000-8000-000000000922,10000000-0000-4000-8000-000000000922,setl_MATVHYGQZT360A,143000,2860,515,0,139625,2026-06-29
20000000-0000-4000-8000-000000000923,10000000-0000-4000-8000-000000000923,setl_XJJUKQ22TS2OW5,581000,11620,2092,0,567288,2026-06-09
20000000-0000-4000-8000-000000000924,10000000-0000-4000-8000-000000000924,setl_78QA4WHOOBR88U,548300,10966,1974,0,535360,2026-06-16
20000000-0000-4000-8000-000000000925,10000000-0000-4000-8000-000000000925,setl_K5O3MZ4VQHBKNH,699000,13980,2516,0,682504,2026-08-20
20000000-0000-4000-8000-000000000926,10000000-0000-4000-8000-000000000926,setl_FZQC7XV9RHYKXG,1090900,21818,3927,0,1065155,2026-06-03
20000000-0000-4000-8000-000000000927,10000000-0000-4000-8000-000000000927,setl_NUABWM15GM80BG,487000,9740,1753,0,475507,2026-07-13
20000000-0000-4000-8000-000000000928,10000000-0000-4000-8000-000000000928,setl_XQ1BCTKAZ4YI2Y,838100,16762,3017,0,818321,2026-08-18
20000000-0000-4000-8000-000000000929,10000000-0000-4000-8000-000000000929,setl_PRRFOI0HLA4AX2,1375300,27506,4951,0,1342843,2026-06-21
20000000-0000-4000-8000-000000000930,10000000-0000-4000-8000-000000000930,setl_YFJYYCGWDL2KOV,1230500,24610,4430,0,1201460,2026-08-24
20000000-0000-4000-8000-000000000931,10000000-0000-4000-8000-000000000931,setl_8ZJ6D553QBKLM6,53200,1064,192,0,51944,2026-06-20
20000000-0000-4000-8000-000000000932,10000000-0000-4000-8000-000000000932,setl_IJJ654SU7YJTXJ,261400,5228,941,0,255231,2026-08-31
20000000-0000-4000-8000-000000000933,10000000-0000-4000-8000-000000000933,setl_6XW4HHJ4NBH944,152000,3040,547,0,148413,2026-07-22
20000000-0000-4000-8000-000000000934,10000000-0000-4000-8000-000000000934,setl_0YQ18G75E06QWF,1396900,27938,5029,0,1363933,2026-07-22
20000000-0000-4000-8000-000000000935,10000000-0000-4000-8000-000000000935,setl_60SI399UEY09AH,425800,8516,1533,0,415751,2026-07-25
20000000-0000-4000-8000-000000000936,10000000-0000-4000-8000-000000000936,setl_U5RBV6I2X4O5DB,1324000,26480,4766,0,1292754,2026-06-19
20000000-0000-4000-8000-000000000937,10000000-0000-4000-8000-000000000937,setl_4AF077GY3FY4G2,216500,4330,779,0,211391,2026-06-17
20000000-0000-4000-8000-000000000938,10000000-0000-4000-8000-000000000938,setl_EDR1OAI3A7TC2A,741300,14826,2669,0,723805,2026-07-20
20000000-0000-4000-8000-000000000939,10000000-0000-4000-8000-000000000939,setl_3QA7UQ10EA1ERV,496800,9936,1788,0,485076,2026-07-29
20000000-0000-4000-8000-000000000941,10000000-0000-4000-8000-000000000941,setl_K6OP6XSA8RVJWH,1326500,26530,4775,0,1295195,2026-06-06
20000000-0000-4000-8000-000000000942,10000000-0000-4000-8000-000000000942,setl_5TZ9WF55R0ZB6M,429000,8580,1544,0,418876,2026-07-08
20000000-0000-4000-8000-000000000943,10000000-0000-4000-8000-000000000943,setl_QEW0RJAOKYMJYG,872100,17442,3140,0,851518,2026-07-06
20000000-0000-4000-8000-000000000944,10000000-0000-4000-8000-000000000944,setl_PP55BYJO7C5QVO,1059800,21196,3815,0,1034789,2026-07-24
20000000-0000-4000-8000-000000000945,10000000-0000-4000-8000-000000000945,setl_MZYL25K7IFQNC8,1074900,21498,3870,0,1049532,2026-07-05
20000000-0000-4000-8000-000000000946,10000000-0000-4000-8000-000000000946,setl_F4S7YS7W073PLJ,83900,1678,302,0,81920,2026-07-27
20000000-0000-4000-8000-000000000947,10000000-0000-4000-8000-000000000947,setl_99FR8QOOEGE1GT,1158200,23164,4170,0,1130866,2026-08-13
20000000-0000-4000-8000-000000000948,10000000-0000-4000-8000-000000000948,setl_NYU7GZY58ETB3K,1423600,28472,5125,0,1390003,2026-08-03
20000000-0000-4000-8000-000000000949,10000000-0000-4000-8000-000000000949,setl_WC4WAKEF72AKTV,115000,2300,414,0,112286,2026-06-20
20000000-0000-4000-8000-000000000950,10000000-0000-4000-8000-000000000950,setl_WU55C5WBQALHA8,1219400,24388,4390,0,1190622,2026-08-04
20000000-0000-4000-8000-000000000951,10000000-0000-4000-8000-000000000951,setl_DB6YA1HB1VBU6I,136700,4101,738,0,131861,2026-08-02
20000000-0000-4000-8000-000000000952,10000000-0000-4000-8000-000000000952,setl_G29VQYGA6IL5QH,972300,19446,3500,0,949354,2026-07-23
20000000-0000-4000-8000-000000000953,10000000-0000-4000-8000-000000000953,setl_RSLSDJ1YXWEU4H,253900,5078,914,0,247908,2026-07-17
20000000-0000-4000-8000-000000000954,10000000-0000-4000-8000-000000000954,setl_N5CDW9PAJMFOTE,819400,16388,2950,0,800062,2026-08-28
20000000-0000-4000-8000-000000000955,10000000-0000-4000-8000-000000000955,setl_5QACTT4MYKKWDD,551700,11034,1986,0,538680,2026-06-11
20000000-0000-4000-8000-000000000956,10000000-0000-4000-8000-000000000956,setl_5XSLKGFZ9YETB1,690000,13800,2484,0,673716,2026-07-28
20000000-0000-4000-8000-000000000957,10000000-0000-4000-8000-000000000957,setl_WS8X7GFL42MG9Q,51600,1032,186,0,50382,2026-06-30
20000000-0000-4000-8000-000000000958,10000000-0000-4000-8000-000000000958,setl_DXOTOOK1OMNWKC,1058400,21168,3810,0,1033422,2026-07-23
20000000-0000-4000-8000-000000000960,10000000-0000-4000-8000-000000000960,setl_2MHI7O3HKVPLMT,135600,4068,732,0,130800,2026-06-19
20000000-0000-4000-8000-000000000961,10000000-0000-4000-8000-000000000961,setl_1COXPY5J3SPSQE,1219100,24382,4389,0,1190329,2026-07-13
20000000-0000-4000-8000-000000000962,10000000-0000-4000-8000-000000000962,setl_BM94SL42U1HQUB,966300,19326,3479,0,943495,2026-07-28
20000000-0000-4000-8000-000000000964,10000000-0000-4000-8000-000000000964,setl_ZQ6P4SRNKRB2UJ,77100,1542,278,0,75280,2026-06-20
20000000-0000-4000-8000-000000000965,10000000-0000-4000-8000-000000000965,setl_5405TQSYQQTL5A,362600,7252,1305,0,354043,2026-08-04
20000000-0000-4000-8000-000000000966,10000000-0000-4000-8000-000000000966,setl_MQZ300WZMAGE3W,178500,3570,643,0,174287,2026-07-26
20000000-0000-4000-8000-000000000967,10000000-0000-4000-8000-000000000967,setl_OK7KYCKN6DYLDE,1040900,20818,3747,0,1016335,2026-07-08
20000000-0000-4000-8000-000000000968,10000000-0000-4000-8000-000000000968,setl_ESTL7JMREVK3ST,1001500,20030,3605,0,977865,2026-06-05
20000000-0000-4000-8000-000000000969,10000000-0000-4000-8000-000000000969,setl_Y7WPG8E5K1R2TD,256300,5126,923,0,250251,2026-08-12
20000000-0000-4000-8000-000000000970,10000000-0000-4000-8000-000000000970,setl_SPTP7NF5SJEIGT,469300,9386,1689,0,458225,2026-08-28
20000000-0000-4000-8000-000000000971,10000000-0000-4000-8000-000000000971,setl_ML0XW0HIJA6BX7,294000,5880,1058,0,287062,2026-06-25
20000000-0000-4000-8000-000000000972,10000000-0000-4000-8000-000000000972,setl_GZ18YUZQNHG2KL,130000,2600,468,0,126932,2026-08-01
20000000-0000-4000-8000-000000000973,10000000-0000-4000-8000-000000000973,setl_37TDGXJA6YBLH4,1419800,28396,5111,0,1386293,2026-08-03
20000000-0000-4000-8000-000000000974,10000000-0000-4000-8000-000000000974,setl_234W4FM3420Q23,529100,10582,1905,0,516613,2026-08-11
20000000-0000-4000-8000-000000000975,10000000-0000-4000-8000-000000000975,setl_7MKJ1696AS6TTT,194000,3880,698,0,189422,2026-08-25
20000000-0000-4000-8000-000000000976,10000000-0000-4000-8000-000000000976,setl_LGN7FZIBDMKTAL,310200,6204,1117,0,302879,2026-06-23
20000000-0000-4000-8000-000000000977,10000000-0000-4000-8000-000000000977,setl_J4XQQDU06UFX75,1203200,24064,4332,0,1174804,2026-08-12
20000000-0000-4000-8000-000000000978,10000000-0000-4000-8000-000000000978,setl_AG1T6HIBOY7RRY,1382500,27650,4977,0,1349873,2026-08-02
20000000-0000-4000-8000-000000000979,10000000-0000-4000-8000-000000000979,setl_ORDPUOPGFZXX69,378600,7572,1363,0,369665,2026-08-06
20000000-0000-4000-8000-000000000980,10000000-0000-4000-8000-000000000980,setl_D8T10FX4SPLY7M,83100,1662,299,0,81139,2026-08-03
20000000-0000-4000-8000-000000000981,10000000-0000-4000-8000-000000000981,setl_IA2QNJXJZ8ISBC,912200,18244,3284,0,890672,2026-06-14
20000000-0000-4000-8000-000000000982,10000000-0000-4000-8000-000000000982,setl_93KH3H1G9YSAUE,1478500,29570,5323,0,1443607,2026-08-31
20000000-0000-4000-8000-000000000983,10000000-0000-4000-8000-000000000983,setl_7BCQQO7BGAXIZL,1409400,28188,5074,0,1376138,2026-07-07
20000000-0000-4000-8000-000000000984,10000000-0000-4000-8000-000000000984,setl_73N9F8XG6KHADI,565900,11318,2037,0,552545,2026-06-20
20000000-0000-4000-8000-000000000985,10000000-0000-4000-8000-000000000985,setl_TRCYYWH189UXBU,905300,18106,3259,0,883935,2026-07-30
20000000-0000-4000-8000-000000000986,10000000-0000-4000-8000-000000000986,setl_XOL6HZDWD5C75G,74800,1496,269,0,73035,2026-08-13
20000000-0000-4000-8000-000000000987,10000000-0000-4000-8000-000000000987,setl_WHVF1HQJLZH9OA,1347000,26940,4849,0,1315211,2026-06-20
20000000-0000-4000-8000-000000000988,10000000-0000-4000-8000-000000000988,setl_GHWLGQOYM8BSLT,149400,4482,807,0,144111,2026-07-20
20000000-0000-4000-8000-000000000989,10000000-0000-4000-8000-000000000989,setl_IFUH82QCFREILZ,1258400,25168,4530,0,1228702,2026-07-13
20000000-0000-4000-8000-000000000990,10000000-0000-4000-8000-000000000990,setl_Y4RAWW7ZW2AGRC,1087100,21742,3914,0,1061444,2026-07-21
20000000-0000-4000-8000-000000000991,10000000-0000-4000-8000-000000000991,setl_DSMDUUVYQ9B1N7,281100,9839,1771,0,269490,2026-08-01
20000000-0000-4000-8000-000000000992,10000000-0000-4000-8000-000000000992,setl_87COWKAO3FQ7AN,727400,14548,2619,0,710233,2026-07-10
20000000-0000-4000-8000-000000000993,10000000-0000-4000-8000-000000000993,setl_NY8MZCHZ1HKN2V,507000,10140,1825,0,495035,2026-07-24
20000000-0000-4000-8000-000000000994,10000000-0000-4000-8000-000000000994,setl_A6UQ9F27SJCNFQ,1439700,28794,5183,0,1405723,2026-06-18
20000000-0000-4000-8000-000000000995,10000000-0000-4000-8000-000000000995,setl_5N7F9LTUOZMVNK,1469700,29394,5291,0,1435015,2026-08-14
20000000-0000-4000-8000-000000000996,10000000-0000-4000-8000-000000000996,setl_54V43RD16NJ1Z8,1374100,41223,7420,0,1325457,2026-08-12
20000000-0000-4000-8000-000000000997,10000000-0000-4000-8000-000000000997,setl_7F8ND40QAKTBQR,1277200,25544,4598,0,1247058,2026-08-23
20000000-0000-4000-8000-000000000998,10000000-0000-4000-8000-000000000998,setl_WZUVQEC7DXE2IF,1400300,28006,5041,0,1367253,2026-07-25
20000000-0000-4000-8000-000000000999,10000000-0000-4000-8000-000000000999,setl_FBDN2GWWPR1Q9Z,456000,9120,1642,0,445238,2026-07-17
20000000-0000-4000-8000-000000001000,10000000-0000-4000-8000-000000001000,setl_JZS9ONVA0WDYM3,479600,9592,1727,0,468281,2026-06-29
20000000-0000-4000-8000-000000001001,10000000-0000-4000-8000-000000001001,setl_DG9VGNEY4RNBG2,445900,8918,1605,0,435377,2026-06-21
20000000-0000-4000-8000-000000001002,10000000-0000-4000-8000-000000001002,setl_I4LB7U2UVZFJG5,618900,12378,2228,0,604294,2026-08-20
20000000-0000-4000-8000-000000001003,10000000-0000-4000-8000-000000001003,setl_5FJ65YMCIN1ULA,638300,12766,2298,0,623236,2026-07-27
20000000-0000-4000-8000-000000001004,10000000-0000-4000-8000-000000001004,setl_36422IDC5VIRII,1216900,24338,4381,0,1188181,2026-08-12
20000000-0000-4000-8000-000000001005,10000000-0000-4000-8000-000000001005,setl_KGIJBNUSNLCSVW,422700,8454,1522,0,412724,2026-08-12
20000000-0000-4000-8000-000000001006,10000000-0000-4000-8000-000000001006,setl_U9DUD85ZYCKEWR,330900,6618,1191,0,323091,2026-08-03
20000000-0000-4000-8000-000000001007,10000000-0000-4000-8000-000000001007,setl_GCZOV6HIJUMEWT,345500,6910,1244,0,337346,2026-07-25
20000000-0000-4000-8000-000000001008,10000000-0000-4000-8000-000000001008,setl_DYTGXU007BBMPX,511000,10220,1840,0,498940,2026-06-16
20000000-0000-4000-8000-000000001009,10000000-0000-4000-8000-000000001009,setl_O4X85IF62RUE6E,415200,8304,1495,0,405401,2026-06-29
20000000-0000-4000-8000-000000001010,10000000-0000-4000-8000-000000001010,setl_KXN0396W32VAAD,651400,13028,2345,0,636027,2026-07-29
20000000-0000-4000-8000-000000001011,10000000-0000-4000-8000-000000001011,setl_KT5W7CLSVOPTNN,770600,15412,2774,0,752414,2026-06-24
20000000-0000-4000-8000-000000001012,10000000-0000-4000-8000-000000001012,setl_FBZIRWOCQJR6VH,989900,19798,3564,0,966538,2026-08-08
20000000-0000-4000-8000-000000001013,10000000-0000-4000-8000-000000001013,setl_MW6XG6OIB5JOSC,950100,19002,3420,0,927678,2026-06-04
20000000-0000-4000-8000-000000001014,10000000-0000-4000-8000-000000001014,setl_B0R84UJMKOGHC9,1048900,20978,3776,0,1024146,2026-06-26
20000000-0000-4000-8000-000000001015,10000000-0000-4000-8000-000000001015,setl_MHVK8SSRI5ILHR,1102500,22050,3969,0,1076481,2026-07-07
20000000-0000-4000-8000-000000001016,10000000-0000-4000-8000-000000001016,setl_WG56WHLVJ8SMOF,1409700,28194,5075,0,1376431,2026-08-20
20000000-0000-4000-8000-000000001017,10000000-0000-4000-8000-000000001017,setl_R19F9WB0K4UU8D,1317300,26346,4742,0,1286212,2026-07-03
20000000-0000-4000-8000-000000001018,10000000-0000-4000-8000-000000001018,setl_JJPMEDA8N4Z9WD,1420500,28410,5114,0,1386976,2026-08-26
20000000-0000-4000-8000-000000001019,10000000-0000-4000-8000-000000001019,setl_1IXAOZJSOQD40C,1380800,27616,4971,0,1348213,2026-06-09
20000000-0000-4000-8000-000000001020,10000000-0000-4000-8000-000000001020,setl_251ODWBWQTVLUC,649700,12994,2339,0,634367,2026-07-22
20000000-0000-4000-8000-000000001021,10000000-0000-4000-8000-000000001021,setl_N249THSC1EJ65Q,1092600,21852,3933,0,1066815,2026-07-15
20000000-0000-4000-8000-000000001022,10000000-0000-4000-8000-000000001022,setl_ZG6FUFM82ZHPEA,1469100,29382,5289,0,1434429,2026-08-10
20000000-0000-4000-8000-000000001023,10000000-0000-4000-8000-000000001023,setl_W2BJ6FF07UGHP7,221400,4428,797,0,216175,2026-07-29
20000000-0000-4000-8000-000000001024,10000000-0000-4000-8000-000000001024,setl_9M22ERM5TZS9D8,1319800,26396,4751,0,1288653,2026-06-29
20000000-0000-4000-8000-000000001025,10000000-0000-4000-8000-000000001025,setl_V3V6F0DUQ0FNCL,265800,5316,957,0,259527,2026-07-07
20000000-0000-4000-8000-000000001026,10000000-0000-4000-8000-000000001026,setl_KQUCIPNLEVRG34,457700,9154,1648,0,446898,2026-08-25
20000000-0000-4000-8000-000000001027,10000000-0000-4000-8000-000000001027,setl_JQ6QPNPN728ZHZ,722600,14452,2601,0,705547,2026-06-02
20000000-0000-4000-8000-000000001028,10000000-0000-4000-8000-000000001028,setl_JABM8VC7HL6NHP,334300,6686,1203,0,326411,2026-06-13
20000000-0000-4000-8000-000000001029,10000000-0000-4000-8000-000000001029,setl_U3XML4T5D8K9T8,640900,12818,2307,0,625775,2026-07-21
20000000-0000-4000-8000-000000001030,10000000-0000-4000-8000-000000001030,setl_MSYQMNF8J0SU86,349700,6994,1259,0,341447,2026-06-15
20000000-0000-4000-8000-000000001031,10000000-0000-4000-8000-000000001031,setl_3DH9MSV7A3B0C5,349713,6994,1259,0,341460,2026-06-15
20000000-0000-4000-8000-000000001032,10000000-0000-4000-8000-000000001032,setl_MGVVLS3GXK8K46,399600,7992,1439,0,390169,2026-07-26
20000000-0000-4000-8000-000000001033,10000000-0000-4000-8000-000000001033,setl_QE0MCWWVD0OLQF,399598,7992,1439,0,390167,2026-07-26
20000000-0000-4000-8000-000000001034,10000000-0000-4000-8000-000000001034,setl_FGFP2GW2KULLKF,56900,1138,205,0,55557,2026-08-11
20000000-0000-4000-8000-000000001035,10000000-0000-4000-8000-000000001035,setl_BK90QG22DVX5UQ,56891,1138,205,0,55548,2026-08-11
20000000-0000-4000-8000-000000001036,10000000-0000-4000-8000-000000001036,setl_D4LM4JBEP30BNC,276900,5538,997,0,270365,2026-08-16
20000000-0000-4000-8000-000000001037,10000000-0000-4000-8000-000000001037,setl_IBSXIME1WLY3ME,276827,5537,997,0,270293,2026-08-16
20000000-0000-4000-8000-000000001038,10000000-0000-4000-8000-000000001038,setl_391VWAXTL4SJXC,947700,18954,3412,0,925334,2026-07-09
20000000-0000-4000-8000-000000001039,10000000-0000-4000-8000-000000001039,setl_33IR5E9LNLYXYF,947665,18953,3412,0,925300,2026-07-09
20000000-0000-4000-8000-000000001040,10000000-0000-4000-8000-000000001040,setl_3L329L6HLTE9YW,710200,14204,2557,0,693439,2026-07-02
20000000-0000-4000-8000-000000001041,10000000-0000-4000-8000-000000001041,setl_UBAJ35RIQW37TC,710143,14203,2557,0,693383,2026-07-02
20000000-0000-4000-8000-000000001042,10000000-0000-4000-8000-000000001042,setl_OHPXZN14RBHPA9,496000,9920,1786,0,484294,2026-07-21
20000000-0000-4000-8000-000000001043,10000000-0000-4000-8000-000000001043,setl_5JEE6P5ONYSYTL,495924,9918,1785,0,484221,2026-07-21
20000000-0000-4000-8000-000000001044,10000000-0000-4000-8000-000000001044,setl_RN7A7NACPY7CMS,1465000,29300,5274,0,1430426,2026-07-02
20000000-0000-4000-8000-000000001045,10000000-0000-4000-8000-000000001045,setl_CNTHFZPGPNEMYT,1465037,29301,5274,0,1430462,2026-07-02
20000000-0000-4000-8000-000000001046,10000000-0000-4000-8000-000000001046,setl_D66DEXIFH93QYB,831300,16626,2993,0,811681,2026-08-31
20000000-0000-4000-8000-000000001047,10000000-0000-4000-8000-000000001047,setl_G880NW0F3CSBUH,831309,16626,2993,0,811690,2026-08-31
20000000-0000-4000-8000-000000001048,10000000-0000-4000-8000-000000001048,setl_8LPU5G16GJYCYC,1144400,22888,4120,0,1117392,2026-06-18
20000000-0000-4000-8000-000000001049,10000000-0000-4000-8000-000000001049,setl_R95N28KXOSJVSV,1144387,22888,4120,0,1117379,2026-06-18
20000000-0000-4000-8000-000000001050,10000000-0000-4000-8000-000000001050,setl_D109RK7ZD9M0AF,736800,14736,2652,0,719412,2026-07-27
20000000-0000-4000-8000-000000001051,10000000-0000-4000-8000-000000001051,setl_CM60DGDJGT1QZJ,707200,14144,2546,0,690510,2026-08-20
20000000-0000-4000-8000-000000001052,10000000-0000-4000-8000-000000001052,setl_X7JD3M8TOHJFN1,1361700,27234,4902,0,1329564,2026-06-04
20000000-0000-4000-8000-000000001053,10000000-0000-4000-8000-000000001053,setl_YTVGAX0SI9ICA6,1145700,22914,4125,0,1118661,2026-06-08
20000000-0000-4000-8000-000000001054,10000000-0000-4000-8000-000000001054,setl_Q9854KYXCE6Q7X,1379500,27590,4966,0,1346944,2026-06-26
20000000-0000-4000-8000-000000001055,10000000-0000-4000-8000-000000001055,setl_9F3U4LBWG25AY0,265800,5316,957,0,259527,2026-08-09
20000000-0000-4000-8000-000000001056,10000000-0000-4000-8000-000000001056,setl_5SE9RLGDJ7WODY,387400,7748,1395,0,378257,2026-07-26
20000000-0000-4000-8000-000000001057,10000000-0000-4000-8000-000000001057,setl_K7A7K93S3OXNFW,1443300,28866,5196,0,1409238,2026-06-15
20000000-0000-4000-8000-000000001058,10000000-0000-4000-8000-000000001058,setl_OPTRTPEG7CY63F,779900,15598,2808,0,761494,2026-08-22
20000000-0000-4000-8000-000000001059,10000000-0000-4000-8000-000000001059,setl_8MGKHWEVSXHBZ6,919800,18396,3311,0,898093,2026-08-08
20000000-0000-4000-8000-000000001060,10000000-0000-4000-8000-000000001060,setl_QZ47V66GSFWMSQ,1108000,22160,3989,0,1081851,2026-06-07
20000000-0000-4000-8000-000000001061,10000000-0000-4000-8000-000000001061,setl_6NIW5A7KYGL4BM,1201300,24026,4325,0,1172949,2026-08-23
20000000-0000-4000-8000-000000001062,10000000-0000-4000-8000-000000001062,setl_CUOUVW8KVOFLHV,1095800,21916,3945,0,1069939,2026-06-03
20000000-0000-4000-8000-000000001063,10000000-0000-4000-8000-000000001063,setl_K2RAS846L2A45H,355600,7112,1280,0,347208,2026-07-20
20000000-0000-4000-8000-000000001064,10000000-0000-4000-8000-000000001064,setl_H4UJ70GYVDPT6P,697400,13948,2511,0,680941,2026-06-07
20000000-0000-4000-8000-000000001065,10000000-0000-4000-8000-000000001065,setl_MNTXBJ31DNOW9D,1001900,20038,3607,0,978255,2026-07-20
20000000-0000-4000-8000-000000001066,10000000-0000-4000-8000-000000001066,setl_4P3X8VVECJMYXG,297200,5944,1070,0,290186,2026-07-30
20000000-0000-4000-8000-000000001067,10000000-0000-4000-8000-000000001067,setl_3I8D2A9RW3HTAS,752900,15058,2710,0,735132,2026-06-11
20000000-0000-4000-8000-000000001068,10000000-0000-4000-8000-000000001068,setl_AYC1Y4YHGA6RPK,393100,7862,1415,0,383823,2026-07-23
20000000-0000-4000-8000-000000001069,10000000-0000-4000-8000-000000001069,setl_7OEH90HA682KP8,1223500,24470,4405,0,1194625,2026-06-25
20000000-0000-4000-8000-000000001070,10000000-0000-4000-8000-000000001070,setl_ZV51Q1PAB1JRVI,1399300,27986,5037,0,1366277,2026-06-05
20000000-0000-4000-8000-000000001071,10000000-0000-4000-8000-000000001071,setl_TUJUDSH1BSR1OV,442000,8840,1591,0,431569,2026-06-28
20000000-0000-4000-8000-000000001072,10000000-0000-4000-8000-000000001072,setl_DWZJUC5RUS56YD,1277900,25558,4600,0,1247742,2026-08-27
20000000-0000-4000-8000-000000001073,10000000-0000-4000-8000-000000001073,setl_SCJ6PQEHYWHB2F,823900,16478,2966,0,804456,2026-07-31
20000000-0000-4000-8000-000000001074,10000000-0000-4000-8000-000000001074,setl_R7YPL1OUC89HVE,482000,9640,1735,0,470625,2026-06-20
20000000-0000-4000-8000-000000001075,10000000-0000-4000-8000-000000001075,setl_BUN9P1F9W25MFK,956500,19130,3443,0,933927,2026-06-18
20000000-0000-4000-8000-000000001076,10000000-0000-4000-8000-000000001076,setl_7XWYZR3CU26SDT,1292700,25854,4654,0,1262192,2026-07-16
20000000-0000-4000-8000-000000001077,10000000-0000-4000-8000-000000001077,setl_F4WGQ8G9P6D5JA,1094100,21882,3939,0,1068279,2026-08-26
20000000-0000-4000-8000-000000001078,10000000-0000-4000-8000-000000001078,setl_60Q75TFLWEST0H,839900,16798,3024,0,820078,2026-08-13
20000000-0000-4000-8000-000000001079,10000000-0000-4000-8000-000000001079,setl_URMHNAJ1L9MVF5,349900,6998,1260,0,341642,2026-07-25
